2026.04.07 14:42:03 INFO  Started: Metals version 1.6.6 in folders 'C:\Users\carol\Desktop\PROYETOS\PROYECTO_SENSORES_FABRICA\sensores' for client Visual Studio Code 1.114.0.
2026.04.07 14:42:03 INFO  Memory monitor started
2026.04.07 14:42:04 WARN  Using H2 2.4.240 which is newer than the version Flyway has been verified with. The latest verified version of H2 is 2.3.232.
2026.04.07 14:42:04 INFO  no build target found for C:\Users\carol\Desktop\PROYETOS\PROYECTO_SENSORES_FABRICA\sensores\src\main\java\com\example\sensores\model\SensorData.java. Using fallback presentation compiler.
2026.04.07 14:42:05 INFO  no build target found for C:\Users\carol\Desktop\PROYETOS\PROYECTO_SENSORES_FABRICA\sensores\src\main\java\com\example\sensores\model\SensorData.java. Using fallback presentation compiler.
2026.04.07 14:42:07 INFO  no build target found for C:\Users\carol\Desktop\PROYETOS\PROYECTO_SENSORES_FABRICA\sensores\src\main\java\com\example\sensores\model\SensorData.java. Using fallback presentation compiler.
2026.04.07 14:42:07 INFO  no build target found for C:\Users\carol\Desktop\PROYETOS\PROYECTO_SENSORES_FABRICA\sensores\src\main\java\com\example\sensores\model\SensorData.java. Using fallback presentation compiler.
2026.04.07 14:42:07 INFO  no build target found for C:\Users\carol\Desktop\PROYETOS\PROYECTO_SENSORES_FABRICA\sensores\src\main\java\com\example\sensores\model\SensorData.java. Using fallback presentation compiler.
2026.04.07 14:42:09 INFO  no build target found for C:\Users\carol\Desktop\PROYETOS\PROYECTO_SENSORES_FABRICA\sensores\src\main\java\com\example\sensores\model\SensorData.java. Using fallback presentation compiler.
2026.04.07 14:42:09 INFO  no build target found for C:\Users\carol\Desktop\PROYETOS\PROYECTO_SENSORES_FABRICA\sensores\src\main\java\com\example\sensores\model\SensorData.java. Using fallback presentation compiler.
2026.04.07 14:42:09 WARN  no build target for: C:\Users\carol\Desktop\PROYETOS\PROYECTO_SENSORES_FABRICA\sensores\src\main\java\com\example\sensores\model\SensorData.java
2026.04.07 14:42:09 INFO  no build target found for C:\Users\carol\Desktop\PROYETOS\PROYECTO_SENSORES_FABRICA\sensores\src\main\java\com\example\sensores\model\SensorData.java. Using fallback presentation compiler.
2026.04.07 14:42:10 INFO  no build target found for C:\Users\carol\Desktop\PROYETOS\PROYECTO_SENSORES_FABRICA\sensores\src\main\java\com\example\sensores\model\SensorData.java. Using fallback presentation compiler.
2026.04.07 14:42:10 INFO  no build target found for C:\Users\carol\Desktop\PROYETOS\PROYECTO_SENSORES_FABRICA\sensores\src\main\java\com\example\sensores\model\SensorData.java. Using fallback presentation compiler.
2026.04.07 14:42:10 INFO  no build target found for C:\Users\carol\Desktop\PROYETOS\PROYECTO_SENSORES_FABRICA\sensores\src\main\java\com\example\sensores\model\SensorData.java. Using fallback presentation compiler.
2026.04.07 14:42:10 INFO  no build target found for C:\Users\carol\Desktop\PROYETOS\PROYECTO_SENSORES_FABRICA\sensores\src\main\java\com\example\sensores\model\SensorData.java. Using fallback presentation compiler.
abr 07, 2026 2:42:11 P. M. org.eclipse.lsp4j.jsonrpc.RemoteEndpoint handleCancellation
WARNING: Unmatched cancel notification for request id 23
2026.04.07 14:42:10 INFO  no build target found for C:\Users\carol\Desktop\PROYETOS\PROYECTO_SENSORES_FABRICA\sensores\src\main\java\com\example\sensores\model\SensorData.java. Using fallback presentation compiler.
2026.04.07 14:42:10 INFO  no build target found for C:\Users\carol\Desktop\PROYETOS\PROYECTO_SENSORES_FABRICA\sensores\src\main\java\com\example\sensores\model\SensorData.java. Using fallback presentation compiler.
2026.04.07 14:42:13 INFO  no build target found for C:\Users\carol\Desktop\PROYETOS\PROYECTO_SENSORES_FABRICA\sensores\src\main\java\com\example\sensores\model\SensorData.java. Using fallback presentation compiler.
2026.04.07 14:42:13 INFO  no build target found for C:\Users\carol\Desktop\PROYETOS\PROYECTO_SENSORES_FABRICA\sensores\src\main\java\com\example\sensores\model\SensorData.java. Using fallback presentation compiler.
2026.04.07 14:42:13 INFO  no build target found for C:\Users\carol\Desktop\PROYETOS\PROYECTO_SENSORES_FABRICA\sensores\src\main\java\com\example\sensores\model\SensorData.java. Using fallback presentation compiler.
2026.04.07 14:42:13 INFO  no build target found for C:\Users\carol\Desktop\PROYETOS\PROYECTO_SENSORES_FABRICA\sensores\src\main\java\com\example\sensores\model\SensorData.java. Using fallback presentation compiler.
2026.04.07 14:42:14 INFO  no build target found for C:\Users\carol\Desktop\PROYETOS\PROYECTO_SENSORES_FABRICA\sensores\src\main\java\com\example\sensores\model\SensorData.java. Using fallback presentation compiler.
2026.04.07 14:42:13 INFO  no build target found for C:\Users\carol\Desktop\PROYETOS\PROYECTO_SENSORES_FABRICA\sensores\src\main\java\com\example\sensores\model\SensorData.java. Using fallback presentation compiler.
2026.04.07 14:42:13 INFO  no build target found for C:\Users\carol\Desktop\PROYETOS\PROYECTO_SENSORES_FABRICA\sensores\src\main\java\com\example\sensores\model\SensorData.java. Using fallback presentation compiler.
2026.04.07 14:42:13 INFO  no build target found for C:\Users\carol\Desktop\PROYETOS\PROYECTO_SENSORES_FABRICA\sensores\src\main\java\com\example\sensores\model\SensorData.java. Using fallback presentation compiler.
2026.04.07 14:42:14 WARN  no build target for: C:\Users\carol\Desktop\PROYETOS\PROYECTO_SENSORES_FABRICA\sensores\src\main\java\com\example\sensores\model\SensorData.java
2026.04.07 14:42:14 INFO  no build target found for C:\Users\carol\Desktop\PROYETOS\PROYECTO_SENSORES_FABRICA\sensores\src\main\java\com\example\sensores\model\SensorData.java. Using fallback presentation compiler.
2026.04.07 14:42:15 INFO  no build target found for C:\Users\carol\Desktop\PROYETOS\PROYECTO_SENSORES_FABRICA\sensores\src\main\java\com\example\sensores\model\SensorData.java. Using fallback presentation compiler.
2026.04.07 14:42:16 INFO  no build target found for C:\Users\carol\Desktop\PROYETOS\PROYECTO_SENSORES_FABRICA\sensores\src\main\java\com\example\sensores\model\SensorData.java. Using fallback presentation compiler.
2026.04.07 14:42:16 INFO  no build target found for C:\Users\carol\Desktop\PROYETOS\PROYECTO_SENSORES_FABRICA\sensores\src\main\java\com\example\sensores\model\SensorData.java. Using fallback presentation compiler.
2026.04.07 14:42:16 INFO  no build target found for C:\Users\carol\Desktop\PROYETOS\PROYECTO_SENSORES_FABRICA\sensores\src\main\java\com\example\sensores\model\SensorData.java. Using fallback presentation compiler.
2026.04.07 14:42:16 INFO  no build target found for C:\Users\carol\Desktop\PROYETOS\PROYECTO_SENSORES_FABRICA\sensores\src\main\java\com\example\sensores\model\SensorData.java. Using fallback presentation compiler.
2026.04.07 14:42:16 INFO  no build target found for C:\Users\carol\Desktop\PROYETOS\PROYECTO_SENSORES_FABRICA\sensores\src\main\java\com\example\sensores\model\SensorData.java. Using fallback presentation compiler.
abr 07, 2026 2:42:17 P. M. org.eclipse.lsp4j.jsonrpc.RemoteEndpoint handleCancellation
WARNING: Unmatched cancel notification for request id 47
2026.04.07 14:42:16 INFO  no build target found for C:\Users\carol\Desktop\PROYETOS\PROYECTO_SENSORES_FABRICA\sensores\src\main\java\com\example\sensores\model\SensorData.java. Using fallback presentation compiler.
2026.04.07 14:42:17 INFO  no build target found for C:\Users\carol\Desktop\PROYETOS\PROYECTO_SENSORES_FABRICA\sensores\src\main\java\com\example\sensores\model\SensorData.java. Using fallback presentation compiler.
2026.04.07 14:42:17 INFO  no build target found for C:\Users\carol\Desktop\PROYETOS\PROYECTO_SENSORES_FABRICA\sensores\src\main\java\com\example\sensores\model\SensorData.java. Using fallback presentation compiler.
2026.04.07 14:42:17 INFO  no build target found for C:\Users\carol\Desktop\PROYETOS\PROYECTO_SENSORES_FABRICA\sensores\src\main\java\com\example\sensores\model\SensorData.java. Using fallback presentation compiler.
2026.04.07 14:42:18 WARN  no build target for: C:\Users\carol\Desktop\PROYETOS\PROYECTO_SENSORES_FABRICA\sensores\src\main\java\com\example\sensores\model\SensorData.java
2026.04.07 14:42:18 INFO  no build target found for C:\Users\carol\Desktop\PROYETOS\PROYECTO_SENSORES_FABRICA\sensores\src\main\java\com\example\sensores\model\SensorData.java. Using fallback presentation compiler.
2026.04.07 14:42:17 INFO  no build target found for C:\Users\carol\Desktop\PROYETOS\PROYECTO_SENSORES_FABRICA\sensores\src\main\java\com\example\sensores\model\SensorData.java. Using fallback presentation compiler.
2026.04.07 14:42:17 INFO  no build target found for C:\Users\carol\Desktop\PROYETOS\PROYECTO_SENSORES_FABRICA\sensores\src\main\java\com\example\sensores\model\SensorData.java. Using fallback presentation compiler.
2026.04.07 14:42:18 INFO  no build target found for C:\Users\carol\Desktop\PROYETOS\PROYECTO_SENSORES_FABRICA\sensores\src\main\java\com\example\sensores\model\SensorData.java. Using fallback presentation compiler.
2026.04.07 14:42:18 INFO  no build target found for C:\Users\carol\Desktop\PROYETOS\PROYECTO_SENSORES_FABRICA\sensores\src\main\java\com\example\sensores\model\SensorData.java. Using fallback presentation compiler.
2026.04.07 14:42:18 INFO  no build target found for C:\Users\carol\Desktop\PROYETOS\PROYECTO_SENSORES_FABRICA\sensores\src\main\java\com\example\sensores\model\SensorData.java. Using fallback presentation compiler.
2026.04.07 14:42:21 INFO  no build target found for C:\Users\carol\Desktop\PROYETOS\PROYECTO_SENSORES_FABRICA\sensores\src\main\java\com\example\sensores\model\SensorData.java. Using fallback presentation compiler.
2026.04.07 14:42:21 INFO  no build target found for C:\Users\carol\Desktop\PROYETOS\PROYECTO_SENSORES_FABRICA\sensores\src\main\java\com\example\sensores\model\SensorData.java. Using fallback presentation compiler.
2026.04.07 14:42:21 INFO  no build target found for C:\Users\carol\Desktop\PROYETOS\PROYECTO_SENSORES_FABRICA\sensores\src\main\java\com\example\sensores\model\SensorData.java. Using fallback presentation compiler.
2026.04.07 14:42:22 INFO  no build target found for C:\Users\carol\Desktop\PROYETOS\PROYECTO_SENSORES_FABRICA\sensores\src\main\java\com\example\sensores\model\SensorData.java. Using fallback presentation compiler.
2026.04.07 14:42:21 INFO  no build target found for C:\Users\carol\Desktop\PROYETOS\PROYECTO_SENSORES_FABRICA\sensores\src\main\java\com\example\sensores\model\SensorData.java. Using fallback presentation compiler.
2026.04.07 14:42:22 WARN  no build target for: C:\Users\carol\Desktop\PROYETOS\PROYECTO_SENSORES_FABRICA\sensores\src\main\java\com\example\sensores\model\SensorData.java
2026.04.07 14:42:22 INFO  no build target found for C:\Users\carol\Desktop\PROYETOS\PROYECTO_SENSORES_FABRICA\sensores\src\main\java\com\example\sensores\model\SensorData.java. Using fallback presentation compiler.
2026.04.07 14:42:23 INFO  no build target found for C:\Users\carol\Desktop\PROYETOS\PROYECTO_SENSORES_FABRICA\sensores\src\main\java\com\example\sensores\model\SensorData.java. Using fallback presentation compiler.
2026.04.07 14:42:23 INFO  no build target found for C:\Users\carol\Desktop\PROYETOS\PROYECTO_SENSORES_FABRICA\sensores\src\main\java\com\example\sensores\model\SensorData.java. Using fallback presentation compiler.
2026.04.07 14:42:23 INFO  no build target found for C:\Users\carol\Desktop\PROYETOS\PROYECTO_SENSORES_FABRICA\sensores\src\main\java\com\example\sensores\model\SensorData.java. Using fallback presentation compiler.
2026.04.07 14:42:23 INFO  no build target found for C:\Users\carol\Desktop\PROYETOS\PROYECTO_SENSORES_FABRICA\sensores\src\main\java\com\example\sensores\model\SensorData.java. Using fallback presentation compiler.
2026.04.07 14:42:24 WARN  no build target for: C:\Users\carol\Desktop\PROYETOS\PROYECTO_SENSORES_FABRICA\sensores\src\main\java\com\example\sensores\model\SensorData.java
2026.04.07 14:42:24 INFO  no build target found for C:\Users\carol\Desktop\PROYETOS\PROYECTO_SENSORES_FABRICA\sensores\src\main\java\com\example\sensores\model\SensorData.java. Using fallback presentation compiler.
2026.04.07 14:43:27 INFO  no build target found for C:\Users\carol\Desktop\PROYETOS\PROYECTO_SENSORES_FABRICA\sensores\src\main\java\com\example\sensores\model\SensorData.java. Using fallback presentation compiler.
2026.04.07 14:43:27 INFO  no build target found for C:\Users\carol\Desktop\PROYETOS\PROYECTO_SENSORES_FABRICA\sensores\src\main\java\com\example\sensores\model\SensorData.java. Using fallback presentation compiler.
2026.04.07 14:43:27 INFO  no build target found for C:\Users\carol\Desktop\PROYETOS\PROYECTO_SENSORES_FABRICA\sensores\src\main\java\com\example\sensores\model\SensorData.java. Using fallback presentation compiler.
2026.04.07 14:43:29 INFO  no build target found for C:\Users\carol\Desktop\PROYETOS\PROYECTO_SENSORES_FABRICA\sensores\src\main\java\com\example\sensores\model\SensorData.java. Using fallback presentation compiler.
2026.04.07 14:43:30 INFO  no build target found for C:\Users\carol\Desktop\PROYETOS\PROYECTO_SENSORES_FABRICA\sensores\src\main\java\com\example\sensores\model\SensorData.java. Using fallback presentation compiler.
2026.04.07 14:43:30 INFO  no build target found for C:\Users\carol\Desktop\PROYETOS\PROYECTO_SENSORES_FABRICA\sensores\src\main\java\com\example\sensores\model\SensorData.java. Using fallback presentation compiler.
2026.04.07 14:43:30 INFO  no build target found for C:\Users\carol\Desktop\PROYETOS\PROYECTO_SENSORES_FABRICA\sensores\src\main\java\com\example\sensores\model\SensorData.java. Using fallback presentation compiler.
2026.04.07 14:43:30 INFO  no build target found for C:\Users\carol\Desktop\PROYETOS\PROYECTO_SENSORES_FABRICA\sensores\src\main\java\com\example\sensores\model\SensorData.java. Using fallback presentation compiler.
2026.04.07 14:43:30 INFO  no build target found for C:\Users\carol\Desktop\PROYETOS\PROYECTO_SENSORES_FABRICA\sensores\src\main\java\com\example\sensores\model\SensorData.java. Using fallback presentation compiler.
2026.04.07 14:43:31 WARN  no build target for: C:\Users\carol\Desktop\PROYETOS\PROYECTO_SENSORES_FABRICA\sensores\src\main\java\com\example\sensores\model\SensorData.java
2026.04.07 14:43:31 INFO  no build target found for C:\Users\carol\Desktop\PROYETOS\PROYECTO_SENSORES_FABRICA\sensores\src\main\java\com\example\sensores\model\SensorData.java. Using fallback presentation compiler.
2026.04.07 14:43:32 INFO  no build target found for C:\Users\carol\Desktop\PROYETOS\PROYECTO_SENSORES_FABRICA\sensores\src\main\java\com\example\sensores\model\SensorData.java. Using fallback presentation compiler.
2026.04.07 14:43:33 INFO  no build target found for C:\Users\carol\Desktop\PROYETOS\PROYECTO_SENSORES_FABRICA\sensores\src\main\java\com\example\sensores\model\SensorData.java. Using fallback presentation compiler.
2026.04.07 14:43:37 INFO  no build target found for C:\Users\carol\Desktop\PROYETOS\PROYECTO_SENSORES_FABRICA\sensores\src\main\java\com\example\sensores\model\SensorData.java. Using fallback presentation compiler.
2026.04.07 14:43:37 INFO  no build target found for C:\Users\carol\Desktop\PROYETOS\PROYECTO_SENSORES_FABRICA\sensores\src\main\java\com\example\sensores\model\SensorData.java. Using fallback presentation compiler.
2026.04.07 14:43:37 INFO  no build target found for C:\Users\carol\Desktop\PROYETOS\PROYECTO_SENSORES_FABRICA\sensores\src\main\java\com\example\sensores\model\SensorData.java. Using fallback presentation compiler.
2026.04.07 14:43:41 INFO  no build target found for C:\Users\carol\Desktop\PROYETOS\PROYECTO_SENSORES_FABRICA\sensores\src\main\java\com\example\sensores\model\SensorData.java. Using fallback presentation compiler.
2026.04.07 14:43:41 INFO  no build target found for C:\Users\carol\Desktop\PROYETOS\PROYECTO_SENSORES_FABRICA\sensores\src\main\java\com\example\sensores\model\SensorData.java. Using fallback presentation compiler.
2026.04.07 14:43:42 WARN  no build target for: C:\Users\carol\Desktop\PROYETOS\PROYECTO_SENSORES_FABRICA\sensores\src\main\java\com\example\sensores\model\SensorData.java
2026.04.07 14:43:42 INFO  no build target found for C:\Users\carol\Desktop\PROYETOS\PROYECTO_SENSORES_FABRICA\sensores\src\main\java\com\example\sensores\model\SensorData.java. Using fallback presentation compiler.
2026.04.07 14:43:43 INFO  no build target found for C:\Users\carol\Desktop\PROYETOS\PROYECTO_SENSORES_FABRICA\sensores\src\main\java\com\example\sensores\model\SensorData.java. Using fallback presentation compiler.
2026.04.07 14:43:43 INFO  no build target found for C:\Users\carol\Desktop\PROYETOS\PROYECTO_SENSORES_FABRICA\sensores\src\main\java\com\example\sensores\model\SensorData.java. Using fallback presentation compiler.
2026.04.07 14:43:45 INFO  no build target found for C:\Users\carol\Desktop\PROYETOS\PROYECTO_SENSORES_FABRICA\sensores\src\main\java\com\example\sensores\model\SensorData.java. Using fallback presentation compiler.
2026.04.07 14:43:45 INFO  no build target found for C:\Users\carol\Desktop\PROYETOS\PROYECTO_SENSORES_FABRICA\sensores\src\main\java\com\example\sensores\model\SensorData.java. Using fallback presentation compiler.
2026.04.07 14:43:45 INFO  no build target found for C:\Users\carol\Desktop\PROYETOS\PROYECTO_SENSORES_FABRICA\sensores\src\main\java\com\example\sensores\model\SensorData.java. Using fallback presentation compiler.
2026.04.07 14:43:46 WARN  no build target for: C:\Users\carol\Desktop\PROYETOS\PROYECTO_SENSORES_FABRICA\sensores\src\main\java\com\example\sensores\model\SensorData.java
2026.04.07 14:43:46 INFO  no build target found for C:\Users\carol\Desktop\PROYETOS\PROYECTO_SENSORES_FABRICA\sensores\src\main\java\com\example\sensores\model\SensorData.java. Using fallback presentation compiler.
2026.04.07 14:43:46 INFO  no build target found for C:\Users\carol\Desktop\PROYETOS\PROYECTO_SENSORES_FABRICA\sensores\src\main\java\com\example\sensores\model\SensorData.java. Using fallback presentation compiler.
2026.04.07 14:43:46 INFO  no build target found for C:\Users\carol\Desktop\PROYETOS\PROYECTO_SENSORES_FABRICA\sensores\src\main\java\com\example\sensores\model\SensorData.java. Using fallback presentation compiler.
2026.04.07 14:43:46 INFO  no build target found for C:\Users\carol\Desktop\PROYETOS\PROYECTO_SENSORES_FABRICA\sensores\src\main\java\com\example\sensores\model\SensorData.java. Using fallback presentation compiler.
2026.04.07 14:43:46 INFO  no build target found for C:\Users\carol\Desktop\PROYETOS\PROYECTO_SENSORES_FABRICA\sensores\src\main\java\com\example\sensores\model\SensorData.java. Using fallback presentation compiler.
2026.04.07 14:43:47 INFO  no build target found for C:\Users\carol\Desktop\PROYETOS\PROYECTO_SENSORES_FABRICA\sensores\src\main\java\com\example\sensores\model\SensorData.java. Using fallback presentation compiler.
2026.04.07 14:43:47 INFO  no build target found for C:\Users\carol\Desktop\PROYETOS\PROYECTO_SENSORES_FABRICA\sensores\src\main\java\com\example\sensores\model\SensorData.java. Using fallback presentation compiler.
2026.04.07 14:43:47 INFO  no build target found for C:\Users\carol\Desktop\PROYETOS\PROYECTO_SENSORES_FABRICA\sensores\src\main\java\com\example\sensores\model\SensorData.java. Using fallback presentation compiler.
2026.04.07 14:43:47 INFO  no build target found for C:\Users\carol\Desktop\PROYETOS\PROYECTO_SENSORES_FABRICA\sensores\src\main\java\com\example\sensores\model\SensorData.java. Using fallback presentation compiler.
2026.04.07 14:43:48 WARN  no build target for: C:\Users\carol\Desktop\PROYETOS\PROYECTO_SENSORES_FABRICA\sensores\src\main\java\com\example\sensores\model\SensorData.java
2026.04.07 14:43:48 INFO  no build target found for C:\Users\carol\Desktop\PROYETOS\PROYECTO_SENSORES_FABRICA\sensores\src\main\java\com\example\sensores\model\SensorData.java. Using fallback presentation compiler.
2026.04.07 14:43:47 INFO  no build target found for C:\Users\carol\Desktop\PROYETOS\PROYECTO_SENSORES_FABRICA\sensores\src\main\java\com\example\sensores\model\SensorData.java. Using fallback presentation compiler.
2026.04.07 14:43:47 INFO  no build target found for C:\Users\carol\Desktop\PROYETOS\PROYECTO_SENSORES_FABRICA\sensores\src\main\java\com\example\sensores\model\SensorData.java. Using fallback presentation compiler.
2026.04.07 14:43:49 INFO  no build target found for C:\Users\carol\Desktop\PROYETOS\PROYECTO_SENSORES_FABRICA\sensores\src\main\java\com\example\sensores\model\SensorData.java. Using fallback presentation compiler.
2026.04.07 14:43:52 INFO  no build target found for C:\Users\carol\Desktop\PROYETOS\PROYECTO_SENSORES_FABRICA\sensores\src\main\java\com\example\sensores\model\SensorData.java. Using fallback presentation compiler.
2026.04.07 14:43:52 INFO  no build target found for C:\Users\carol\Desktop\PROYETOS\PROYECTO_SENSORES_FABRICA\sensores\src\main\java\com\example\sensores\model\SensorData.java. Using fallback presentation compiler.
2026.04.07 14:43:54 INFO  no build target found for C:\Users\carol\Desktop\PROYETOS\PROYECTO_SENSORES_FABRICA\sensores\src\main\java\com\example\sensores\model\SensorData.java. Using fallback presentation compiler.
2026.04.07 14:43:54 INFO  no build target found for C:\Users\carol\Desktop\PROYETOS\PROYECTO_SENSORES_FABRICA\sensores\src\main\java\com\example\sensores\model\SensorData.java. Using fallback presentation compiler.
2026.04.07 14:43:54 INFO  no build target found for C:\Users\carol\Desktop\PROYETOS\PROYECTO_SENSORES_FABRICA\sensores\src\main\java\com\example\sensores\model\SensorData.java. Using fallback presentation compiler.
2026.04.07 14:43:55 INFO  no build target found for C:\Users\carol\Desktop\PROYETOS\PROYECTO_SENSORES_FABRICA\sensores\src\main\java\com\example\sensores\model\SensorData.java. Using fallback presentation compiler.
2026.04.07 14:43:54 INFO  no build target found for C:\Users\carol\Desktop\PROYETOS\PROYECTO_SENSORES_FABRICA\sensores\src\main\java\com\example\sensores\model\SensorData.java. Using fallback presentation compiler.
2026.04.07 14:43:55 WARN  no build target for: C:\Users\carol\Desktop\PROYETOS\PROYECTO_SENSORES_FABRICA\sensores\src\main\java\com\example\sensores\model\SensorData.java
2026.04.07 14:43:55 INFO  no build target found for C:\Users\carol\Desktop\PROYETOS\PROYECTO_SENSORES_FABRICA\sensores\src\main\java\com\example\sensores\model\SensorData.java. Using fallback presentation compiler.
2026.04.07 14:43:57 INFO  no build target found for C:\Users\carol\Desktop\PROYETOS\PROYECTO_SENSORES_FABRICA\sensores\src\main\java\com\example\sensores\model\SensorData.java. Using fallback presentation compiler.
2026.04.07 14:44:22 INFO  no build target found for C:\Users\carol\Desktop\PROYETOS\PROYECTO_SENSORES_FABRICA\sensores\src\main\java\com\example\sensores\model\SensorData.java. Using fallback presentation compiler.
2026.04.07 14:44:22 INFO  no build target found for C:\Users\carol\Desktop\PROYETOS\PROYECTO_SENSORES_FABRICA\sensores\src\main\java\com\example\sensores\model\SensorData.java. Using fallback presentation compiler.
2026.04.07 14:44:22 INFO  no build target found for C:\Users\carol\Desktop\PROYETOS\PROYECTO_SENSORES_FABRICA\sensores\src\main\java\com\example\sensores\model\SensorData.java. Using fallback presentation compiler.
2026.04.07 14:44:23 INFO  no build target found for C:\Users\carol\Desktop\PROYETOS\PROYECTO_SENSORES_FABRICA\sensores\src\main\java\com\example\sensores\model\SensorData.java. Using fallback presentation compiler.
2026.04.07 14:44:23 INFO  no build target found for C:\Users\carol\Desktop\PROYETOS\PROYECTO_SENSORES_FABRICA\sensores\src\main\java\com\example\sensores\model\SensorData.java. Using fallback presentation compiler.
2026.04.07 14:44:23 INFO  no build target found for C:\Users\carol\Desktop\PROYETOS\PROYECTO_SENSORES_FABRICA\sensores\src\main\java\com\example\sensores\model\SensorData.java. Using fallback presentation compiler.
2026.04.07 14:44:26 INFO  no build target found for C:\Users\carol\Desktop\PROYETOS\PROYECTO_SENSORES_FABRICA\sensores\src\main\java\com\example\sensores\model\SensorData.java. Using fallback presentation compiler.
2026.04.07 14:44:26 INFO  no build target found for C:\Users\carol\Desktop\PROYETOS\PROYECTO_SENSORES_FABRICA\sensores\src\main\java\com\example\sensores\model\SensorData.java. Using fallback presentation compiler.
2026.04.07 14:44:26 INFO  no build target found for C:\Users\carol\Desktop\PROYETOS\PROYECTO_SENSORES_FABRICA\sensores\src\main\java\com\example\sensores\model\SensorData.java. Using fallback presentation compiler.
2026.04.07 14:44:27 INFO  no build target found for C:\Users\carol\Desktop\PROYETOS\PROYECTO_SENSORES_FABRICA\sensores\src\main\java\com\example\sensores\model\SensorData.java. Using fallback presentation compiler.
2026.04.07 14:44:26 INFO  no build target found for C:\Users\carol\Desktop\PROYETOS\PROYECTO_SENSORES_FABRICA\sensores\src\main\java\com\example\sensores\model\SensorData.java. Using fallback presentation compiler.
2026.04.07 14:44:27 WARN  no build target for: C:\Users\carol\Desktop\PROYETOS\PROYECTO_SENSORES_FABRICA\sensores\src\main\java\com\example\sensores\model\SensorData.java
2026.04.07 14:44:27 INFO  no build target found for C:\Users\carol\Desktop\PROYETOS\PROYECTO_SENSORES_FABRICA\sensores\src\main\java\com\example\sensores\model\SensorData.java. Using fallback presentation compiler.
2026.04.07 14:44:28 INFO  no build target found for C:\Users\carol\Desktop\PROYETOS\PROYECTO_SENSORES_FABRICA\sensores\src\main\java\com\example\sensores\model\SensorData.java. Using fallback presentation compiler.
2026.04.07 14:44:28 INFO  no build target found for C:\Users\carol\Desktop\PROYETOS\PROYECTO_SENSORES_FABRICA\sensores\src\main\java\com\example\sensores\model\SensorData.java. Using fallback presentation compiler.
2026.04.07 14:44:28 INFO  no build target found for C:\Users\carol\Desktop\PROYETOS\PROYECTO_SENSORES_FABRICA\sensores\src\main\java\com\example\sensores\model\SensorData.java. Using fallback presentation compiler.
2026.04.07 14:44:31 INFO  no build target found for C:\Users\carol\Desktop\PROYETOS\PROYECTO_SENSORES_FABRICA\sensores\src\main\java\com\example\sensores\model\SensorData.java. Using fallback presentation compiler.
2026.04.07 14:44:31 INFO  no build target found for C:\Users\carol\Desktop\PROYETOS\PROYECTO_SENSORES_FABRICA\sensores\src\main\java\com\example\sensores\model\SensorData.java. Using fallback presentation compiler.
2026.04.07 14:44:31 INFO  no build target found for C:\Users\carol\Desktop\PROYETOS\PROYECTO_SENSORES_FABRICA\sensores\src\main\java\com\example\sensores\model\SensorData.java. Using fallback presentation compiler.
2026.04.07 14:44:31 INFO  no build target found for C:\Users\carol\Desktop\PROYETOS\PROYECTO_SENSORES_FABRICA\sensores\src\main\java\com\example\sensores\model\SensorData.java. Using fallback presentation compiler.
2026.04.07 14:44:31 INFO  no build target found for C:\Users\carol\Desktop\PROYETOS\PROYECTO_SENSORES_FABRICA\sensores\src\main\java\com\example\sensores\model\SensorData.java. Using fallback presentation compiler.
2026.04.07 14:44:32 WARN  no build target for: C:\Users\carol\Desktop\PROYETOS\PROYECTO_SENSORES_FABRICA\sensores\src\main\java\com\example\sensores\model\SensorData.java
2026.04.07 14:44:32 INFO  no build target found for C:\Users\carol\Desktop\PROYETOS\PROYECTO_SENSORES_FABRICA\sensores\src\main\java\com\example\sensores\model\SensorData.java. Using fallback presentation compiler.
2026.04.07 14:44:33 INFO  no build target found for C:\Users\carol\Desktop\PROYETOS\PROYECTO_SENSORES_FABRICA\sensores\src\main\java\com\example\sensores\model\SensorData.java. Using fallback presentation compiler.
2026.04.07 14:44:38 INFO  no build target found for C:\Users\carol\Desktop\PROYETOS\PROYECTO_SENSORES_FABRICA\sensores\src\main\java\com\example\sensores\model\SensorData.java. Using fallback presentation compiler.
2026.04.07 14:44:38 INFO  no build target found for C:\Users\carol\Desktop\PROYETOS\PROYECTO_SENSORES_FABRICA\sensores\src\main\java\com\example\sensores\model\SensorData.java. Using fallback presentation compiler.
2026.04.07 14:44:39 INFO  no build target found for C:\Users\carol\Desktop\PROYETOS\PROYECTO_SENSORES_FABRICA\sensores\src\main\java\com\example\sensores\model\SensorData.java. Using fallback presentation compiler.
2026.04.07 14:44:39 INFO  no build target found for C:\Users\carol\Desktop\PROYETOS\PROYECTO_SENSORES_FABRICA\sensores\src\main\java\com\example\sensores\model\SensorData.java. Using fallback presentation compiler.
2026.04.07 14:45:08 INFO  no build target found for C:\Users\carol\Desktop\PROYETOS\PROYECTO_SENSORES_FABRICA\sensores\src\main\java\com\example\sensores\model\SensorData.java. Using fallback presentation compiler.
2026.04.07 14:45:08 INFO  no build target found for C:\Users\carol\Desktop\PROYETOS\PROYECTO_SENSORES_FABRICA\sensores\src\main\java\com\example\sensores\model\SensorData.java. Using fallback presentation compiler.
2026.04.07 14:45:08 INFO  no build target found for C:\Users\carol\Desktop\PROYETOS\PROYECTO_SENSORES_FABRICA\sensores\src\main\java\com\example\sensores\model\SensorData.java. Using fallback presentation compiler.
2026.04.07 14:45:08 INFO  no build target found for C:\Users\carol\Desktop\PROYETOS\PROYECTO_SENSORES_FABRICA\sensores\src\main\java\com\example\sensores\model\SensorData.java. Using fallback presentation compiler.
2026.04.07 14:45:10 INFO  no build target found for C:\Users\carol\Desktop\PROYETOS\PROYECTO_SENSORES_FABRICA\sensores\src\main\java\com\example\sensores\model\SensorData.java. Using fallback presentation compiler.
2026.04.07 14:45:10 INFO  no build target found for C:\Users\carol\Desktop\PROYETOS\PROYECTO_SENSORES_FABRICA\sensores\src\main\java\com\example\sensores\model\SensorData.java. Using fallback presentation compiler.
2026.04.07 14:45:10 INFO  no build target found for C:\Users\carol\Desktop\PROYETOS\PROYECTO_SENSORES_FABRICA\sensores\src\main\java\com\example\sensores\model\SensorData.java. Using fallback presentation compiler.
2026.04.07 14:45:11 WARN  no build target for: C:\Users\carol\Desktop\PROYETOS\PROYECTO_SENSORES_FABRICA\sensores\src\main\java\com\example\sensores\model\SensorData.java
2026.04.07 14:45:11 INFO  no build target found for C:\Users\carol\Desktop\PROYETOS\PROYECTO_SENSORES_FABRICA\sensores\src\main\java\com\example\sensores\model\SensorData.java. Using fallback presentation compiler.
2026.04.07 14:45:12 INFO  no build target found for C:\Users\carol\Desktop\PROYETOS\PROYECTO_SENSORES_FABRICA\sensores\src\main\java\com\example\sensores\model\SensorData.java. Using fallback presentation compiler.
2026.04.07 14:45:12 INFO  no build target found for C:\Users\carol\Desktop\PROYETOS\PROYECTO_SENSORES_FABRICA\sensores\src\main\java\com\example\sensores\model\SensorData.java. Using fallback presentation compiler.
2026.04.07 14:45:12 INFO  no build target found for C:\Users\carol\Desktop\PROYETOS\PROYECTO_SENSORES_FABRICA\sensores\src\main\java\com\example\sensores\model\SensorData.java. Using fallback presentation compiler.
2026.04.07 14:45:12 INFO  no build target found for C:\Users\carol\Desktop\PROYETOS\PROYECTO_SENSORES_FABRICA\sensores\src\main\java\com\example\sensores\model\SensorData.java. Using fallback presentation compiler.
2026.04.07 14:45:13 WARN  no build target for: C:\Users\carol\Desktop\PROYETOS\PROYECTO_SENSORES_FABRICA\sensores\src\main\java\com\example\sensores\model\SensorData.java
2026.04.07 14:45:13 INFO  no build target found for C:\Users\carol\Desktop\PROYETOS\PROYECTO_SENSORES_FABRICA\sensores\src\main\java\com\example\sensores\model\SensorData.java. Using fallback presentation compiler.
2026.04.07 14:45:14 INFO  no build target found for C:\Users\carol\Desktop\PROYETOS\PROYECTO_SENSORES_FABRICA\sensores\src\main\java\com\example\sensores\model\SensorData.java. Using fallback presentation compiler.
2026.04.07 14:45:14 INFO  no build target found for C:\Users\carol\Desktop\PROYETOS\PROYECTO_SENSORES_FABRICA\sensores\src\main\java\com\example\sensores\model\SensorData.java. Using fallback presentation compiler.
2026.04.07 14:45:14 INFO  no build target found for C:\Users\carol\Desktop\PROYETOS\PROYECTO_SENSORES_FABRICA\sensores\src\main\java\com\example\sensores\model\SensorData.java. Using fallback presentation compiler.
2026.04.07 14:45:14 INFO  no build target found for C:\Users\carol\Desktop\PROYETOS\PROYECTO_SENSORES_FABRICA\sensores\src\main\java\com\example\sensores\model\SensorData.java. Using fallback presentation compiler.
2026.04.07 14:45:19 INFO  no build target found for C:\Users\carol\Desktop\PROYETOS\PROYECTO_SENSORES_FABRICA\sensores\src\main\java\com\example\sensores\model\SensorData.java. Using fallback presentation compiler.
2026.04.07 14:45:19 INFO  no build target found for C:\Users\carol\Desktop\PROYETOS\PROYECTO_SENSORES_FABRICA\sensores\src\main\java\com\example\sensores\model\SensorData.java. Using fallback presentation compiler.
2026.04.07 14:45:19 INFO  no build target found for C:\Users\carol\Desktop\PROYETOS\PROYECTO_SENSORES_FABRICA\sensores\src\main\java\com\example\sensores\model\SensorData.java. Using fallback presentation compiler.
2026.04.07 14:45:20 INFO  no build target found for C:\Users\carol\Desktop\PROYETOS\PROYECTO_SENSORES_FABRICA\sensores\src\main\java\com\example\sensores\model\SensorData.java. Using fallback presentation compiler.
2026.04.07 14:45:19 INFO  no build target found for C:\Users\carol\Desktop\PROYETOS\PROYECTO_SENSORES_FABRICA\sensores\src\main\java\com\example\sensores\model\SensorData.java. Using fallback presentation compiler.
2026.04.07 14:45:20 WARN  no build target for: C:\Users\carol\Desktop\PROYETOS\PROYECTO_SENSORES_FABRICA\sensores\src\main\java\com\example\sensores\model\SensorData.java
2026.04.07 14:45:20 INFO  no build target found for C:\Users\carol\Desktop\PROYETOS\PROYECTO_SENSORES_FABRICA\sensores\src\main\java\com\example\sensores\model\SensorData.java. Using fallback presentation compiler.
2026.04.07 14:45:23 INFO  no build target found for C:\Users\carol\Desktop\PROYETOS\PROYECTO_SENSORES_FABRICA\sensores\src\main\java\com\example\sensores\model\SensorData.java. Using fallback presentation compiler.
2026.04.07 14:45:25 INFO  no build target found for C:\Users\carol\Desktop\PROYETOS\PROYECTO_SENSORES_FABRICA\sensores\src\main\java\com\example\sensores\model\SensorData.java. Using fallback presentation compiler.
2026.04.07 14:45:28 INFO  no build target found for C:\Users\carol\Desktop\PROYETOS\PROYECTO_SENSORES_FABRICA\sensores\src\main\java\com\example\sensores\model\SensorData.java. Using fallback presentation compiler.
2026.04.07 14:45:28 INFO  no build target found for C:\Users\carol\Desktop\PROYETOS\PROYECTO_SENSORES_FABRICA\sensores\src\main\java\com\example\sensores\model\SensorData.java. Using fallback presentation compiler.
2026.04.07 14:45:28 INFO  no build target found for C:\Users\carol\Desktop\PROYETOS\PROYECTO_SENSORES_FABRICA\sensores\src\main\java\com\example\sensores\model\SensorData.java. Using fallback presentation compiler.
2026.04.07 14:45:28 INFO  no build target found for C:\Users\carol\Desktop\PROYETOS\PROYECTO_SENSORES_FABRICA\sensores\src\main\java\com\example\sensores\model\SensorData.java. Using fallback presentation compiler.
2026.04.07 14:45:29 INFO  no build target found for C:\Users\carol\Desktop\PROYETOS\PROYECTO_SENSORES_FABRICA\sensores\src\main\java\com\example\sensores\model\SensorData.java. Using fallback presentation compiler.
2026.04.07 14:45:29 INFO  no build target found for C:\Users\carol\Desktop\PROYETOS\PROYECTO_SENSORES_FABRICA\sensores\src\main\java\com\example\sensores\model\SensorData.java. Using fallback presentation compiler.
2026.04.07 14:45:31 INFO  no build target found for C:\Users\carol\Desktop\PROYETOS\PROYECTO_SENSORES_FABRICA\sensores\src\main\java\com\example\sensores\model\SensorData.java. Using fallback presentation compiler.
2026.04.07 14:45:31 INFO  no build target found for C:\Users\carol\Desktop\PROYETOS\PROYECTO_SENSORES_FABRICA\sensores\src\main\java\com\example\sensores\model\SensorData.java. Using fallback presentation compiler.
2026.04.07 14:45:32 WARN  no build target for: C:\Users\carol\Desktop\PROYETOS\PROYECTO_SENSORES_FABRICA\sensores\src\main\java\com\example\sensores\model\SensorData.java
2026.04.07 14:45:32 INFO  no build target found for C:\Users\carol\Desktop\PROYETOS\PROYECTO_SENSORES_FABRICA\sensores\src\main\java\com\example\sensores\model\SensorData.java. Using fallback presentation compiler.
2026.04.07 14:45:32 WARN  Running javac-semanticdb failed for file:///C:/Users/carol/Desktop/PROYETOS/PROYECTO_SENSORES_FABRICA/sensores/src/main/java/com/example/sensores/model/SensorData.java. Output:

2026.04.07 14:45:31 INFO  Created report: Optional[file:///C:/Users/carol/Desktop/PROYETOS/PROYECTO_SENSORES_FABRICA/sensores/src/main/java/com/example/sensores/model/SensorData.java]
2026.04.07 14:45:31 INFO  QDox parse error in file:///C:/Users/carol/Desktop/PROYETOS/PROYECTO_SENSORES_FABRICA/sensores/src/main/java/com/example/sensores/model/SensorData.java (full report at: "C:\Users\carol\Desktop\PROYETOS\PROYECTO_SENSORES_FABRICA\sensores\.metals\.reports\metals-full\2026-04-07\r_qdox-error_14-45-32-604.md")
2026.04.07 14:45:34 INFO  no build target found for C:\Users\carol\Desktop\PROYETOS\PROYECTO_SENSORES_FABRICA\sensores\src\main\java\com\example\sensores\model\SensorData.java. Using fallback presentation compiler.
2026.04.07 14:45:36 INFO  no build target found for C:\Users\carol\Desktop\PROYETOS\PROYECTO_SENSORES_FABRICA\sensores\src\main\java\com\example\sensores\model\SensorData.java. Using fallback presentation compiler.
2026.04.07 14:45:36 INFO  no build target found for C:\Users\carol\Desktop\PROYETOS\PROYECTO_SENSORES_FABRICA\sensores\src\main\java\com\example\sensores\model\SensorData.java. Using fallback presentation compiler.
2026.04.07 14:45:36 INFO  no build target found for C:\Users\carol\Desktop\PROYETOS\PROYECTO_SENSORES_FABRICA\sensores\src\main\java\com\example\sensores\model\SensorData.java. Using fallback presentation compiler.
2026.04.07 14:45:37 INFO  no build target found for C:\Users\carol\Desktop\PROYETOS\PROYECTO_SENSORES_FABRICA\sensores\src\main\java\com\example\sensores\model\SensorData.java. Using fallback presentation compiler.
2026.04.07 14:45:36 INFO  no build target found for C:\Users\carol\Desktop\PROYETOS\PROYECTO_SENSORES_FABRICA\sensores\src\main\java\com\example\sensores\model\SensorData.java. Using fallback presentation compiler.
2026.04.07 14:45:37 WARN  no build target for: C:\Users\carol\Desktop\PROYETOS\PROYECTO_SENSORES_FABRICA\sensores\src\main\java\com\example\sensores\model\SensorData.java
2026.04.07 14:45:37 INFO  no build target found for C:\Users\carol\Desktop\PROYETOS\PROYECTO_SENSORES_FABRICA\sensores\src\main\java\com\example\sensores\model\SensorData.java. Using fallback presentation compiler.
2026.04.07 14:45:37 INFO  no build target found for C:\Users\carol\Desktop\PROYETOS\PROYECTO_SENSORES_FABRICA\sensores\src\main\java\com\example\sensores\model\SensorData.java. Using fallback presentation compiler.
2026.04.07 14:45:37 INFO  no build target found for C:\Users\carol\Desktop\PROYETOS\PROYECTO_SENSORES_FABRICA\sensores\src\main\java\com\example\sensores\model\SensorData.java. Using fallback presentation compiler.
2026.04.07 14:45:37 INFO  no build target found for C:\Users\carol\Desktop\PROYETOS\PROYECTO_SENSORES_FABRICA\sensores\src\main\java\com\example\sensores\model\SensorData.java. Using fallback presentation compiler.
2026.04.07 14:45:38 INFO  no build target found for C:\Users\carol\Desktop\PROYETOS\PROYECTO_SENSORES_FABRICA\sensores\src\main\java\com\example\sensores\model\SensorData.java. Using fallback presentation compiler.
2026.04.07 14:45:38 INFO  no build target found for C:\Users\carol\Desktop\PROYETOS\PROYECTO_SENSORES_FABRICA\sensores\src\main\java\com\example\sensores\model\SensorData.java. Using fallback presentation compiler.
2026.04.07 14:45:38 INFO  no build target found for C:\Users\carol\Desktop\PROYETOS\PROYECTO_SENSORES_FABRICA\sensores\src\main\java\com\example\sensores\model\SensorData.java. Using fallback presentation compiler.
2026.04.07 14:45:38 INFO  no build target found for C:\Users\carol\Desktop\PROYETOS\PROYECTO_SENSORES_FABRICA\sensores\src\main\java\com\example\sensores\model\SensorData.java. Using fallback presentation compiler.
2026.04.07 14:45:40 INFO  no build target found for C:\Users\carol\Desktop\PROYETOS\PROYECTO_SENSORES_FABRICA\sensores\src\main\java\com\example\sensores\model\SensorData.java. Using fallback presentation compiler.
2026.04.07 14:45:40 INFO  no build target found for C:\Users\carol\Desktop\PROYETOS\PROYECTO_SENSORES_FABRICA\sensores\src\main\java\com\example\sensores\model\SensorData.java. Using fallback presentation compiler.
2026.04.07 14:45:41 INFO  no build target found for C:\Users\carol\Desktop\PROYETOS\PROYECTO_SENSORES_FABRICA\sensores\src\main\java\com\example\sensores\model\SensorData.java. Using fallback presentation compiler.
2026.04.07 14:45:40 INFO  no build target found for C:\Users\carol\Desktop\PROYETOS\PROYECTO_SENSORES_FABRICA\sensores\src\main\java\com\example\sensores\model\SensorData.java. Using fallback presentation compiler.
2026.04.07 14:45:41 INFO  no build target found for C:\Users\carol\Desktop\PROYETOS\PROYECTO_SENSORES_FABRICA\sensores\src\main\java\com\example\sensores\model\SensorData.java. Using fallback presentation compiler.
2026.04.07 14:45:41 INFO  no build target found for C:\Users\carol\Desktop\PROYETOS\PROYECTO_SENSORES_FABRICA\sensores\src\main\java\com\example\sensores\model\SensorData.java. Using fallback presentation compiler.
2026.04.07 14:45:42 WARN  no build target for: C:\Users\carol\Desktop\PROYETOS\PROYECTO_SENSORES_FABRICA\sensores\src\main\java\com\example\sensores\model\SensorData.java
2026.04.07 14:45:42 INFO  no build target found for C:\Users\carol\Desktop\PROYETOS\PROYECTO_SENSORES_FABRICA\sensores\src\main\java\com\example\sensores\model\SensorData.java. Using fallback presentation compiler.
2026.04.07 14:45:43 INFO  no build target found for C:\Users\carol\Desktop\PROYETOS\PROYECTO_SENSORES_FABRICA\sensores\src\main\java\com\example\sensores\model\SensorData.java. Using fallback presentation compiler.
2026.04.07 14:45:43 INFO  no build target found for C:\Users\carol\Desktop\PROYETOS\PROYECTO_SENSORES_FABRICA\sensores\src\main\java\com\example\sensores\model\SensorData.java. Using fallback presentation compiler.
2026.04.07 14:45:43 INFO  no build target found for C:\Users\carol\Desktop\PROYETOS\PROYECTO_SENSORES_FABRICA\sensores\src\main\java\com\example\sensores\model\SensorData.java. Using fallback presentation compiler.
2026.04.07 14:45:43 INFO  no build target found for C:\Users\carol\Desktop\PROYETOS\PROYECTO_SENSORES_FABRICA\sensores\src\main\java\com\example\sensores\model\SensorData.java. Using fallback presentation compiler.
2026.04.07 14:45:44 INFO  no build target found for C:\Users\carol\Desktop\PROYETOS\PROYECTO_SENSORES_FABRICA\sensores\src\main\java\com\example\sensores\model\SensorData.java. Using fallback presentation compiler.
2026.04.07 14:45:44 WARN  no build target for: C:\Users\carol\Desktop\PROYETOS\PROYECTO_SENSORES_FABRICA\sensores\src\main\java\com\example\sensores\model\SensorData.java
2026.04.07 14:45:44 INFO  no build target found for C:\Users\carol\Desktop\PROYETOS\PROYECTO_SENSORES_FABRICA\sensores\src\main\java\com\example\sensores\model\SensorData.java. Using fallback presentation compiler.
2026.04.07 14:45:44 INFO  no build target found for C:\Users\carol\Desktop\PROYETOS\PROYECTO_SENSORES_FABRICA\sensores\src\main\java\com\example\sensores\model\SensorData.java. Using fallback presentation compiler.
2026.04.07 14:45:44 INFO  no build target found for C:\Users\carol\Desktop\PROYETOS\PROYECTO_SENSORES_FABRICA\sensores\src\main\java\com\example\sensores\model\SensorData.java. Using fallback presentation compiler.
2026.04.07 14:45:47 INFO  no build target found for C:\Users\carol\Desktop\PROYETOS\PROYECTO_SENSORES_FABRICA\sensores\src\main\java\com\example\sensores\model\SensorData.java. Using fallback presentation compiler.
2026.04.07 14:45:47 INFO  no build target found for C:\Users\carol\Desktop\PROYETOS\PROYECTO_SENSORES_FABRICA\sensores\src\main\java\com\example\sensores\model\SensorData.java. Using fallback presentation compiler.
2026.04.07 14:45:47 INFO  no build target found for C:\Users\carol\Desktop\PROYETOS\PROYECTO_SENSORES_FABRICA\sensores\src\main\java\com\example\sensores\model\SensorData.java. Using fallback presentation compiler.
2026.04.07 14:45:49 INFO  no build target found for C:\Users\carol\Desktop\PROYETOS\PROYECTO_SENSORES_FABRICA\sensores\src\main\java\com\example\sensores\model\SensorData.java. Using fallback presentation compiler.
2026.04.07 14:45:49 INFO  no build target found for C:\Users\carol\Desktop\PROYETOS\PROYECTO_SENSORES_FABRICA\sensores\src\main\java\com\example\sensores\model\SensorData.java. Using fallback presentation compiler.
2026.04.07 14:45:49 INFO  no build target found for C:\Users\carol\Desktop\PROYETOS\PROYECTO_SENSORES_FABRICA\sensores\src\main\java\com\example\sensores\model\SensorData.java. Using fallback presentation compiler.
2026.04.07 14:45:50 INFO  no build target found for C:\Users\carol\Desktop\PROYETOS\PROYECTO_SENSORES_FABRICA\sensores\src\main\java\com\example\sensores\model\SensorData.java. Using fallback presentation compiler.
2026.04.07 14:45:50 INFO  no build target found for C:\Users\carol\Desktop\PROYETOS\PROYECTO_SENSORES_FABRICA\sensores\src\main\java\com\example\sensores\model\SensorData.java. Using fallback presentation compiler.
2026.04.07 14:45:50 INFO  no build target found for C:\Users\carol\Desktop\PROYETOS\PROYECTO_SENSORES_FABRICA\sensores\src\main\java\com\example\sensores\model\SensorData.java. Using fallback presentation compiler.
2026.04.07 14:45:50 INFO  no build target found for C:\Users\carol\Desktop\PROYETOS\PROYECTO_SENSORES_FABRICA\sensores\src\main\java\com\example\sensores\model\SensorData.java. Using fallback presentation compiler.
2026.04.07 14:45:52 INFO  no build target found for C:\Users\carol\Desktop\PROYETOS\PROYECTO_SENSORES_FABRICA\sensores\src\main\java\com\example\sensores\model\SensorData.java. Using fallback presentation compiler.
2026.04.07 14:45:52 INFO  no build target found for C:\Users\carol\Desktop\PROYETOS\PROYECTO_SENSORES_FABRICA\sensores\src\main\java\com\example\sensores\model\SensorData.java. Using fallback presentation compiler.
2026.04.07 14:45:52 INFO  no build target found for C:\Users\carol\Desktop\PROYETOS\PROYECTO_SENSORES_FABRICA\sensores\src\main\java\com\example\sensores\model\SensorData.java. Using fallback presentation compiler.
2026.04.07 14:45:53 INFO  no build target found for C:\Users\carol\Desktop\PROYETOS\PROYECTO_SENSORES_FABRICA\sensores\src\main\java\com\example\sensores\model\SensorData.java. Using fallback presentation compiler.
2026.04.07 14:45:53 INFO  no build target found for C:\Users\carol\Desktop\PROYETOS\PROYECTO_SENSORES_FABRICA\sensores\src\main\java\com\example\sensores\model\SensorData.java. Using fallback presentation compiler.
2026.04.07 14:45:56 INFO  no build target found for C:\Users\carol\Desktop\PROYETOS\PROYECTO_SENSORES_FABRICA\sensores\src\main\java\com\example\sensores\model\SensorData.java. Using fallback presentation compiler.
2026.04.07 14:45:56 INFO  no build target found for C:\Users\carol\Desktop\PROYETOS\PROYECTO_SENSORES_FABRICA\sensores\src\main\java\com\example\sensores\model\SensorData.java. Using fallback presentation compiler.
2026.04.07 14:45:56 INFO  no build target found for C:\Users\carol\Desktop\PROYETOS\PROYECTO_SENSORES_FABRICA\sensores\src\main\java\com\example\sensores\model\SensorData.java. Using fallback presentation compiler.
2026.04.07 14:45:56 INFO  no build target found for C:\Users\carol\Desktop\PROYETOS\PROYECTO_SENSORES_FABRICA\sensores\src\main\java\com\example\sensores\model\SensorData.java. Using fallback presentation compiler.
2026.04.07 14:45:56 INFO  no build target found for C:\Users\carol\Desktop\PROYETOS\PROYECTO_SENSORES_FABRICA\sensores\src\main\java\com\example\sensores\model\SensorData.java. Using fallback presentation compiler.
2026.04.07 14:45:56 INFO  no build target found for C:\Users\carol\Desktop\PROYETOS\PROYECTO_SENSORES_FABRICA\sensores\src\main\java\com\example\sensores\model\SensorData.java. Using fallback presentation compiler.
2026.04.07 14:45:57 INFO  no build target found for C:\Users\carol\Desktop\PROYETOS\PROYECTO_SENSORES_FABRICA\sensores\src\main\java\com\example\sensores\model\SensorData.java. Using fallback presentation compiler.
2026.04.07 14:45:57 INFO  no build target found for C:\Users\carol\Desktop\PROYETOS\PROYECTO_SENSORES_FABRICA\sensores\src\main\java\com\example\sensores\model\SensorData.java. Using fallback presentation compiler.
2026.04.07 14:45:57 INFO  no build target found for C:\Users\carol\Desktop\PROYETOS\PROYECTO_SENSORES_FABRICA\sensores\src\main\java\com\example\sensores\model\SensorData.java. Using fallback presentation compiler.
2026.04.07 14:45:56 INFO  no build target found for C:\Users\carol\Desktop\PROYETOS\PROYECTO_SENSORES_FABRICA\sensores\src\main\java\com\example\sensores\model\SensorData.java. Using fallback presentation compiler.
2026.04.07 14:45:57 INFO  no build target found for C:\Users\carol\Desktop\PROYETOS\PROYECTO_SENSORES_FABRICA\sensores\src\main\java\com\example\sensores\model\SensorData.java. Using fallback presentation compiler.
2026.04.07 14:45:57 INFO  no build target found for C:\Users\carol\Desktop\PROYETOS\PROYECTO_SENSORES_FABRICA\sensores\src\main\java\com\example\sensores\model\SensorData.java. Using fallback presentation compiler.
2026.04.07 14:45:57 INFO  no build target found for C:\Users\carol\Desktop\PROYETOS\PROYECTO_SENSORES_FABRICA\sensores\src\main\java\com\example\sensores\model\SensorData.java. Using fallback presentation compiler.
2026.04.07 14:45:57 INFO  no build target found for C:\Users\carol\Desktop\PROYETOS\PROYECTO_SENSORES_FABRICA\sensores\src\main\java\com\example\sensores\model\SensorData.java. Using fallback presentation compiler.
2026.04.07 14:45:58 INFO  no build target found for C:\Users\carol\Desktop\PROYETOS\PROYECTO_SENSORES_FABRICA\sensores\src\main\java\com\example\sensores\model\SensorData.java. Using fallback presentation compiler.
2026.04.07 14:45:58 INFO  no build target found for C:\Users\carol\Desktop\PROYETOS\PROYECTO_SENSORES_FABRICA\sensores\src\main\java\com\example\sensores\model\SensorData.java. Using fallback presentation compiler.
2026.04.07 14:45:58 INFO  no build target found for C:\Users\carol\Desktop\PROYETOS\PROYECTO_SENSORES_FABRICA\sensores\src\main\java\com\example\sensores\model\SensorData.java. Using fallback presentation compiler.
2026.04.07 14:45:58 INFO  no build target found for C:\Users\carol\Desktop\PROYETOS\PROYECTO_SENSORES_FABRICA\sensores\src\main\java\com\example\sensores\model\SensorData.java. Using fallback presentation compiler.
2026.04.07 14:45:58 INFO  no build target found for C:\Users\carol\Desktop\PROYETOS\PROYECTO_SENSORES_FABRICA\sensores\src\main\java\com\example\sensores\model\SensorData.java. Using fallback presentation compiler.
2026.04.07 14:45:58 INFO  no build target found for C:\Users\carol\Desktop\PROYETOS\PROYECTO_SENSORES_FABRICA\sensores\src\main\java\com\example\sensores\model\SensorData.java. Using fallback presentation compiler.
2026.04.07 14:45:58 INFO  no build target found for C:\Users\carol\Desktop\PROYETOS\PROYECTO_SENSORES_FABRICA\sensores\src\main\java\com\example\sensores\model\SensorData.java. Using fallback presentation compiler.
2026.04.07 14:45:59 INFO  no build target found for C:\Users\carol\Desktop\PROYETOS\PROYECTO_SENSORES_FABRICA\sensores\src\main\java\com\example\sensores\model\SensorData.java. Using fallback presentation compiler.
2026.04.07 14:45:59 WARN  no build target for: C:\Users\carol\Desktop\PROYETOS\PROYECTO_SENSORES_FABRICA\sensores\src\main\java\com\example\sensores\model\SensorData.java
2026.04.07 14:45:59 INFO  no build target found for C:\Users\carol\Desktop\PROYETOS\PROYECTO_SENSORES_FABRICA\sensores\src\main\java\com\example\sensores\model\SensorData.java. Using fallback presentation compiler.
2026.04.07 14:46:00 INFO  no build target found for C:\Users\carol\Desktop\PROYETOS\PROYECTO_SENSORES_FABRICA\sensores\src\main\java\com\example\sensores\model\SensorData.java. Using fallback presentation compiler.
2026.04.07 14:46:01 INFO  no build target found for C:\Users\carol\Desktop\PROYETOS\PROYECTO_SENSORES_FABRICA\sensores\src\main\java\com\example\sensores\model\SensorData.java. Using fallback presentation compiler.
2026.04.07 14:46:00 INFO  no build target found for C:\Users\carol\Desktop\PROYETOS\PROYECTO_SENSORES_FABRICA\sensores\src\main\java\com\example\sensores\model\SensorData.java. Using fallback presentation compiler.
2026.04.07 14:46:00 INFO  no build target found for C:\Users\carol\Desktop\PROYETOS\PROYECTO_SENSORES_FABRICA\sensores\src\main\java\com\example\sensores\model\SensorData.java. Using fallback presentation compiler.
2026.04.07 14:46:01 INFO  no build target found for C:\Users\carol\Desktop\PROYETOS\PROYECTO_SENSORES_FABRICA\sensores\src\main\java\com\example\sensores\model\SensorData.java. Using fallback presentation compiler.
2026.04.07 14:46:01 INFO  no build target found for C:\Users\carol\Desktop\PROYETOS\PROYECTO_SENSORES_FABRICA\sensores\src\main\java\com\example\sensores\model\SensorData.java. Using fallback presentation compiler.
2026.04.07 14:46:01 INFO  no build target found for C:\Users\carol\Desktop\PROYETOS\PROYECTO_SENSORES_FABRICA\sensores\src\main\java\com\example\sensores\model\SensorData.java. Using fallback presentation compiler.
2026.04.07 14:46:01 INFO  no build target found for C:\Users\carol\Desktop\PROYETOS\PROYECTO_SENSORES_FABRICA\sensores\src\main\java\com\example\sensores\model\SensorData.java. Using fallback presentation compiler.
2026.04.07 14:46:02 INFO  no build target found for C:\Users\carol\Desktop\PROYETOS\PROYECTO_SENSORES_FABRICA\sensores\src\main\java\com\example\sensores\model\SensorData.java. Using fallback presentation compiler.
2026.04.07 14:46:01 INFO  no build target found for C:\Users\carol\Desktop\PROYETOS\PROYECTO_SENSORES_FABRICA\sensores\src\main\java\com\example\sensores\model\SensorData.java. Using fallback presentation compiler.
2026.04.07 14:46:02 INFO  no build target found for C:\Users\carol\Desktop\PROYETOS\PROYECTO_SENSORES_FABRICA\sensores\src\main\java\com\example\sensores\model\SensorData.java. Using fallback presentation compiler.
2026.04.07 14:46:02 INFO  no build target found for C:\Users\carol\Desktop\PROYETOS\PROYECTO_SENSORES_FABRICA\sensores\src\main\java\com\example\sensores\model\SensorData.java. Using fallback presentation compiler.
2026.04.07 14:46:02 INFO  no build target found for C:\Users\carol\Desktop\PROYETOS\PROYECTO_SENSORES_FABRICA\sensores\src\main\java\com\example\sensores\model\SensorData.java. Using fallback presentation compiler.
2026.04.07 14:46:02 INFO  no build target found for C:\Users\carol\Desktop\PROYETOS\PROYECTO_SENSORES_FABRICA\sensores\src\main\java\com\example\sensores\model\SensorData.java. Using fallback presentation compiler.
2026.04.07 14:46:02 INFO  no build target found for C:\Users\carol\Desktop\PROYETOS\PROYECTO_SENSORES_FABRICA\sensores\src\main\java\com\example\sensores\model\SensorData.java. Using fallback presentation compiler.
2026.04.07 14:46:03 INFO  no build target found for C:\Users\carol\Desktop\PROYETOS\PROYECTO_SENSORES_FABRICA\sensores\src\main\java\com\example\sensores\model\SensorData.java. Using fallback presentation compiler.
2026.04.07 14:46:02 INFO  no build target found for C:\Users\carol\Desktop\PROYETOS\PROYECTO_SENSORES_FABRICA\sensores\src\main\java\com\example\sensores\model\SensorData.java. Using fallback presentation compiler.
2026.04.07 14:46:02 INFO  no build target found for C:\Users\carol\Desktop\PROYETOS\PROYECTO_SENSORES_FABRICA\sensores\src\main\java\com\example\sensores\model\SensorData.java. Using fallback presentation compiler.
2026.04.07 14:46:02 INFO  no build target found for C:\Users\carol\Desktop\PROYETOS\PROYECTO_SENSORES_FABRICA\sensores\src\main\java\com\example\sensores\model\SensorData.java. Using fallback presentation compiler.
2026.04.07 14:46:03 INFO  no build target found for C:\Users\carol\Desktop\PROYETOS\PROYECTO_SENSORES_FABRICA\sensores\src\main\java\com\example\sensores\model\SensorData.java. Using fallback presentation compiler.
2026.04.07 14:46:04 INFO  no build target found for C:\Users\carol\Desktop\PROYETOS\PROYECTO_SENSORES_FABRICA\sensores\src\main\java\com\example\sensores\model\SensorData.java. Using fallback presentation compiler.
2026.04.07 14:46:04 INFO  no build target found for C:\Users\carol\Desktop\PROYETOS\PROYECTO_SENSORES_FABRICA\sensores\src\main\java\com\example\sensores\model\SensorData.java. Using fallback presentation compiler.
2026.04.07 14:46:04 INFO  no build target found for C:\Users\carol\Desktop\PROYETOS\PROYECTO_SENSORES_FABRICA\sensores\src\main\java\com\example\sensores\model\SensorData.java. Using fallback presentation compiler.
2026.04.07 14:46:04 INFO  no build target found for C:\Users\carol\Desktop\PROYETOS\PROYECTO_SENSORES_FABRICA\sensores\src\main\java\com\example\sensores\model\SensorData.java. Using fallback presentation compiler.
2026.04.07 14:46:04 INFO  no build target found for C:\Users\carol\Desktop\PROYETOS\PROYECTO_SENSORES_FABRICA\sensores\src\main\java\com\example\sensores\model\SensorData.java. Using fallback presentation compiler.
2026.04.07 14:46:04 INFO  no build target found for C:\Users\carol\Desktop\PROYETOS\PROYECTO_SENSORES_FABRICA\sensores\src\main\java\com\example\sensores\model\SensorData.java. Using fallback presentation compiler.
2026.04.07 14:46:04 INFO  no build target found for C:\Users\carol\Desktop\PROYETOS\PROYECTO_SENSORES_FABRICA\sensores\src\main\java\com\example\sensores\model\SensorData.java. Using fallback presentation compiler.
2026.04.07 14:46:04 INFO  no build target found for C:\Users\carol\Desktop\PROYETOS\PROYECTO_SENSORES_FABRICA\sensores\src\main\java\com\example\sensores\model\SensorData.java. Using fallback presentation compiler.
2026.04.07 14:46:04 INFO  no build target found for C:\Users\carol\Desktop\PROYETOS\PROYECTO_SENSORES_FABRICA\sensores\src\main\java\com\example\sensores\model\SensorData.java. Using fallback presentation compiler.
2026.04.07 14:46:05 INFO  no build target found for C:\Users\carol\Desktop\PROYETOS\PROYECTO_SENSORES_FABRICA\sensores\src\main\java\com\example\sensores\model\SensorData.java. Using fallback presentation compiler.
2026.04.07 14:46:05 INFO  no build target found for C:\Users\carol\Desktop\PROYETOS\PROYECTO_SENSORES_FABRICA\sensores\src\main\java\com\example\sensores\model\SensorData.java. Using fallback presentation compiler.
2026.04.07 14:46:05 INFO  no build target found for C:\Users\carol\Desktop\PROYETOS\PROYECTO_SENSORES_FABRICA\sensores\src\main\java\com\example\sensores\model\SensorData.java. Using fallback presentation compiler.
2026.04.07 14:46:05 INFO  no build target found for C:\Users\carol\Desktop\PROYETOS\PROYECTO_SENSORES_FABRICA\sensores\src\main\java\com\example\sensores\model\SensorData.java. Using fallback presentation compiler.
2026.04.07 14:46:05 INFO  no build target found for C:\Users\carol\Desktop\PROYETOS\PROYECTO_SENSORES_FABRICA\sensores\src\main\java\com\example\sensores\model\SensorData.java. Using fallback presentation compiler.
2026.04.07 14:46:05 INFO  no build target found for C:\Users\carol\Desktop\PROYETOS\PROYECTO_SENSORES_FABRICA\sensores\src\main\java\com\example\sensores\model\SensorData.java. Using fallback presentation compiler.
2026.04.07 14:46:05 INFO  no build target found for C:\Users\carol\Desktop\PROYETOS\PROYECTO_SENSORES_FABRICA\sensores\src\main\java\com\example\sensores\model\SensorData.java. Using fallback presentation compiler.
2026.04.07 14:46:05 INFO  no build target found for C:\Users\carol\Desktop\PROYETOS\PROYECTO_SENSORES_FABRICA\sensores\src\main\java\com\example\sensores\model\SensorData.java. Using fallback presentation compiler.
2026.04.07 14:46:05 INFO  no build target found for C:\Users\carol\Desktop\PROYETOS\PROYECTO_SENSORES_FABRICA\sensores\src\main\java\com\example\sensores\model\SensorData.java. Using fallback presentation compiler.
2026.04.07 14:46:06 INFO  no build target found for C:\Users\carol\Desktop\PROYETOS\PROYECTO_SENSORES_FABRICA\sensores\src\main\java\com\example\sensores\model\SensorData.java. Using fallback presentation compiler.
2026.04.07 14:46:06 INFO  no build target found for C:\Users\carol\Desktop\PROYETOS\PROYECTO_SENSORES_FABRICA\sensores\src\main\java\com\example\sensores\model\SensorData.java. Using fallback presentation compiler.
2026.04.07 14:46:05 INFO  no build target found for C:\Users\carol\Desktop\PROYETOS\PROYECTO_SENSORES_FABRICA\sensores\src\main\java\com\example\sensores\model\SensorData.java. Using fallback presentation compiler.
2026.04.07 14:46:06 INFO  no build target found for C:\Users\carol\Desktop\PROYETOS\PROYECTO_SENSORES_FABRICA\sensores\src\main\java\com\example\sensores\model\SensorData.java. Using fallback presentation compiler.
2026.04.07 14:46:06 INFO  no build target found for C:\Users\carol\Desktop\PROYETOS\PROYECTO_SENSORES_FABRICA\sensores\src\main\java\com\example\sensores\model\SensorData.java. Using fallback presentation compiler.
2026.04.07 14:46:06 INFO  no build target found for C:\Users\carol\Desktop\PROYETOS\PROYECTO_SENSORES_FABRICA\sensores\src\main\java\com\example\sensores\model\SensorData.java. Using fallback presentation compiler.
2026.04.07 14:46:06 INFO  no build target found for C:\Users\carol\Desktop\PROYETOS\PROYECTO_SENSORES_FABRICA\sensores\src\main\java\com\example\sensores\model\SensorData.java. Using fallback presentation compiler.
2026.04.07 14:46:07 INFO  no build target found for C:\Users\carol\Desktop\PROYETOS\PROYECTO_SENSORES_FABRICA\sensores\src\main\java\com\example\sensores\model\SensorData.java. Using fallback presentation compiler.
2026.04.07 14:46:07 INFO  no build target found for C:\Users\carol\Desktop\PROYETOS\PROYECTO_SENSORES_FABRICA\sensores\src\main\java\com\example\sensores\model\SensorData.java. Using fallback presentation compiler.
2026.04.07 14:46:07 INFO  no build target found for C:\Users\carol\Desktop\PROYETOS\PROYECTO_SENSORES_FABRICA\sensores\src\main\java\com\example\sensores\model\SensorData.java. Using fallback presentation compiler.
2026.04.07 14:46:07 INFO  no build target found for C:\Users\carol\Desktop\PROYETOS\PROYECTO_SENSORES_FABRICA\sensores\src\main\java\com\example\sensores\model\SensorData.java. Using fallback presentation compiler.
2026.04.07 14:46:07 INFO  no build target found for C:\Users\carol\Desktop\PROYETOS\PROYECTO_SENSORES_FABRICA\sensores\src\main\java\com\example\sensores\model\SensorData.java. Using fallback presentation compiler.
2026.04.07 14:46:08 INFO  no build target found for C:\Users\carol\Desktop\PROYETOS\PROYECTO_SENSORES_FABRICA\sensores\src\main\java\com\example\sensores\model\SensorData.java. Using fallback presentation compiler.
2026.04.07 14:46:08 WARN  no build target for: C:\Users\carol\Desktop\PROYETOS\PROYECTO_SENSORES_FABRICA\sensores\src\main\java\com\example\sensores\model\SensorData.java
2026.04.07 14:46:08 INFO  no build target found for C:\Users\carol\Desktop\PROYETOS\PROYECTO_SENSORES_FABRICA\sensores\src\main\java\com\example\sensores\model\SensorData.java. Using fallback presentation compiler.
2026.04.07 14:46:09 INFO  no build target found for C:\Users\carol\Desktop\PROYETOS\PROYECTO_SENSORES_FABRICA\sensores\src\main\java\com\example\sensores\model\SensorData.java. Using fallback presentation compiler.
2026.04.07 14:46:09 INFO  no build target found for C:\Users\carol\Desktop\PROYETOS\PROYECTO_SENSORES_FABRICA\sensores\src\main\java\com\example\sensores\model\SensorData.java. Using fallback presentation compiler.
2026.04.07 14:46:08 INFO  no build target found for C:\Users\carol\Desktop\PROYETOS\PROYECTO_SENSORES_FABRICA\sensores\src\main\java\com\example\sensores\model\SensorData.java. Using fallback presentation compiler.
2026.04.07 14:46:09 INFO  no build target found for C:\Users\carol\Desktop\PROYETOS\PROYECTO_SENSORES_FABRICA\sensores\src\main\java\com\example\sensores\model\SensorData.java. Using fallback presentation compiler.
2026.04.07 14:46:09 INFO  no build target found for C:\Users\carol\Desktop\PROYETOS\PROYECTO_SENSORES_FABRICA\sensores\src\main\java\com\example\sensores\model\SensorData.java. Using fallback presentation compiler.
2026.04.07 14:46:09 INFO  no build target found for C:\Users\carol\Desktop\PROYETOS\PROYECTO_SENSORES_FABRICA\sensores\src\main\java\com\example\sensores\model\SensorData.java. Using fallback presentation compiler.
2026.04.07 14:46:09 INFO  no build target found for C:\Users\carol\Desktop\PROYETOS\PROYECTO_SENSORES_FABRICA\sensores\src\main\java\com\example\sensores\model\SensorData.java. Using fallback presentation compiler.
2026.04.07 14:46:09 INFO  no build target found for C:\Users\carol\Desktop\PROYETOS\PROYECTO_SENSORES_FABRICA\sensores\src\main\java\com\example\sensores\model\SensorData.java. Using fallback presentation compiler.
2026.04.07 14:46:10 INFO  no build target found for C:\Users\carol\Desktop\PROYETOS\PROYECTO_SENSORES_FABRICA\sensores\src\main\java\com\example\sensores\model\SensorData.java. Using fallback presentation compiler.
2026.04.07 14:46:10 INFO  no build target found for C:\Users\carol\Desktop\PROYETOS\PROYECTO_SENSORES_FABRICA\sensores\src\main\java\com\example\sensores\model\SensorData.java. Using fallback presentation compiler.
2026.04.07 14:46:10 INFO  no build target found for C:\Users\carol\Desktop\PROYETOS\PROYECTO_SENSORES_FABRICA\sensores\src\main\java\com\example\sensores\model\SensorData.java. Using fallback presentation compiler.
2026.04.07 14:46:10 INFO  no build target found for C:\Users\carol\Desktop\PROYETOS\PROYECTO_SENSORES_FABRICA\sensores\src\main\java\com\example\sensores\model\SensorData.java. Using fallback presentation compiler.
2026.04.07 14:46:10 WARN  no build target for: C:\Users\carol\Desktop\PROYETOS\PROYECTO_SENSORES_FABRICA\sensores\src\main\java\com\example\sensores\model\SensorData.java
2026.04.07 14:46:10 INFO  no build target found for C:\Users\carol\Desktop\PROYETOS\PROYECTO_SENSORES_FABRICA\sensores\src\main\java\com\example\sensores\model\SensorData.java. Using fallback presentation compiler.
2026.04.07 14:46:16 INFO  no build target found for C:\Users\carol\Desktop\PROYETOS\PROYECTO_SENSORES_FABRICA\sensores\src\main\java\com\example\sensores\model\SensorData.java. Using fallback presentation compiler.
2026.04.07 14:46:16 INFO  no build target found for C:\Users\carol\Desktop\PROYETOS\PROYECTO_SENSORES_FABRICA\sensores\src\main\java\com\example\sensores\model\SensorData.java. Using fallback presentation compiler.
2026.04.07 14:46:16 INFO  no build target found for C:\Users\carol\Desktop\PROYETOS\PROYECTO_SENSORES_FABRICA\sensores\src\main\java\com\example\sensores\model\SensorData.java. Using fallback presentation compiler.
2026.04.07 14:46:16 INFO  no build target found for C:\Users\carol\Desktop\PROYETOS\PROYECTO_SENSORES_FABRICA\sensores\src\main\java\com\example\sensores\model\SensorData.java. Using fallback presentation compiler.
2026.04.07 14:46:16 INFO  no build target found for C:\Users\carol\Desktop\PROYETOS\PROYECTO_SENSORES_FABRICA\sensores\src\main\java\com\example\sensores\model\SensorData.java. Using fallback presentation compiler.
2026.04.07 14:46:16 INFO  no build target found for C:\Users\carol\Desktop\PROYETOS\PROYECTO_SENSORES_FABRICA\sensores\src\main\java\com\example\sensores\model\SensorData.java. Using fallback presentation compiler.
2026.04.07 14:46:17 INFO  no build target found for C:\Users\carol\Desktop\PROYETOS\PROYECTO_SENSORES_FABRICA\sensores\src\main\java\com\example\sensores\model\SensorData.java. Using fallback presentation compiler.
2026.04.07 14:46:16 INFO  no build target found for C:\Users\carol\Desktop\PROYETOS\PROYECTO_SENSORES_FABRICA\sensores\src\main\java\com\example\sensores\model\SensorData.java. Using fallback presentation compiler.
2026.04.07 14:46:16 INFO  no build target found for C:\Users\carol\Desktop\PROYETOS\PROYECTO_SENSORES_FABRICA\sensores\src\main\java\com\example\sensores\model\SensorData.java. Using fallback presentation compiler.
2026.04.07 14:46:17 INFO  no build target found for C:\Users\carol\Desktop\PROYETOS\PROYECTO_SENSORES_FABRICA\sensores\src\main\java\com\example\sensores\model\SensorData.java. Using fallback presentation compiler.
2026.04.07 14:46:18 WARN  no build target for: C:\Users\carol\Desktop\PROYETOS\PROYECTO_SENSORES_FABRICA\sensores\src\main\java\com\example\sensores\model\SensorData.java
2026.04.07 14:46:18 INFO  no build target found for C:\Users\carol\Desktop\PROYETOS\PROYECTO_SENSORES_FABRICA\sensores\src\main\java\com\example\sensores\model\SensorData.java. Using fallback presentation compiler.
2026.04.07 14:46:18 INFO  no build target found for C:\Users\carol\Desktop\PROYETOS\PROYECTO_SENSORES_FABRICA\sensores\src\main\java\com\example\sensores\model\SensorData.java. Using fallback presentation compiler.
2026.04.07 14:46:18 INFO  no build target found for C:\Users\carol\Desktop\PROYETOS\PROYECTO_SENSORES_FABRICA\sensores\src\main\java\com\example\sensores\model\SensorData.java. Using fallback presentation compiler.
2026.04.07 14:46:18 INFO  no build target found for C:\Users\carol\Desktop\PROYETOS\PROYECTO_SENSORES_FABRICA\sensores\src\main\java\com\example\sensores\model\SensorData.java. Using fallback presentation compiler.
2026.04.07 14:46:19 INFO  no build target found for C:\Users\carol\Desktop\PROYETOS\PROYECTO_SENSORES_FABRICA\sensores\src\main\java\com\example\sensores\model\SensorData.java. Using fallback presentation compiler.
2026.04.07 14:46:18 INFO  no build target found for C:\Users\carol\Desktop\PROYETOS\PROYECTO_SENSORES_FABRICA\sensores\src\main\java\com\example\sensores\model\SensorData.java. Using fallback presentation compiler.
2026.04.07 14:46:18 INFO  no build target found for C:\Users\carol\Desktop\PROYETOS\PROYECTO_SENSORES_FABRICA\sensores\src\main\java\com\example\sensores\model\SensorData.java. Using fallback presentation compiler.
2026.04.07 14:46:19 INFO  no build target found for C:\Users\carol\Desktop\PROYETOS\PROYECTO_SENSORES_FABRICA\sensores\src\main\java\com\example\sensores\model\SensorData.java. Using fallback presentation compiler.
2026.04.07 14:46:19 INFO  no build target found for C:\Users\carol\Desktop\PROYETOS\PROYECTO_SENSORES_FABRICA\sensores\src\main\java\com\example\sensores\model\SensorData.java. Using fallback presentation compiler.
2026.04.07 14:46:19 INFO  no build target found for C:\Users\carol\Desktop\PROYETOS\PROYECTO_SENSORES_FABRICA\sensores\src\main\java\com\example\sensores\model\SensorData.java. Using fallback presentation compiler.
2026.04.07 14:46:20 INFO  no build target found for C:\Users\carol\Desktop\PROYETOS\PROYECTO_SENSORES_FABRICA\sensores\src\main\java\com\example\sensores\model\SensorData.java. Using fallback presentation compiler.
2026.04.07 14:46:19 INFO  no build target found for C:\Users\carol\Desktop\PROYETOS\PROYECTO_SENSORES_FABRICA\sensores\src\main\java\com\example\sensores\model\SensorData.java. Using fallback presentation compiler.
2026.04.07 14:46:19 INFO  no build target found for C:\Users\carol\Desktop\PROYETOS\PROYECTO_SENSORES_FABRICA\sensores\src\main\java\com\example\sensores\model\SensorData.java. Using fallback presentation compiler.
2026.04.07 14:46:20 INFO  no build target found for C:\Users\carol\Desktop\PROYETOS\PROYECTO_SENSORES_FABRICA\sensores\src\main\java\com\example\sensores\model\SensorData.java. Using fallback presentation compiler.
2026.04.07 14:46:21 INFO  no build target found for C:\Users\carol\Desktop\PROYETOS\PROYECTO_SENSORES_FABRICA\sensores\src\main\java\com\example\sensores\model\SensorData.java. Using fallback presentation compiler.
2026.04.07 14:46:21 INFO  no build target found for C:\Users\carol\Desktop\PROYETOS\PROYECTO_SENSORES_FABRICA\sensores\src\main\java\com\example\sensores\model\SensorData.java. Using fallback presentation compiler.
2026.04.07 14:46:21 INFO  no build target found for C:\Users\carol\Desktop\PROYETOS\PROYECTO_SENSORES_FABRICA\sensores\src\main\java\com\example\sensores\model\SensorData.java. Using fallback presentation compiler.
2026.04.07 14:46:22 WARN  no build target for: C:\Users\carol\Desktop\PROYETOS\PROYECTO_SENSORES_FABRICA\sensores\src\main\java\com\example\sensores\model\SensorData.java
2026.04.07 14:46:21 INFO  no build target found for C:\Users\carol\Desktop\PROYETOS\PROYECTO_SENSORES_FABRICA\sensores\src\main\java\com\example\sensores\model\SensorData.java. Using fallback presentation compiler.
2026.04.07 14:46:22 INFO  no build target found for C:\Users\carol\Desktop\PROYETOS\PROYECTO_SENSORES_FABRICA\sensores\src\main\java\com\example\sensores\model\SensorData.java. Using fallback presentation compiler.
2026.04.07 14:46:22 INFO  no build target found for C:\Users\carol\Desktop\PROYETOS\PROYECTO_SENSORES_FABRICA\sensores\src\main\java\com\example\sensores\model\SensorData.java. Using fallback presentation compiler.
2026.04.07 14:46:22 INFO  no build target found for C:\Users\carol\Desktop\PROYETOS\PROYECTO_SENSORES_FABRICA\sensores\src\main\java\com\example\sensores\model\SensorData.java. Using fallback presentation compiler.
2026.04.07 14:46:22 INFO  no build target found for C:\Users\carol\Desktop\PROYETOS\PROYECTO_SENSORES_FABRICA\sensores\src\main\java\com\example\sensores\model\SensorData.java. Using fallback presentation compiler.
2026.04.07 14:46:22 INFO  no build target found for C:\Users\carol\Desktop\PROYETOS\PROYECTO_SENSORES_FABRICA\sensores\src\main\java\com\example\sensores\model\SensorData.java. Using fallback presentation compiler.
2026.04.07 14:46:23 INFO  no build target found for C:\Users\carol\Desktop\PROYETOS\PROYECTO_SENSORES_FABRICA\sensores\src\main\java\com\example\sensores\model\SensorData.java. Using fallback presentation compiler.
2026.04.07 14:46:23 INFO  no build target found for C:\Users\carol\Desktop\PROYETOS\PROYECTO_SENSORES_FABRICA\sensores\src\main\java\com\example\sensores\model\SensorData.java. Using fallback presentation compiler.
2026.04.07 14:46:23 INFO  no build target found for C:\Users\carol\Desktop\PROYETOS\PROYECTO_SENSORES_FABRICA\sensores\src\main\java\com\example\sensores\model\SensorData.java. Using fallback presentation compiler.
2026.04.07 14:46:23 INFO  no build target found for C:\Users\carol\Desktop\PROYETOS\PROYECTO_SENSORES_FABRICA\sensores\src\main\java\com\example\sensores\model\SensorData.java. Using fallback presentation compiler.
2026.04.07 14:46:23 INFO  no build target found for C:\Users\carol\Desktop\PROYETOS\PROYECTO_SENSORES_FABRICA\sensores\src\main\java\com\example\sensores\model\SensorData.java. Using fallback presentation compiler.
2026.04.07 14:46:23 INFO  no build target found for C:\Users\carol\Desktop\PROYETOS\PROYECTO_SENSORES_FABRICA\sensores\src\main\java\com\example\sensores\model\SensorData.java. Using fallback presentation compiler.
2026.04.07 14:46:24 INFO  no build target found for C:\Users\carol\Desktop\PROYETOS\PROYECTO_SENSORES_FABRICA\sensores\src\main\java\com\example\sensores\model\SensorData.java. Using fallback presentation compiler.
2026.04.07 14:46:25 INFO  no build target found for C:\Users\carol\Desktop\PROYETOS\PROYECTO_SENSORES_FABRICA\sensores\src\main\java\com\example\sensores\model\SensorData.java. Using fallback presentation compiler.
2026.04.07 14:46:25 INFO  no build target found for C:\Users\carol\Desktop\PROYETOS\PROYECTO_SENSORES_FABRICA\sensores\src\main\java\com\example\sensores\model\SensorData.java. Using fallback presentation compiler.
2026.04.07 14:46:25 INFO  no build target found for C:\Users\carol\Desktop\PROYETOS\PROYECTO_SENSORES_FABRICA\sensores\src\main\java\com\example\sensores\model\SensorData.java. Using fallback presentation compiler.
2026.04.07 14:46:25 INFO  no build target found for C:\Users\carol\Desktop\PROYETOS\PROYECTO_SENSORES_FABRICA\sensores\src\main\java\com\example\sensores\model\SensorData.java. Using fallback presentation compiler.
2026.04.07 14:46:25 INFO  no build target found for C:\Users\carol\Desktop\PROYETOS\PROYECTO_SENSORES_FABRICA\sensores\src\main\java\com\example\sensores\model\SensorData.java. Using fallback presentation compiler.
2026.04.07 14:46:25 INFO  no build target found for C:\Users\carol\Desktop\PROYETOS\PROYECTO_SENSORES_FABRICA\sensores\src\main\java\com\example\sensores\model\SensorData.java. Using fallback presentation compiler.
2026.04.07 14:46:25 INFO  no build target found for C:\Users\carol\Desktop\PROYETOS\PROYECTO_SENSORES_FABRICA\sensores\src\main\java\com\example\sensores\model\SensorData.java. Using fallback presentation compiler.
2026.04.07 14:46:25 INFO  no build target found for C:\Users\carol\Desktop\PROYETOS\PROYECTO_SENSORES_FABRICA\sensores\src\main\java\com\example\sensores\model\SensorData.java. Using fallback presentation compiler.
2026.04.07 14:46:26 INFO  no build target found for C:\Users\carol\Desktop\PROYETOS\PROYECTO_SENSORES_FABRICA\sensores\src\main\java\com\example\sensores\model\SensorData.java. Using fallback presentation compiler.
2026.04.07 14:46:26 INFO  no build target found for C:\Users\carol\Desktop\PROYETOS\PROYECTO_SENSORES_FABRICA\sensores\src\main\java\com\example\sensores\model\SensorData.java. Using fallback presentation compiler.
2026.04.07 14:46:26 INFO  no build target found for C:\Users\carol\Desktop\PROYETOS\PROYECTO_SENSORES_FABRICA\sensores\src\main\java\com\example\sensores\model\SensorData.java. Using fallback presentation compiler.
2026.04.07 14:46:26 INFO  no build target found for C:\Users\carol\Desktop\PROYETOS\PROYECTO_SENSORES_FABRICA\sensores\src\main\java\com\example\sensores\model\SensorData.java. Using fallback presentation compiler.
2026.04.07 14:46:26 INFO  no build target found for C:\Users\carol\Desktop\PROYETOS\PROYECTO_SENSORES_FABRICA\sensores\src\main\java\com\example\sensores\model\SensorData.java. Using fallback presentation compiler.
2026.04.07 14:46:26 INFO  no build target found for C:\Users\carol\Desktop\PROYETOS\PROYECTO_SENSORES_FABRICA\sensores\src\main\java\com\example\sensores\model\SensorData.java. Using fallback presentation compiler.
2026.04.07 14:46:26 INFO  no build target found for C:\Users\carol\Desktop\PROYETOS\PROYECTO_SENSORES_FABRICA\sensores\src\main\java\com\example\sensores\model\SensorData.java. Using fallback presentation compiler.
2026.04.07 14:46:26 INFO  no build target found for C:\Users\carol\Desktop\PROYETOS\PROYECTO_SENSORES_FABRICA\sensores\src\main\java\com\example\sensores\model\SensorData.java. Using fallback presentation compiler.
2026.04.07 14:46:27 INFO  no build target found for C:\Users\carol\Desktop\PROYETOS\PROYECTO_SENSORES_FABRICA\sensores\src\main\java\com\example\sensores\model\SensorData.java. Using fallback presentation compiler.
2026.04.07 14:46:26 INFO  no build target found for C:\Users\carol\Desktop\PROYETOS\PROYECTO_SENSORES_FABRICA\sensores\src\main\java\com\example\sensores\model\SensorData.java. Using fallback presentation compiler.
2026.04.07 14:46:27 INFO  no build target found for C:\Users\carol\Desktop\PROYETOS\PROYECTO_SENSORES_FABRICA\sensores\src\main\java\com\example\sensores\model\SensorData.java. Using fallback presentation compiler.
2026.04.07 14:46:27 INFO  no build target found for C:\Users\carol\Desktop\PROYETOS\PROYECTO_SENSORES_FABRICA\sensores\src\main\java\com\example\sensores\model\SensorData.java. Using fallback presentation compiler.
2026.04.07 14:46:27 INFO  no build target found for C:\Users\carol\Desktop\PROYETOS\PROYECTO_SENSORES_FABRICA\sensores\src\main\java\com\example\sensores\model\SensorData.java. Using fallback presentation compiler.
2026.04.07 14:46:27 INFO  no build target found for C:\Users\carol\Desktop\PROYETOS\PROYECTO_SENSORES_FABRICA\sensores\src\main\java\com\example\sensores\model\SensorData.java. Using fallback presentation compiler.
2026.04.07 14:46:27 INFO  no build target found for C:\Users\carol\Desktop\PROYETOS\PROYECTO_SENSORES_FABRICA\sensores\src\main\java\com\example\sensores\model\SensorData.java. Using fallback presentation compiler.
2026.04.07 14:46:28 INFO  no build target found for C:\Users\carol\Desktop\PROYETOS\PROYECTO_SENSORES_FABRICA\sensores\src\main\java\com\example\sensores\model\SensorData.java. Using fallback presentation compiler.
2026.04.07 14:46:28 INFO  no build target found for C:\Users\carol\Desktop\PROYETOS\PROYECTO_SENSORES_FABRICA\sensores\src\main\java\com\example\sensores\model\SensorData.java. Using fallback presentation compiler.
2026.04.07 14:46:28 INFO  no build target found for C:\Users\carol\Desktop\PROYETOS\PROYECTO_SENSORES_FABRICA\sensores\src\main\java\com\example\sensores\model\SensorData.java. Using fallback presentation compiler.
2026.04.07 14:46:28 INFO  no build target found for C:\Users\carol\Desktop\PROYETOS\PROYECTO_SENSORES_FABRICA\sensores\src\main\java\com\example\sensores\model\SensorData.java. Using fallback presentation compiler.
2026.04.07 14:46:29 INFO  no build target found for C:\Users\carol\Desktop\PROYETOS\PROYECTO_SENSORES_FABRICA\sensores\src\main\java\com\example\sensores\model\SensorData.java. Using fallback presentation compiler.
2026.04.07 14:46:29 WARN  no build target for: C:\Users\carol\Desktop\PROYETOS\PROYECTO_SENSORES_FABRICA\sensores\src\main\java\com\example\sensores\model\SensorData.java
2026.04.07 14:46:29 INFO  no build target found for C:\Users\carol\Desktop\PROYETOS\PROYECTO_SENSORES_FABRICA\sensores\src\main\java\com\example\sensores\model\SensorData.java. Using fallback presentation compiler.
2026.04.07 14:46:30 INFO  no build target found for C:\Users\carol\Desktop\PROYETOS\PROYECTO_SENSORES_FABRICA\sensores\src\main\java\com\example\sensores\model\SensorData.java. Using fallback presentation compiler.
2026.04.07 14:46:30 INFO  no build target found for C:\Users\carol\Desktop\PROYETOS\PROYECTO_SENSORES_FABRICA\sensores\src\main\java\com\example\sensores\model\SensorData.java. Using fallback presentation compiler.
2026.04.07 14:46:30 INFO  no build target found for C:\Users\carol\Desktop\PROYETOS\PROYECTO_SENSORES_FABRICA\sensores\src\main\java\com\example\sensores\model\SensorData.java. Using fallback presentation compiler.
2026.04.07 14:46:30 INFO  no build target found for C:\Users\carol\Desktop\PROYETOS\PROYECTO_SENSORES_FABRICA\sensores\src\main\java\com\example\sensores\model\SensorData.java. Using fallback presentation compiler.
2026.04.07 14:46:30 INFO  no build target found for C:\Users\carol\Desktop\PROYETOS\PROYECTO_SENSORES_FABRICA\sensores\src\main\java\com\example\sensores\model\SensorData.java. Using fallback presentation compiler.
2026.04.07 14:46:30 INFO  no build target found for C:\Users\carol\Desktop\PROYETOS\PROYECTO_SENSORES_FABRICA\sensores\src\main\java\com\example\sensores\model\SensorData.java. Using fallback presentation compiler.
2026.04.07 14:46:30 INFO  no build target found for C:\Users\carol\Desktop\PROYETOS\PROYECTO_SENSORES_FABRICA\sensores\src\main\java\com\example\sensores\model\SensorData.java. Using fallback presentation compiler.
2026.04.07 14:46:30 INFO  no build target found for C:\Users\carol\Desktop\PROYETOS\PROYECTO_SENSORES_FABRICA\sensores\src\main\java\com\example\sensores\model\SensorData.java. Using fallback presentation compiler.
2026.04.07 14:46:30 INFO  no build target found for C:\Users\carol\Desktop\PROYETOS\PROYECTO_SENSORES_FABRICA\sensores\src\main\java\com\example\sensores\model\SensorData.java. Using fallback presentation compiler.
2026.04.07 14:46:30 INFO  no build target found for C:\Users\carol\Desktop\PROYETOS\PROYECTO_SENSORES_FABRICA\sensores\src\main\java\com\example\sensores\model\SensorData.java. Using fallback presentation compiler.
2026.04.07 14:46:31 INFO  no build target found for C:\Users\carol\Desktop\PROYETOS\PROYECTO_SENSORES_FABRICA\sensores\src\main\java\com\example\sensores\model\SensorData.java. Using fallback presentation compiler.
2026.04.07 14:46:31 INFO  no build target found for C:\Users\carol\Desktop\PROYETOS\PROYECTO_SENSORES_FABRICA\sensores\src\main\java\com\example\sensores\model\SensorData.java. Using fallback presentation compiler.
2026.04.07 14:46:31 INFO  no build target found for C:\Users\carol\Desktop\PROYETOS\PROYECTO_SENSORES_FABRICA\sensores\src\main\java\com\example\sensores\model\SensorData.java. Using fallback presentation compiler.
2026.04.07 14:46:31 INFO  no build target found for C:\Users\carol\Desktop\PROYETOS\PROYECTO_SENSORES_FABRICA\sensores\src\main\java\com\example\sensores\model\SensorData.java. Using fallback presentation compiler.
2026.04.07 14:46:31 INFO  no build target found for C:\Users\carol\Desktop\PROYETOS\PROYECTO_SENSORES_FABRICA\sensores\src\main\java\com\example\sensores\model\SensorData.java. Using fallback presentation compiler.
2026.04.07 14:46:31 INFO  no build target found for C:\Users\carol\Desktop\PROYETOS\PROYECTO_SENSORES_FABRICA\sensores\src\main\java\com\example\sensores\model\SensorData.java. Using fallback presentation compiler.
2026.04.07 14:46:32 INFO  no build target found for C:\Users\carol\Desktop\PROYETOS\PROYECTO_SENSORES_FABRICA\sensores\src\main\java\com\example\sensores\model\SensorData.java. Using fallback presentation compiler.
2026.04.07 14:46:31 INFO  no build target found for C:\Users\carol\Desktop\PROYETOS\PROYECTO_SENSORES_FABRICA\sensores\src\main\java\com\example\sensores\model\SensorData.java. Using fallback presentation compiler.
2026.04.07 14:46:31 INFO  no build target found for C:\Users\carol\Desktop\PROYETOS\PROYECTO_SENSORES_FABRICA\sensores\src\main\java\com\example\sensores\model\SensorData.java. Using fallback presentation compiler.
2026.04.07 14:46:31 INFO  no build target found for C:\Users\carol\Desktop\PROYETOS\PROYECTO_SENSORES_FABRICA\sensores\src\main\java\com\example\sensores\model\SensorData.java. Using fallback presentation compiler.
2026.04.07 14:46:32 INFO  no build target found for C:\Users\carol\Desktop\PROYETOS\PROYECTO_SENSORES_FABRICA\sensores\src\main\java\com\example\sensores\model\SensorData.java. Using fallback presentation compiler.
2026.04.07 14:46:32 INFO  no build target found for C:\Users\carol\Desktop\PROYETOS\PROYECTO_SENSORES_FABRICA\sensores\src\main\java\com\example\sensores\model\SensorData.java. Using fallback presentation compiler.
2026.04.07 14:46:32 INFO  no build target found for C:\Users\carol\Desktop\PROYETOS\PROYECTO_SENSORES_FABRICA\sensores\src\main\java\com\example\sensores\model\SensorData.java. Using fallback presentation compiler.
2026.04.07 14:46:32 INFO  no build target found for C:\Users\carol\Desktop\PROYETOS\PROYECTO_SENSORES_FABRICA\sensores\src\main\java\com\example\sensores\model\SensorData.java. Using fallback presentation compiler.
2026.04.07 14:46:32 INFO  no build target found for C:\Users\carol\Desktop\PROYETOS\PROYECTO_SENSORES_FABRICA\sensores\src\main\java\com\example\sensores\model\SensorData.java. Using fallback presentation compiler.
2026.04.07 14:46:32 INFO  no build target found for C:\Users\carol\Desktop\PROYETOS\PROYECTO_SENSORES_FABRICA\sensores\src\main\java\com\example\sensores\model\SensorData.java. Using fallback presentation compiler.
2026.04.07 14:46:32 INFO  no build target found for C:\Users\carol\Desktop\PROYETOS\PROYECTO_SENSORES_FABRICA\sensores\src\main\java\com\example\sensores\model\SensorData.java. Using fallback presentation compiler.
2026.04.07 14:46:32 INFO  no build target found for C:\Users\carol\Desktop\PROYETOS\PROYECTO_SENSORES_FABRICA\sensores\src\main\java\com\example\sensores\model\SensorData.java. Using fallback presentation compiler.
2026.04.07 14:46:32 INFO  no build target found for C:\Users\carol\Desktop\PROYETOS\PROYECTO_SENSORES_FABRICA\sensores\src\main\java\com\example\sensores\model\SensorData.java. Using fallback presentation compiler.
2026.04.07 14:46:32 INFO  no build target found for C:\Users\carol\Desktop\PROYETOS\PROYECTO_SENSORES_FABRICA\sensores\src\main\java\com\example\sensores\model\SensorData.java. Using fallback presentation compiler.
2026.04.07 14:46:32 INFO  no build target found for C:\Users\carol\Desktop\PROYETOS\PROYECTO_SENSORES_FABRICA\sensores\src\main\java\com\example\sensores\model\SensorData.java. Using fallback presentation compiler.
2026.04.07 14:46:33 INFO  no build target found for C:\Users\carol\Desktop\PROYETOS\PROYECTO_SENSORES_FABRICA\sensores\src\main\java\com\example\sensores\model\SensorData.java. Using fallback presentation compiler.
2026.04.07 14:46:33 INFO  no build target found for C:\Users\carol\Desktop\PROYETOS\PROYECTO_SENSORES_FABRICA\sensores\src\main\java\com\example\sensores\model\SensorData.java. Using fallback presentation compiler.
2026.04.07 14:46:33 INFO  no build target found for C:\Users\carol\Desktop\PROYETOS\PROYECTO_SENSORES_FABRICA\sensores\src\main\java\com\example\sensores\model\SensorData.java. Using fallback presentation compiler.
2026.04.07 14:46:33 INFO  no build target found for C:\Users\carol\Desktop\PROYETOS\PROYECTO_SENSORES_FABRICA\sensores\src\main\java\com\example\sensores\model\SensorData.java. Using fallback presentation compiler.
2026.04.07 14:46:33 INFO  no build target found for C:\Users\carol\Desktop\PROYETOS\PROYECTO_SENSORES_FABRICA\sensores\src\main\java\com\example\sensores\model\SensorData.java. Using fallback presentation compiler.
2026.04.07 14:46:33 INFO  no build target found for C:\Users\carol\Desktop\PROYETOS\PROYECTO_SENSORES_FABRICA\sensores\src\main\java\com\example\sensores\model\SensorData.java. Using fallback presentation compiler.
2026.04.07 14:46:33 INFO  no build target found for C:\Users\carol\Desktop\PROYETOS\PROYECTO_SENSORES_FABRICA\sensores\src\main\java\com\example\sensores\model\SensorData.java. Using fallback presentation compiler.
2026.04.07 14:46:33 INFO  no build target found for C:\Users\carol\Desktop\PROYETOS\PROYECTO_SENSORES_FABRICA\sensores\src\main\java\com\example\sensores\model\SensorData.java. Using fallback presentation compiler.
2026.04.07 14:46:34 INFO  no build target found for C:\Users\carol\Desktop\PROYETOS\PROYECTO_SENSORES_FABRICA\sensores\src\main\java\com\example\sensores\model\SensorData.java. Using fallback presentation compiler.
2026.04.07 14:46:35 WARN  no build target for: C:\Users\carol\Desktop\PROYETOS\PROYECTO_SENSORES_FABRICA\sensores\src\main\java\com\example\sensores\model\SensorData.java
2026.04.07 14:46:35 INFO  no build target found for C:\Users\carol\Desktop\PROYETOS\PROYECTO_SENSORES_FABRICA\sensores\src\main\java\com\example\sensores\model\SensorData.java. Using fallback presentation compiler.
2026.04.07 14:46:52 INFO  no build target found for C:\Users\carol\Desktop\PROYETOS\PROYECTO_SENSORES_FABRICA\sensores\src\main\java\com\example\sensores\model\SensorData.java. Using fallback presentation compiler.
2026.04.07 14:48:45 INFO  no build target found for C:\Users\carol\Desktop\PROYETOS\PROYECTO_SENSORES_FABRICA\sensores\src\main\java\com\example\sensores\model\SensorData.java. Using fallback presentation compiler.
abr 07, 2026 2:48:45 P. M. org.eclipse.lsp4j.jsonrpc.RemoteEndpoint handleCancellation
WARNING: Unmatched cancel notification for request id 663
2026.04.07 14:48:45 INFO  no build target found for C:\Users\carol\Desktop\PROYETOS\PROYECTO_SENSORES_FABRICA\sensores\src\main\java\com\example\sensores\model\SensorData.java. Using fallback presentation compiler.
2026.04.07 14:49:11 INFO  no build target found for C:\Users\carol\Desktop\PROYETOS\PROYECTO_SENSORES_FABRICA\sensores\src\main\java\com\example\sensores\model\SensorData.java. Using fallback presentation compiler.
2026.04.07 14:49:23 INFO  no build target found for C:\Users\carol\Desktop\PROYETOS\PROYECTO_SENSORES_FABRICA\sensores\src\main\java\com\example\sensores\model\SensorData.java. Using fallback presentation compiler.
2026.04.07 14:49:27 INFO  no build target found for C:\Users\carol\Desktop\PROYETOS\PROYECTO_SENSORES_FABRICA\sensores\src\main\java\com\example\sensores\model\SensorData.java. Using fallback presentation compiler.
2026.04.07 14:49:35 INFO  no build target found for C:\Users\carol\Desktop\PROYETOS\PROYECTO_SENSORES_FABRICA\sensores\src\main\java\com\example\sensores\model\SensorData.java. Using fallback presentation compiler.
2026.04.07 14:54:25 INFO  no build target found for C:\Users\carol\Desktop\PROYETOS\PROYECTO_SENSORES_FABRICA\sensores\src\main\java\com\example\sensores\model\SensorData.java. Using fallback presentation compiler.
2026.04.07 14:54:27 INFO  no build target found for C:\Users\carol\Desktop\PROYETOS\PROYECTO_SENSORES_FABRICA\sensores\src\main\java\com\example\sensores\model\SensorData.java. Using fallback presentation compiler.
2026.04.07 14:54:30 INFO  no build target found for C:\Users\carol\Desktop\PROYETOS\PROYECTO_SENSORES_FABRICA\sensores\src\main\java\com\example\sensores\model\SensorData.java. Using fallback presentation compiler.
2026.04.07 14:54:30 INFO  no build target found for C:\Users\carol\Desktop\PROYETOS\PROYECTO_SENSORES_FABRICA\sensores\src\main\java\com\example\sensores\model\SensorData.java. Using fallback presentation compiler.
2026.04.07 14:54:32 INFO  no build target found for C:\Users\carol\Desktop\PROYETOS\PROYECTO_SENSORES_FABRICA\sensores\src\main\java\com\example\sensores\model\SensorData.java. Using fallback presentation compiler.
2026.04.07 14:54:32 INFO  no build target found for C:\Users\carol\Desktop\PROYETOS\PROYECTO_SENSORES_FABRICA\sensores\src\main\java\com\example\sensores\model\SensorData.java. Using fallback presentation compiler.
2026.04.07 14:54:49 INFO  no build target found for C:\Users\carol\Desktop\PROYETOS\PROYECTO_SENSORES_FABRICA\sensores\src\main\java\com\example\sensores\repository\SensorDataRepository.java. Using fallback presentation compiler.
2026.04.07 14:54:50 INFO  no build target found for C:\Users\carol\Desktop\PROYETOS\PROYECTO_SENSORES_FABRICA\sensores\src\main\java\com\example\sensores\repository\SensorDataRepository.java. Using fallback presentation compiler.
2026.04.07 14:54:50 INFO  no build target found for C:\Users\carol\Desktop\PROYETOS\PROYECTO_SENSORES_FABRICA\sensores\src\main\java\com\example\sensores\repository\SensorDataRepository.java. Using fallback presentation compiler.
2026.04.07 14:54:50 INFO  no build target found for C:\Users\carol\Desktop\PROYETOS\PROYECTO_SENSORES_FABRICA\sensores\src\main\java\com\example\sensores\repository\SensorDataRepository.java. Using fallback presentation compiler.
2026.04.07 14:54:50 INFO  no build target found for C:\Users\carol\Desktop\PROYETOS\PROYECTO_SENSORES_FABRICA\sensores\src\main\java\com\example\sensores\repository\SensorDataRepository.java. Using fallback presentation compiler.
2026.04.07 14:54:51 WARN  no build target for: C:\Users\carol\Desktop\PROYETOS\PROYECTO_SENSORES_FABRICA\sensores\src\main\java\com\example\sensores\repository\SensorDataRepository.java
2026.04.07 14:54:51 INFO  no build target found for C:\Users\carol\Desktop\PROYETOS\PROYECTO_SENSORES_FABRICA\sensores\src\main\java\com\example\sensores\repository\SensorDataRepository.java. Using fallback presentation compiler.
2026.04.07 14:54:53 INFO  no build target found for C:\Users\carol\Desktop\PROYETOS\PROYECTO_SENSORES_FABRICA\sensores\src\main\java\com\example\sensores\model\SensorData.java. Using fallback presentation compiler.
2026.04.07 14:54:53 WARN  no build target for: C:\Users\carol\Desktop\PROYETOS\PROYECTO_SENSORES_FABRICA\sensores\src\main\java\com\example\sensores\model\SensorData.java
abr 07, 2026 2:54:53 P. M. org.eclipse.lsp4j.jsonrpc.RemoteEndpoint handleCancellation
WARNING: Unmatched cancel notification for request id 706
2026.04.07 14:54:53 INFO  no build target found for C:\Users\carol\Desktop\PROYETOS\PROYECTO_SENSORES_FABRICA\sensores\src\main\java\com\example\sensores\model\SensorData.java. Using fallback presentation compiler.
2026.04.07 14:54:53 INFO  no build target found for C:\Users\carol\Desktop\PROYETOS\PROYECTO_SENSORES_FABRICA\sensores\src\main\java\com\example\sensores\model\SensorData.java. Using fallback presentation compiler.
2026.04.07 14:54:53 INFO  no build target found for C:\Users\carol\Desktop\PROYETOS\PROYECTO_SENSORES_FABRICA\sensores\src\main\java\com\example\sensores\model\SensorData.java. Using fallback presentation compiler.
2026.04.07 14:54:53 INFO  no build target found for C:\Users\carol\Desktop\PROYETOS\PROYECTO_SENSORES_FABRICA\sensores\src\main\java\com\example\sensores\model\SensorData.java. Using fallback presentation compiler.
2026.04.07 14:54:53 INFO  no build target found for C:\Users\carol\Desktop\PROYETOS\PROYECTO_SENSORES_FABRICA\sensores\src\main\java\com\example\sensores\model\SensorData.java. Using fallback presentation compiler.
2026.04.07 14:54:54 INFO  no build target found for C:\Users\carol\Desktop\PROYETOS\PROYECTO_SENSORES_FABRICA\sensores\src\main\java\com\example\sensores\model\SensorData.java. Using fallback presentation compiler.
2026.04.07 14:54:54 INFO  no build target found for C:\Users\carol\Desktop\PROYETOS\PROYECTO_SENSORES_FABRICA\sensores\src\main\java\com\example\sensores\model\SensorData.java. Using fallback presentation compiler.
2026.04.07 14:54:56 INFO  no build target found for C:\Users\carol\Desktop\PROYETOS\PROYECTO_SENSORES_FABRICA\sensores\src\main\java\com\example\sensores\model\SensorData.java. Using fallback presentation compiler.
2026.04.07 14:54:56 INFO  no build target found for C:\Users\carol\Desktop\PROYETOS\PROYECTO_SENSORES_FABRICA\sensores\src\main\java\com\example\sensores\model\SensorData.java. Using fallback presentation compiler.
2026.04.07 14:55:04 INFO  no build target found for C:\Users\carol\Desktop\PROYETOS\PROYECTO_SENSORES_FABRICA\sensores\src\main\java\com\example\sensores\repository\SensorDataRepository.java. Using fallback presentation compiler.
2026.04.07 14:55:04 WARN  no build target for: C:\Users\carol\Desktop\PROYETOS\PROYECTO_SENSORES_FABRICA\sensores\src\main\java\com\example\sensores\repository\SensorDataRepository.java
2026.04.07 14:55:04 INFO  no build target found for C:\Users\carol\Desktop\PROYETOS\PROYECTO_SENSORES_FABRICA\sensores\src\main\java\com\example\sensores\repository\SensorDataRepository.java. Using fallback presentation compiler.
2026.04.07 14:55:06 INFO  no build target found for C:\Users\carol\Desktop\PROYETOS\PROYECTO_SENSORES_FABRICA\sensores\src\main\java\com\example\sensores\repository\SensorDataRepository.java. Using fallback presentation compiler.
2026.04.07 14:55:06 INFO  no build target found for C:\Users\carol\Desktop\PROYETOS\PROYECTO_SENSORES_FABRICA\sensores\src\main\java\com\example\sensores\repository\SensorDataRepository.java. Using fallback presentation compiler.
2026.04.07 14:56:47 INFO  no build target found for C:\Users\carol\Desktop\PROYETOS\PROYECTO_SENSORES_FABRICA\sensores\src\main\java\com\example\sensores\repository\SensorDataRepository.java. Using fallback presentation compiler.
2026.04.07 14:56:47 WARN  no build target for: C:\Users\carol\Desktop\PROYETOS\PROYECTO_SENSORES_FABRICA\sensores\src\main\java\com\example\sensores\repository\SensorDataRepository.java
2026.04.07 14:56:47 INFO  no build target found for C:\Users\carol\Desktop\PROYETOS\PROYECTO_SENSORES_FABRICA\sensores\src\main\java\com\example\sensores\repository\SensorDataRepository.java. Using fallback presentation compiler.
2026.04.07 14:56:47 INFO  no build target found for C:\Users\carol\Desktop\PROYETOS\PROYECTO_SENSORES_FABRICA\sensores\src\main\java\com\example\sensores\repository\SensorDataRepository.java. Using fallback presentation compiler.
2026.04.07 14:56:47 INFO  no build target found for C:\Users\carol\Desktop\PROYETOS\PROYECTO_SENSORES_FABRICA\sensores\src\main\java\com\example\sensores\repository\SensorDataRepository.java. Using fallback presentation compiler.
2026.04.07 14:56:49 INFO  no build target found for C:\Users\carol\Desktop\PROYETOS\PROYECTO_SENSORES_FABRICA\sensores\src\main\java\com\example\sensores\repository\SensorDataRepository.java. Using fallback presentation compiler.
2026.04.07 14:56:49 INFO  no build target found for C:\Users\carol\Desktop\PROYETOS\PROYECTO_SENSORES_FABRICA\sensores\src\main\java\com\example\sensores\repository\SensorDataRepository.java. Using fallback presentation compiler.
2026.04.07 14:56:49 INFO  no build target found for C:\Users\carol\Desktop\PROYETOS\PROYECTO_SENSORES_FABRICA\sensores\src\main\java\com\example\sensores\repository\SensorDataRepository.java. Using fallback presentation compiler.
2026.04.07 14:56:49 INFO  no build target found for C:\Users\carol\Desktop\PROYETOS\PROYECTO_SENSORES_FABRICA\sensores\src\main\java\com\example\sensores\repository\SensorDataRepository.java. Using fallback presentation compiler.
2026.04.07 14:56:50 INFO  no build target found for C:\Users\carol\Desktop\PROYETOS\PROYECTO_SENSORES_FABRICA\sensores\src\main\java\com\example\sensores\repository\SensorDataRepository.java. Using fallback presentation compiler.
2026.04.07 14:56:50 INFO  no build target found for C:\Users\carol\Desktop\PROYETOS\PROYECTO_SENSORES_FABRICA\sensores\src\main\java\com\example\sensores\repository\SensorDataRepository.java. Using fallback presentation compiler.
2026.04.07 14:56:51 WARN  no build target for: C:\Users\carol\Desktop\PROYETOS\PROYECTO_SENSORES_FABRICA\sensores\src\main\java\com\example\sensores\repository\SensorDataRepository.java
2026.04.07 14:56:51 INFO  no build target found for C:\Users\carol\Desktop\PROYETOS\PROYECTO_SENSORES_FABRICA\sensores\src\main\java\com\example\sensores\repository\SensorDataRepository.java. Using fallback presentation compiler.
2026.04.07 14:56:51 INFO  no build target found for C:\Users\carol\Desktop\PROYETOS\PROYECTO_SENSORES_FABRICA\sensores\src\main\java\com\example\sensores\repository\SensorDataRepository.java. Using fallback presentation compiler.
2026.04.07 14:56:52 INFO  no build target found for C:\Users\carol\Desktop\PROYETOS\PROYECTO_SENSORES_FABRICA\sensores\src\main\java\com\example\sensores\repository\SensorDataRepository.java. Using fallback presentation compiler.
2026.04.07 14:56:52 INFO  no build target found for C:\Users\carol\Desktop\PROYETOS\PROYECTO_SENSORES_FABRICA\sensores\src\main\java\com\example\sensores\repository\SensorDataRepository.java. Using fallback presentation compiler.
2026.04.07 14:57:03 INFO  no build target found for C:\Users\carol\Desktop\PROYETOS\PROYECTO_SENSORES_FABRICA\sensores\src\main\java\com\example\sensores\repository\SensorDataRepository.java. Using fallback presentation compiler.
2026.04.07 14:57:03 INFO  no build target found for C:\Users\carol\Desktop\PROYETOS\PROYECTO_SENSORES_FABRICA\sensores\src\main\java\com\example\sensores\repository\SensorDataRepository.java. Using fallback presentation compiler.
abr 07, 2026 2:57:03 P. M. org.eclipse.lsp4j.jsonrpc.RemoteEndpoint handleCancellation
WARNING: Unmatched cancel notification for request id 770
2026.04.07 14:57:04 INFO  no build target found for C:\Users\carol\Desktop\PROYETOS\PROYECTO_SENSORES_FABRICA\sensores\src\main\java\com\example\sensores\repository\SensorDataRepository.java. Using fallback presentation compiler.
2026.04.07 14:57:10 INFO  no build target found for C:\Users\carol\Desktop\PROYETOS\PROYECTO_SENSORES_FABRICA\sensores\src\main\java\com\example\sensores\repository\SensorDataRepository.java. Using fallback presentation compiler.
2026.04.07 14:57:10 INFO  no build target found for C:\Users\carol\Desktop\PROYETOS\PROYECTO_SENSORES_FABRICA\sensores\src\main\java\com\example\sensores\repository\SensorDataRepository.java. Using fallback presentation compiler.
2026.04.07 14:57:11 INFO  no build target found for C:\Users\carol\Desktop\PROYETOS\PROYECTO_SENSORES_FABRICA\sensores\src\main\java\com\example\sensores\repository\SensorDataRepository.java. Using fallback presentation compiler.
2026.04.07 14:57:11 INFO  no build target found for C:\Users\carol\Desktop\PROYETOS\PROYECTO_SENSORES_FABRICA\sensores\src\main\java\com\example\sensores\repository\SensorDataRepository.java. Using fallback presentation compiler.
2026.04.07 14:58:13 INFO  no build target found for C:\Users\carol\Desktop\PROYETOS\PROYECTO_SENSORES_FABRICA\sensores\src\main\java\com\example\sensores\service\SensorService.java. Using fallback presentation compiler.
2026.04.07 14:58:13 INFO  no build target found for C:\Users\carol\Desktop\PROYETOS\PROYECTO_SENSORES_FABRICA\sensores\src\main\java\com\example\sensores\service\SensorService.java. Using fallback presentation compiler.
2026.04.07 14:58:13 INFO  no build target found for C:\Users\carol\Desktop\PROYETOS\PROYECTO_SENSORES_FABRICA\sensores\src\main\java\com\example\sensores\service\SensorService.java. Using fallback presentation compiler.
2026.04.07 14:58:13 INFO  no build target found for C:\Users\carol\Desktop\PROYETOS\PROYECTO_SENSORES_FABRICA\sensores\src\main\java\com\example\sensores\service\SensorService.java. Using fallback presentation compiler.
2026.04.07 14:58:13 INFO  no build target found for C:\Users\carol\Desktop\PROYETOS\PROYECTO_SENSORES_FABRICA\sensores\src\main\java\com\example\sensores\service\SensorService.java. Using fallback presentation compiler.
2026.04.07 14:58:14 WARN  no build target for: C:\Users\carol\Desktop\PROYETOS\PROYECTO_SENSORES_FABRICA\sensores\src\main\java\com\example\sensores\service\SensorService.java
2026.04.07 14:58:14 INFO  no build target found for C:\Users\carol\Desktop\PROYETOS\PROYECTO_SENSORES_FABRICA\sensores\src\main\java\com\example\sensores\service\SensorService.java. Using fallback presentation compiler.
2026.04.07 14:58:15 INFO  no build target found for C:\Users\carol\Desktop\PROYETOS\PROYECTO_SENSORES_FABRICA\sensores\src\main\java\com\example\sensores\service\SensorService.java. Using fallback presentation compiler.
2026.04.07 14:58:15 INFO  no build target found for C:\Users\carol\Desktop\PROYETOS\PROYECTO_SENSORES_FABRICA\sensores\src\main\java\com\example\sensores\service\SensorService.java. Using fallback presentation compiler.
2026.04.07 14:58:15 INFO  no build target found for C:\Users\carol\Desktop\PROYETOS\PROYECTO_SENSORES_FABRICA\sensores\src\main\java\com\example\sensores\service\SensorService.java. Using fallback presentation compiler.
2026.04.07 14:58:15 INFO  no build target found for C:\Users\carol\Desktop\PROYETOS\PROYECTO_SENSORES_FABRICA\sensores\src\main\java\com\example\sensores\service\SensorService.java. Using fallback presentation compiler.
2026.04.07 14:58:16 INFO  no build target found for C:\Users\carol\Desktop\PROYETOS\PROYECTO_SENSORES_FABRICA\sensores\src\main\java\com\example\sensores\service\SensorService.java. Using fallback presentation compiler.
2026.04.07 14:58:16 INFO  no build target found for C:\Users\carol\Desktop\PROYETOS\PROYECTO_SENSORES_FABRICA\sensores\src\main\java\com\example\sensores\service\SensorService.java. Using fallback presentation compiler.
2026.04.07 14:58:16 INFO  no build target found for C:\Users\carol\Desktop\PROYETOS\PROYECTO_SENSORES_FABRICA\sensores\src\main\java\com\example\sensores\service\SensorService.java. Using fallback presentation compiler.
2026.04.07 14:58:16 INFO  no build target found for C:\Users\carol\Desktop\PROYETOS\PROYECTO_SENSORES_FABRICA\sensores\src\main\java\com\example\sensores\service\SensorService.java. Using fallback presentation compiler.
2026.04.07 14:58:16 INFO  no build target found for C:\Users\carol\Desktop\PROYETOS\PROYECTO_SENSORES_FABRICA\sensores\src\main\java\com\example\sensores\service\SensorService.java. Using fallback presentation compiler.
2026.04.07 14:58:16 INFO  no build target found for C:\Users\carol\Desktop\PROYETOS\PROYECTO_SENSORES_FABRICA\sensores\src\main\java\com\example\sensores\service\SensorService.java. Using fallback presentation compiler.
2026.04.07 14:58:16 INFO  no build target found for C:\Users\carol\Desktop\PROYETOS\PROYECTO_SENSORES_FABRICA\sensores\src\main\java\com\example\sensores\service\SensorService.java. Using fallback presentation compiler.
2026.04.07 14:58:16 INFO  no build target found for C:\Users\carol\Desktop\PROYETOS\PROYECTO_SENSORES_FABRICA\sensores\src\main\java\com\example\sensores\service\SensorService.java. Using fallback presentation compiler.
2026.04.07 14:58:16 INFO  no build target found for C:\Users\carol\Desktop\PROYETOS\PROYECTO_SENSORES_FABRICA\sensores\src\main\java\com\example\sensores\service\SensorService.java. Using fallback presentation compiler.
2026.04.07 14:58:17 INFO  no build target found for C:\Users\carol\Desktop\PROYETOS\PROYECTO_SENSORES_FABRICA\sensores\src\main\java\com\example\sensores\service\SensorService.java. Using fallback presentation compiler.
2026.04.07 14:58:17 INFO  no build target found for C:\Users\carol\Desktop\PROYETOS\PROYECTO_SENSORES_FABRICA\sensores\src\main\java\com\example\sensores\service\SensorService.java. Using fallback presentation compiler.
2026.04.07 14:58:17 INFO  no build target found for C:\Users\carol\Desktop\PROYETOS\PROYECTO_SENSORES_FABRICA\sensores\src\main\java\com\example\sensores\service\SensorService.java. Using fallback presentation compiler.
2026.04.07 14:58:17 INFO  no build target found for C:\Users\carol\Desktop\PROYETOS\PROYECTO_SENSORES_FABRICA\sensores\src\main\java\com\example\sensores\service\SensorService.java. Using fallback presentation compiler.
2026.04.07 14:58:17 INFO  no build target found for C:\Users\carol\Desktop\PROYETOS\PROYECTO_SENSORES_FABRICA\sensores\src\main\java\com\example\sensores\service\SensorService.java. Using fallback presentation compiler.
2026.04.07 14:58:17 INFO  no build target found for C:\Users\carol\Desktop\PROYETOS\PROYECTO_SENSORES_FABRICA\sensores\src\main\java\com\example\sensores\service\SensorService.java. Using fallback presentation compiler.
2026.04.07 14:58:17 INFO  no build target found for C:\Users\carol\Desktop\PROYETOS\PROYECTO_SENSORES_FABRICA\sensores\src\main\java\com\example\sensores\service\SensorService.java. Using fallback presentation compiler.
2026.04.07 14:58:18 INFO  no build target found for C:\Users\carol\Desktop\PROYETOS\PROYECTO_SENSORES_FABRICA\sensores\src\main\java\com\example\sensores\service\SensorService.java. Using fallback presentation compiler.
2026.04.07 14:58:17 INFO  no build target found for C:\Users\carol\Desktop\PROYETOS\PROYECTO_SENSORES_FABRICA\sensores\src\main\java\com\example\sensores\service\SensorService.java. Using fallback presentation compiler.
2026.04.07 14:58:18 INFO  no build target found for C:\Users\carol\Desktop\PROYETOS\PROYECTO_SENSORES_FABRICA\sensores\src\main\java\com\example\sensores\service\SensorService.java. Using fallback presentation compiler.
2026.04.07 14:58:18 INFO  no build target found for C:\Users\carol\Desktop\PROYETOS\PROYECTO_SENSORES_FABRICA\sensores\src\main\java\com\example\sensores\service\SensorService.java. Using fallback presentation compiler.
2026.04.07 14:58:17 INFO  no build target found for C:\Users\carol\Desktop\PROYETOS\PROYECTO_SENSORES_FABRICA\sensores\src\main\java\com\example\sensores\service\SensorService.java. Using fallback presentation compiler.
2026.04.07 14:58:18 INFO  no build target found for C:\Users\carol\Desktop\PROYETOS\PROYECTO_SENSORES_FABRICA\sensores\src\main\java\com\example\sensores\service\SensorService.java. Using fallback presentation compiler.
2026.04.07 14:58:19 WARN  no build target for: C:\Users\carol\Desktop\PROYETOS\PROYECTO_SENSORES_FABRICA\sensores\src\main\java\com\example\sensores\service\SensorService.java
2026.04.07 14:58:19 INFO  no build target found for C:\Users\carol\Desktop\PROYETOS\PROYECTO_SENSORES_FABRICA\sensores\src\main\java\com\example\sensores\service\SensorService.java. Using fallback presentation compiler.
2026.04.07 14:58:20 INFO  no build target found for C:\Users\carol\Desktop\PROYETOS\PROYECTO_SENSORES_FABRICA\sensores\src\main\java\com\example\sensores\service\SensorService.java. Using fallback presentation compiler.
2026.04.07 14:58:20 INFO  no build target found for C:\Users\carol\Desktop\PROYETOS\PROYECTO_SENSORES_FABRICA\sensores\src\main\java\com\example\sensores\service\SensorService.java. Using fallback presentation compiler.
2026.04.07 14:58:20 INFO  no build target found for C:\Users\carol\Desktop\PROYETOS\PROYECTO_SENSORES_FABRICA\sensores\src\main\java\com\example\sensores\service\SensorService.java. Using fallback presentation compiler.
2026.04.07 14:58:20 INFO  no build target found for C:\Users\carol\Desktop\PROYETOS\PROYECTO_SENSORES_FABRICA\sensores\src\main\java\com\example\sensores\service\SensorService.java. Using fallback presentation compiler.
2026.04.07 14:58:21 INFO  no build target found for C:\Users\carol\Desktop\PROYETOS\PROYECTO_SENSORES_FABRICA\sensores\src\main\java\com\example\sensores\service\SensorService.java. Using fallback presentation compiler.
2026.04.07 14:58:22 WARN  no build target for: C:\Users\carol\Desktop\PROYETOS\PROYECTO_SENSORES_FABRICA\sensores\src\main\java\com\example\sensores\service\SensorService.java
2026.04.07 14:58:22 INFO  no build target found for C:\Users\carol\Desktop\PROYETOS\PROYECTO_SENSORES_FABRICA\sensores\src\main\java\com\example\sensores\service\SensorService.java. Using fallback presentation compiler.
2026.04.07 14:59:00 INFO  no build target found for C:\Users\carol\Desktop\PROYETOS\PROYECTO_SENSORES_FABRICA\sensores\src\main\java\com\example\sensores\repository\SensorDataRepository.java. Using fallback presentation compiler.
2026.04.07 14:59:00 WARN  no build target for: C:\Users\carol\Desktop\PROYETOS\PROYECTO_SENSORES_FABRICA\sensores\src\main\java\com\example\sensores\repository\SensorDataRepository.java
2026.04.07 14:59:00 INFO  no build target found for C:\Users\carol\Desktop\PROYETOS\PROYECTO_SENSORES_FABRICA\sensores\src\main\java\com\example\sensores\repository\SensorDataRepository.java. Using fallback presentation compiler.
2026.04.07 14:59:00 INFO  no build target found for C:\Users\carol\Desktop\PROYETOS\PROYECTO_SENSORES_FABRICA\sensores\src\main\java\com\example\sensores\repository\SensorDataRepository.java. Using fallback presentation compiler.
2026.04.07 14:59:00 INFO  no build target found for C:\Users\carol\Desktop\PROYETOS\PROYECTO_SENSORES_FABRICA\sensores\src\main\java\com\example\sensores\repository\SensorDataRepository.java. Using fallback presentation compiler.
2026.04.07 14:59:05 INFO  no build target found for C:\Users\carol\Desktop\PROYETOS\PROYECTO_SENSORES_FABRICA\sensores\src\main\java\com\example\sensores\repository\SensorDataRepository.java. Using fallback presentation compiler.
2026.04.07 14:59:05 INFO  no build target found for C:\Users\carol\Desktop\PROYETOS\PROYECTO_SENSORES_FABRICA\sensores\src\main\java\com\example\sensores\repository\SensorDataRepository.java. Using fallback presentation compiler.
2026.04.07 14:59:05 INFO  no build target found for C:\Users\carol\Desktop\PROYETOS\PROYECTO_SENSORES_FABRICA\sensores\src\main\java\com\example\sensores\repository\SensorDataRepository.java. Using fallback presentation compiler.
2026.04.07 14:59:06 INFO  no build target found for C:\Users\carol\Desktop\PROYETOS\PROYECTO_SENSORES_FABRICA\sensores\src\main\java\com\example\sensores\repository\SensorDataRepository.java. Using fallback presentation compiler.
2026.04.07 14:59:06 INFO  no build target found for C:\Users\carol\Desktop\PROYETOS\PROYECTO_SENSORES_FABRICA\sensores\src\main\java\com\example\sensores\repository\SensorDataRepository.java. Using fallback presentation compiler.
2026.04.07 14:59:08 INFO  no build target found for C:\Users\carol\Desktop\PROYETOS\PROYECTO_SENSORES_FABRICA\sensores\src\main\java\com\example\sensores\repository\SensorDataRepository.java. Using fallback presentation compiler.
2026.04.07 14:59:11 INFO  no build target found for C:\Users\carol\Desktop\PROYETOS\PROYECTO_SENSORES_FABRICA\sensores\src\main\java\com\example\sensores\repository\SensorDataRepository.java. Using fallback presentation compiler.
2026.04.07 14:59:11 INFO  no build target found for C:\Users\carol\Desktop\PROYETOS\PROYECTO_SENSORES_FABRICA\sensores\src\main\java\com\example\sensores\repository\SensorDataRepository.java. Using fallback presentation compiler.
2026.04.07 14:59:13 INFO  no build target found for C:\Users\carol\Desktop\PROYETOS\PROYECTO_SENSORES_FABRICA\sensores\src\main\java\com\example\sensores\repository\SensorDataRepository.java. Using fallback presentation compiler.
2026.04.07 14:59:13 INFO  no build target found for C:\Users\carol\Desktop\PROYETOS\PROYECTO_SENSORES_FABRICA\sensores\src\main\java\com\example\sensores\repository\SensorDataRepository.java. Using fallback presentation compiler.
2026.04.07 14:59:14 INFO  no build target found for C:\Users\carol\Desktop\PROYETOS\PROYECTO_SENSORES_FABRICA\sensores\src\main\java\com\example\sensores\repository\SensorDataRepository.java. Using fallback presentation compiler.
2026.04.07 14:59:19 INFO  no build target found for C:\Users\carol\Desktop\PROYETOS\PROYECTO_SENSORES_FABRICA\sensores\src\main\java\com\example\sensores\service\SensorService.java. Using fallback presentation compiler.
2026.04.07 14:59:19 WARN  no build target for: C:\Users\carol\Desktop\PROYETOS\PROYECTO_SENSORES_FABRICA\sensores\src\main\java\com\example\sensores\service\SensorService.java
2026.04.07 14:59:19 INFO  no build target found for C:\Users\carol\Desktop\PROYETOS\PROYECTO_SENSORES_FABRICA\sensores\src\main\java\com\example\sensores\service\SensorService.java. Using fallback presentation compiler.
2026.04.07 14:59:22 INFO  no build target found for C:\Users\carol\Desktop\PROYETOS\PROYECTO_SENSORES_FABRICA\sensores\src\main\java\com\example\sensores\service\SensorService.java. Using fallback presentation compiler.
2026.04.07 14:59:22 INFO  no build target found for C:\Users\carol\Desktop\PROYETOS\PROYECTO_SENSORES_FABRICA\sensores\src\main\java\com\example\sensores\service\SensorService.java. Using fallback presentation compiler.
2026.04.07 14:59:22 INFO  no build target found for C:\Users\carol\Desktop\PROYETOS\PROYECTO_SENSORES_FABRICA\sensores\src\main\java\com\example\sensores\service\SensorService.java. Using fallback presentation compiler.
2026.04.07 14:59:22 INFO  no build target found for C:\Users\carol\Desktop\PROYETOS\PROYECTO_SENSORES_FABRICA\sensores\src\main\java\com\example\sensores\service\SensorService.java. Using fallback presentation compiler.
2026.04.07 14:59:23 WARN  no build target for: C:\Users\carol\Desktop\PROYETOS\PROYECTO_SENSORES_FABRICA\sensores\src\main\java\com\example\sensores\service\SensorService.java
2026.04.07 14:59:23 INFO  no build target found for C:\Users\carol\Desktop\PROYETOS\PROYECTO_SENSORES_FABRICA\sensores\src\main\java\com\example\sensores\service\SensorService.java. Using fallback presentation compiler.
2026.04.07 14:59:24 INFO  no build target found for C:\Users\carol\Desktop\PROYETOS\PROYECTO_SENSORES_FABRICA\sensores\src\main\java\com\example\sensores\service\SensorService.java. Using fallback presentation compiler.
2026.04.07 14:59:28 INFO  no build target found for C:\Users\carol\Desktop\PROYETOS\PROYECTO_SENSORES_FABRICA\sensores\src\main\java\com\example\sensores\service\SensorService.java. Using fallback presentation compiler.
2026.04.07 14:59:28 INFO  no build target found for C:\Users\carol\Desktop\PROYETOS\PROYECTO_SENSORES_FABRICA\sensores\src\main\java\com\example\sensores\service\SensorService.java. Using fallback presentation compiler.
2026.04.07 14:59:30 INFO  no build target found for C:\Users\carol\Desktop\PROYETOS\PROYECTO_SENSORES_FABRICA\sensores\src\main\java\com\example\sensores\service\SensorService.java. Using fallback presentation compiler.
2026.04.07 14:59:30 INFO  no build target found for C:\Users\carol\Desktop\PROYETOS\PROYECTO_SENSORES_FABRICA\sensores\src\main\java\com\example\sensores\service\SensorService.java. Using fallback presentation compiler.
2026.04.07 14:59:30 INFO  no build target found for C:\Users\carol\Desktop\PROYETOS\PROYECTO_SENSORES_FABRICA\sensores\src\main\java\com\example\sensores\service\SensorService.java. Using fallback presentation compiler.
2026.04.07 14:59:31 INFO  no build target found for C:\Users\carol\Desktop\PROYETOS\PROYECTO_SENSORES_FABRICA\sensores\src\main\java\com\example\sensores\service\SensorService.java. Using fallback presentation compiler.
2026.04.07 14:59:30 INFO  no build target found for C:\Users\carol\Desktop\PROYETOS\PROYECTO_SENSORES_FABRICA\sensores\src\main\java\com\example\sensores\service\SensorService.java. Using fallback presentation compiler.
2026.04.07 14:59:32 WARN  no build target for: C:\Users\carol\Desktop\PROYETOS\PROYECTO_SENSORES_FABRICA\sensores\src\main\java\com\example\sensores\service\SensorService.java
2026.04.07 14:59:32 INFO  no build target found for C:\Users\carol\Desktop\PROYETOS\PROYECTO_SENSORES_FABRICA\sensores\src\main\java\com\example\sensores\service\SensorService.java. Using fallback presentation compiler.
2026.04.07 14:59:32 INFO  no build target found for C:\Users\carol\Desktop\PROYETOS\PROYECTO_SENSORES_FABRICA\sensores\src\main\java\com\example\sensores\service\SensorService.java. Using fallback presentation compiler.
2026.04.07 14:59:32 INFO  no build target found for C:\Users\carol\Desktop\PROYETOS\PROYECTO_SENSORES_FABRICA\sensores\src\main\java\com\example\sensores\service\SensorService.java. Using fallback presentation compiler.
2026.04.07 14:59:39 INFO  no build target found for C:\Users\carol\Desktop\PROYETOS\PROYECTO_SENSORES_FABRICA\sensores\src\main\java\com\example\sensores\service\SensorService.java. Using fallback presentation compiler.
2026.04.07 14:59:49 INFO  no build target found for C:\Users\carol\Desktop\PROYETOS\PROYECTO_SENSORES_FABRICA\sensores\src\main\java\com\example\sensores\service\serviceImpl\SensorServiceImp.java. Using fallback presentation compiler.
2026.04.07 14:59:50 INFO  no build target found for C:\Users\carol\Desktop\PROYETOS\PROYECTO_SENSORES_FABRICA\sensores\src\main\java\com\example\sensores\service\serviceImpl\SensorServiceImp.java. Using fallback presentation compiler.
2026.04.07 14:59:50 INFO  no build target found for C:\Users\carol\Desktop\PROYETOS\PROYECTO_SENSORES_FABRICA\sensores\src\main\java\com\example\sensores\service\serviceImpl\SensorServiceImp.java. Using fallback presentation compiler.
2026.04.07 14:59:50 INFO  no build target found for C:\Users\carol\Desktop\PROYETOS\PROYECTO_SENSORES_FABRICA\sensores\src\main\java\com\example\sensores\service\serviceImpl\SensorServiceImp.java. Using fallback presentation compiler.
2026.04.07 14:59:50 INFO  no build target found for C:\Users\carol\Desktop\PROYETOS\PROYECTO_SENSORES_FABRICA\sensores\src\main\java\com\example\sensores\service\serviceImpl\SensorServiceImp.java. Using fallback presentation compiler.
2026.04.07 14:59:51 WARN  no build target for: C:\Users\carol\Desktop\PROYETOS\PROYECTO_SENSORES_FABRICA\sensores\src\main\java\com\example\sensores\service\serviceImpl\SensorServiceImp.java
2026.04.07 14:59:51 INFO  no build target found for C:\Users\carol\Desktop\PROYETOS\PROYECTO_SENSORES_FABRICA\sensores\src\main\java\com\example\sensores\service\serviceImpl\SensorServiceImp.java. Using fallback presentation compiler.
2026.04.07 14:59:51 INFO  no build target found for C:\Users\carol\Desktop\PROYETOS\PROYECTO_SENSORES_FABRICA\sensores\src\main\java\com\example\sensores\service\serviceImpl\SensorServiceImp.java. Using fallback presentation compiler.
2026.04.07 14:59:51 INFO  no build target found for C:\Users\carol\Desktop\PROYETOS\PROYECTO_SENSORES_FABRICA\sensores\src\main\java\com\example\sensores\service\serviceImpl\SensorServiceImp.java. Using fallback presentation compiler.
abr 07, 2026 2:59:52 P. M. org.eclipse.lsp4j.jsonrpc.RemoteEndpoint handleCancellation
WARNING: Unmatched cancel notification for request id 993
2026.04.07 14:59:51 INFO  no build target found for C:\Users\carol\Desktop\PROYETOS\PROYECTO_SENSORES_FABRICA\sensores\src\main\java\com\example\sensores\service\serviceImpl\SensorServiceImp.java. Using fallback presentation compiler.
2026.04.07 15:00:07 INFO  no build target found for C:\Users\carol\Desktop\PROYETOS\PROYECTO_SENSORES_FABRICA\sensores\src\main\java\com\example\sensores\service\serviceImpl\SensorServiceImp.java. Using fallback presentation compiler.
2026.04.07 15:00:07 INFO  no build target found for C:\Users\carol\Desktop\PROYETOS\PROYECTO_SENSORES_FABRICA\sensores\src\main\java\com\example\sensores\service\serviceImpl\SensorServiceImp.java. Using fallback presentation compiler.
2026.04.07 15:00:07 INFO  no build target found for C:\Users\carol\Desktop\PROYETOS\PROYECTO_SENSORES_FABRICA\sensores\src\main\java\com\example\sensores\service\serviceImpl\SensorServiceImp.java. Using fallback presentation compiler.
2026.04.07 15:00:07 INFO  no build target found for C:\Users\carol\Desktop\PROYETOS\PROYECTO_SENSORES_FABRICA\sensores\src\main\java\com\example\sensores\service\serviceImpl\SensorServiceImp.java. Using fallback presentation compiler.
2026.04.07 15:00:07 INFO  no build target found for C:\Users\carol\Desktop\PROYETOS\PROYECTO_SENSORES_FABRICA\sensores\src\main\java\com\example\sensores\service\serviceImpl\SensorServiceImp.java. Using fallback presentation compiler.
2026.04.07 15:00:07 INFO  no build target found for C:\Users\carol\Desktop\PROYETOS\PROYECTO_SENSORES_FABRICA\sensores\src\main\java\com\example\sensores\service\serviceImpl\SensorServiceImp.java. Using fallback presentation compiler.
2026.04.07 15:00:07 INFO  no build target found for C:\Users\carol\Desktop\PROYETOS\PROYECTO_SENSORES_FABRICA\sensores\src\main\java\com\example\sensores\service\serviceImpl\SensorServiceImp.java. Using fallback presentation compiler.
2026.04.07 15:00:07 INFO  no build target found for C:\Users\carol\Desktop\PROYETOS\PROYECTO_SENSORES_FABRICA\sensores\src\main\java\com\example\sensores\service\serviceImpl\SensorServiceImp.java. Using fallback presentation compiler.
2026.04.07 15:00:08 INFO  no build target found for C:\Users\carol\Desktop\PROYETOS\PROYECTO_SENSORES_FABRICA\sensores\src\main\java\com\example\sensores\service\serviceImpl\SensorServiceImp.java. Using fallback presentation compiler.
2026.04.07 15:00:09 WARN  no build target for: C:\Users\carol\Desktop\PROYETOS\PROYECTO_SENSORES_FABRICA\sensores\src\main\java\com\example\sensores\service\serviceImpl\SensorServiceImp.java
2026.04.07 15:00:09 INFO  no build target found for C:\Users\carol\Desktop\PROYETOS\PROYECTO_SENSORES_FABRICA\sensores\src\main\java\com\example\sensores\service\serviceImpl\SensorServiceImp.java. Using fallback presentation compiler.
2026.04.07 15:00:09 INFO  Created report: Optional[file:///C:/Users/carol/Desktop/PROYETOS/PROYECTO_SENSORES_FABRICA/sensores/src/main/java/com/example/sensores/service/serviceImpl/SensorServiceImp.java]
2026.04.07 15:00:09 INFO  QDox parse error in file:///C:/Users/carol/Desktop/PROYETOS/PROYECTO_SENSORES_FABRICA/sensores/src/main/java/com/example/sensores/service/serviceImpl/SensorServiceImp.java (full report at: "C:\Users\carol\Desktop\PROYETOS\PROYECTO_SENSORES_FABRICA\sensores\.metals\.reports\metals-full\2026-04-07\r_qdox-error_15-00-09-122.md")
2026.04.07 15:00:09 WARN  Running javac-semanticdb failed for file:///C:/Users/carol/Desktop/PROYETOS/PROYECTO_SENSORES_FABRICA/sensores/src/main/java/com/example/sensores/service/serviceImpl/SensorServiceImp.java. Output:

2026.04.07 15:00:08 INFO  no build target found for C:\Users\carol\Desktop\PROYETOS\PROYECTO_SENSORES_FABRICA\sensores\src\main\java\com\example\sensores\service\serviceImpl\SensorServiceImp.java. Using fallback presentation compiler.
2026.04.07 15:00:08 INFO  no build target found for C:\Users\carol\Desktop\PROYETOS\PROYECTO_SENSORES_FABRICA\sensores\src\main\java\com\example\sensores\service\serviceImpl\SensorServiceImp.java. Using fallback presentation compiler.
2026.04.07 15:00:08 INFO  no build target found for C:\Users\carol\Desktop\PROYETOS\PROYECTO_SENSORES_FABRICA\sensores\src\main\java\com\example\sensores\service\serviceImpl\SensorServiceImp.java. Using fallback presentation compiler.
2026.04.07 15:00:09 INFO  no build target found for C:\Users\carol\Desktop\PROYETOS\PROYECTO_SENSORES_FABRICA\sensores\src\main\java\com\example\sensores\service\serviceImpl\SensorServiceImp.java. Using fallback presentation compiler.
2026.04.07 15:00:08 INFO  no build target found for C:\Users\carol\Desktop\PROYETOS\PROYECTO_SENSORES_FABRICA\sensores\src\main\java\com\example\sensores\service\serviceImpl\SensorServiceImp.java. Using fallback presentation compiler.
2026.04.07 15:00:09 INFO  no build target found for C:\Users\carol\Desktop\PROYETOS\PROYECTO_SENSORES_FABRICA\sensores\src\main\java\com\example\sensores\service\serviceImpl\SensorServiceImp.java. Using fallback presentation compiler.
2026.04.07 15:00:09 INFO  no build target found for C:\Users\carol\Desktop\PROYETOS\PROYECTO_SENSORES_FABRICA\sensores\src\main\java\com\example\sensores\service\serviceImpl\SensorServiceImp.java. Using fallback presentation compiler.
2026.04.07 15:00:09 INFO  no build target found for C:\Users\carol\Desktop\PROYETOS\PROYECTO_SENSORES_FABRICA\sensores\src\main\java\com\example\sensores\service\serviceImpl\SensorServiceImp.java. Using fallback presentation compiler.
2026.04.07 15:00:09 INFO  no build target found for C:\Users\carol\Desktop\PROYETOS\PROYECTO_SENSORES_FABRICA\sensores\src\main\java\com\example\sensores\service\serviceImpl\SensorServiceImp.java. Using fallback presentation compiler.
2026.04.07 15:00:09 INFO  no build target found for C:\Users\carol\Desktop\PROYETOS\PROYECTO_SENSORES_FABRICA\sensores\src\main\java\com\example\sensores\service\serviceImpl\SensorServiceImp.java. Using fallback presentation compiler.
2026.04.07 15:00:09 INFO  no build target found for C:\Users\carol\Desktop\PROYETOS\PROYECTO_SENSORES_FABRICA\sensores\src\main\java\com\example\sensores\service\serviceImpl\SensorServiceImp.java. Using fallback presentation compiler.
2026.04.07 15:00:10 INFO  no build target found for C:\Users\carol\Desktop\PROYETOS\PROYECTO_SENSORES_FABRICA\sensores\src\main\java\com\example\sensores\service\serviceImpl\SensorServiceImp.java. Using fallback presentation compiler.
2026.04.07 15:00:11 INFO  no build target found for C:\Users\carol\Desktop\PROYETOS\PROYECTO_SENSORES_FABRICA\sensores\src\main\java\com\example\sensores\service\serviceImpl\SensorServiceImp.java. Using fallback presentation compiler.
2026.04.07 15:00:11 INFO  no build target found for C:\Users\carol\Desktop\PROYETOS\PROYECTO_SENSORES_FABRICA\sensores\src\main\java\com\example\sensores\service\serviceImpl\SensorServiceImp.java. Using fallback presentation compiler.
2026.04.07 15:00:11 WARN  no build target for: C:\Users\carol\Desktop\PROYETOS\PROYECTO_SENSORES_FABRICA\sensores\src\main\java\com\example\sensores\service\serviceImpl\SensorServiceImp.java
2026.04.07 15:00:11 INFO  no build target found for C:\Users\carol\Desktop\PROYETOS\PROYECTO_SENSORES_FABRICA\sensores\src\main\java\com\example\sensores\service\serviceImpl\SensorServiceImp.java. Using fallback presentation compiler.
2026.04.07 15:00:12 INFO  no build target found for C:\Users\carol\Desktop\PROYETOS\PROYECTO_SENSORES_FABRICA\sensores\src\main\java\com\example\sensores\service\serviceImpl\SensorServiceImp.java. Using fallback presentation compiler.
2026.04.07 15:00:12 INFO  no build target found for C:\Users\carol\Desktop\PROYETOS\PROYECTO_SENSORES_FABRICA\sensores\src\main\java\com\example\sensores\service\serviceImpl\SensorServiceImp.java. Using fallback presentation compiler.
2026.04.07 15:00:12 INFO  no build target found for C:\Users\carol\Desktop\PROYETOS\PROYECTO_SENSORES_FABRICA\sensores\src\main\java\com\example\sensores\service\serviceImpl\SensorServiceImp.java. Using fallback presentation compiler.
2026.04.07 15:00:12 INFO  no build target found for C:\Users\carol\Desktop\PROYETOS\PROYECTO_SENSORES_FABRICA\sensores\src\main\java\com\example\sensores\service\serviceImpl\SensorServiceImp.java. Using fallback presentation compiler.
2026.04.07 15:00:12 INFO  no build target found for C:\Users\carol\Desktop\PROYETOS\PROYECTO_SENSORES_FABRICA\sensores\src\main\java\com\example\sensores\service\serviceImpl\SensorServiceImp.java. Using fallback presentation compiler.
2026.04.07 15:00:12 INFO  no build target found for C:\Users\carol\Desktop\PROYETOS\PROYECTO_SENSORES_FABRICA\sensores\src\main\java\com\example\sensores\service\serviceImpl\SensorServiceImp.java. Using fallback presentation compiler.
2026.04.07 15:00:13 INFO  no build target found for C:\Users\carol\Desktop\PROYETOS\PROYECTO_SENSORES_FABRICA\sensores\src\main\java\com\example\sensores\service\serviceImpl\SensorServiceImp.java. Using fallback presentation compiler.
2026.04.07 15:00:13 INFO  no build target found for C:\Users\carol\Desktop\PROYETOS\PROYECTO_SENSORES_FABRICA\sensores\src\main\java\com\example\sensores\service\serviceImpl\SensorServiceImp.java. Using fallback presentation compiler.
2026.04.07 15:00:13 WARN  no build target for: C:\Users\carol\Desktop\PROYETOS\PROYECTO_SENSORES_FABRICA\sensores\src\main\java\com\example\sensores\service\serviceImpl\SensorServiceImp.java
2026.04.07 15:00:13 INFO  no build target found for C:\Users\carol\Desktop\PROYETOS\PROYECTO_SENSORES_FABRICA\sensores\src\main\java\com\example\sensores\service\serviceImpl\SensorServiceImp.java. Using fallback presentation compiler.
2026.04.07 15:00:13 INFO  no build target found for C:\Users\carol\Desktop\PROYETOS\PROYECTO_SENSORES_FABRICA\sensores\src\main\java\com\example\sensores\service\serviceImpl\SensorServiceImp.java. Using fallback presentation compiler.
2026.04.07 15:00:13 INFO  no build target found for C:\Users\carol\Desktop\PROYETOS\PROYECTO_SENSORES_FABRICA\sensores\src\main\java\com\example\sensores\service\serviceImpl\SensorServiceImp.java. Using fallback presentation compiler.
2026.04.07 15:00:13 INFO  no build target found for C:\Users\carol\Desktop\PROYETOS\PROYECTO_SENSORES_FABRICA\sensores\src\main\java\com\example\sensores\service\serviceImpl\SensorServiceImp.java. Using fallback presentation compiler.
2026.04.07 15:00:14 INFO  no build target found for C:\Users\carol\Desktop\PROYETOS\PROYECTO_SENSORES_FABRICA\sensores\src\main\java\com\example\sensores\service\serviceImpl\SensorServiceImp.java. Using fallback presentation compiler.
2026.04.07 15:00:14 INFO  no build target found for C:\Users\carol\Desktop\PROYETOS\PROYECTO_SENSORES_FABRICA\sensores\src\main\java\com\example\sensores\service\serviceImpl\SensorServiceImp.java. Using fallback presentation compiler.
2026.04.07 15:00:14 INFO  no build target found for C:\Users\carol\Desktop\PROYETOS\PROYECTO_SENSORES_FABRICA\sensores\src\main\java\com\example\sensores\service\serviceImpl\SensorServiceImp.java. Using fallback presentation compiler.
2026.04.07 15:00:15 WARN  no build target for: C:\Users\carol\Desktop\PROYETOS\PROYECTO_SENSORES_FABRICA\sensores\src\main\java\com\example\sensores\service\serviceImpl\SensorServiceImp.java
2026.04.07 15:00:15 INFO  no build target found for C:\Users\carol\Desktop\PROYETOS\PROYECTO_SENSORES_FABRICA\sensores\src\main\java\com\example\sensores\service\serviceImpl\SensorServiceImp.java. Using fallback presentation compiler.
2026.04.07 15:00:14 INFO  no build target found for C:\Users\carol\Desktop\PROYETOS\PROYECTO_SENSORES_FABRICA\sensores\src\main\java\com\example\sensores\service\serviceImpl\SensorServiceImp.java. Using fallback presentation compiler.
2026.04.07 15:00:15 INFO  no build target found for C:\Users\carol\Desktop\PROYETOS\PROYECTO_SENSORES_FABRICA\sensores\src\main\java\com\example\sensores\service\serviceImpl\SensorServiceImp.java. Using fallback presentation compiler.
2026.04.07 15:00:15 INFO  no build target found for C:\Users\carol\Desktop\PROYETOS\PROYECTO_SENSORES_FABRICA\sensores\src\main\java\com\example\sensores\service\serviceImpl\SensorServiceImp.java. Using fallback presentation compiler.
2026.04.07 15:00:15 INFO  no build target found for C:\Users\carol\Desktop\PROYETOS\PROYECTO_SENSORES_FABRICA\sensores\src\main\java\com\example\sensores\service\serviceImpl\SensorServiceImp.java. Using fallback presentation compiler.
2026.04.07 15:00:17 INFO  no build target found for C:\Users\carol\Desktop\PROYETOS\PROYECTO_SENSORES_FABRICA\sensores\src\main\java\com\example\sensores\service\serviceImpl\SensorServiceImp.java. Using fallback presentation compiler.
2026.04.07 15:00:17 INFO  no build target found for C:\Users\carol\Desktop\PROYETOS\PROYECTO_SENSORES_FABRICA\sensores\src\main\java\com\example\sensores\service\serviceImpl\SensorServiceImp.java. Using fallback presentation compiler.
2026.04.07 15:00:17 INFO  no build target found for C:\Users\carol\Desktop\PROYETOS\PROYECTO_SENSORES_FABRICA\sensores\src\main\java\com\example\sensores\service\serviceImpl\SensorServiceImp.java. Using fallback presentation compiler.
2026.04.07 15:00:19 INFO  no build target found for C:\Users\carol\Desktop\PROYETOS\PROYECTO_SENSORES_FABRICA\sensores\src\main\java\com\example\sensores\service\serviceImpl\SensorServiceImp.java. Using fallback presentation compiler.
2026.04.07 15:00:20 INFO  no build target found for C:\Users\carol\Desktop\PROYETOS\PROYECTO_SENSORES_FABRICA\sensores\src\main\java\com\example\sensores\service\serviceImpl\SensorServiceImp.java. Using fallback presentation compiler.
2026.04.07 15:00:20 INFO  no build target found for C:\Users\carol\Desktop\PROYETOS\PROYECTO_SENSORES_FABRICA\sensores\src\main\java\com\example\sensores\service\serviceImpl\SensorServiceImp.java. Using fallback presentation compiler.
2026.04.07 15:00:20 INFO  no build target found for C:\Users\carol\Desktop\PROYETOS\PROYECTO_SENSORES_FABRICA\sensores\src\main\java\com\example\sensores\service\serviceImpl\SensorServiceImp.java. Using fallback presentation compiler.
2026.04.07 15:00:24 INFO  no build target found for C:\Users\carol\Desktop\PROYETOS\PROYECTO_SENSORES_FABRICA\sensores\src\main\java\com\example\sensores\service\serviceImpl\SensorServiceImp.java. Using fallback presentation compiler.
2026.04.07 15:00:25 INFO  no build target found for C:\Users\carol\Desktop\PROYETOS\PROYECTO_SENSORES_FABRICA\sensores\src\main\java\com\example\sensores\service\serviceImpl\SensorServiceImp.java. Using fallback presentation compiler.
2026.04.07 15:00:25 INFO  no build target found for C:\Users\carol\Desktop\PROYETOS\PROYECTO_SENSORES_FABRICA\sensores\src\main\java\com\example\sensores\service\serviceImpl\SensorServiceImp.java. Using fallback presentation compiler.
2026.04.07 15:00:25 INFO  no build target found for C:\Users\carol\Desktop\PROYETOS\PROYECTO_SENSORES_FABRICA\sensores\src\main\java\com\example\sensores\service\serviceImpl\SensorServiceImp.java. Using fallback presentation compiler.
2026.04.07 15:00:25 INFO  no build target found for C:\Users\carol\Desktop\PROYETOS\PROYECTO_SENSORES_FABRICA\sensores\src\main\java\com\example\sensores\service\serviceImpl\SensorServiceImp.java. Using fallback presentation compiler.
2026.04.07 15:00:26 INFO  no build target found for C:\Users\carol\Desktop\PROYETOS\PROYECTO_SENSORES_FABRICA\sensores\src\main\java\com\example\sensores\service\serviceImpl\SensorServiceImp.java. Using fallback presentation compiler.
2026.04.07 15:00:25 INFO  no build target found for C:\Users\carol\Desktop\PROYETOS\PROYECTO_SENSORES_FABRICA\sensores\src\main\java\com\example\sensores\service\serviceImpl\SensorServiceImp.java. Using fallback presentation compiler.
2026.04.07 15:00:26 WARN  no build target for: C:\Users\carol\Desktop\PROYETOS\PROYECTO_SENSORES_FABRICA\sensores\src\main\java\com\example\sensores\service\serviceImpl\SensorServiceImp.java
2026.04.07 15:00:26 INFO  no build target found for C:\Users\carol\Desktop\PROYETOS\PROYECTO_SENSORES_FABRICA\sensores\src\main\java\com\example\sensores\service\serviceImpl\SensorServiceImp.java. Using fallback presentation compiler.
2026.04.07 15:00:27 INFO  no build target found for C:\Users\carol\Desktop\PROYETOS\PROYECTO_SENSORES_FABRICA\sensores\src\main\java\com\example\sensores\service\serviceImpl\SensorServiceImp.java. Using fallback presentation compiler.
2026.04.07 15:00:27 INFO  no build target found for C:\Users\carol\Desktop\PROYETOS\PROYECTO_SENSORES_FABRICA\sensores\src\main\java\com\example\sensores\service\serviceImpl\SensorServiceImp.java. Using fallback presentation compiler.
2026.04.07 15:00:28 INFO  no build target found for C:\Users\carol\Desktop\PROYETOS\PROYECTO_SENSORES_FABRICA\sensores\src\main\java\com\example\sensores\service\serviceImpl\SensorServiceImp.java. Using fallback presentation compiler.
2026.04.07 15:00:30 INFO  no build target found for C:\Users\carol\Desktop\PROYETOS\PROYECTO_SENSORES_FABRICA\sensores\src\main\java\com\example\sensores\service\serviceImpl\SensorServiceImp.java. Using fallback presentation compiler.
2026.04.07 15:00:30 INFO  no build target found for C:\Users\carol\Desktop\PROYETOS\PROYECTO_SENSORES_FABRICA\sensores\src\main\java\com\example\sensores\service\serviceImpl\SensorServiceImp.java. Using fallback presentation compiler.
2026.04.07 15:00:31 INFO  no build target found for C:\Users\carol\Desktop\PROYETOS\PROYECTO_SENSORES_FABRICA\sensores\src\main\java\com\example\sensores\service\serviceImpl\SensorServiceImp.java. Using fallback presentation compiler.
2026.04.07 15:00:31 INFO  no build target found for C:\Users\carol\Desktop\PROYETOS\PROYECTO_SENSORES_FABRICA\sensores\src\main\java\com\example\sensores\service\serviceImpl\SensorServiceImp.java. Using fallback presentation compiler.
2026.04.07 15:00:31 INFO  no build target found for C:\Users\carol\Desktop\PROYETOS\PROYECTO_SENSORES_FABRICA\sensores\src\main\java\com\example\sensores\service\serviceImpl\SensorServiceImp.java. Using fallback presentation compiler.
2026.04.07 15:00:34 INFO  no build target found for C:\Users\carol\Desktop\PROYETOS\PROYECTO_SENSORES_FABRICA\sensores\src\main\java\com\example\sensores\service\serviceImpl\SensorServiceImp.java. Using fallback presentation compiler.
2026.04.07 15:00:35 INFO  no build target found for C:\Users\carol\Desktop\PROYETOS\PROYECTO_SENSORES_FABRICA\sensores\src\main\java\com\example\sensores\service\serviceImpl\SensorServiceImp.java. Using fallback presentation compiler.
2026.04.07 15:00:35 WARN  no build target for: C:\Users\carol\Desktop\PROYETOS\PROYECTO_SENSORES_FABRICA\sensores\src\main\java\com\example\sensores\service\serviceImpl\SensorServiceImp.java
2026.04.07 15:00:35 INFO  no build target found for C:\Users\carol\Desktop\PROYETOS\PROYECTO_SENSORES_FABRICA\sensores\src\main\java\com\example\sensores\service\serviceImpl\SensorServiceImp.java. Using fallback presentation compiler.
2026.04.07 15:00:36 INFO  no build target found for C:\Users\carol\Desktop\PROYETOS\PROYECTO_SENSORES_FABRICA\sensores\src\main\java\com\example\sensores\service\serviceImpl\SensorServiceImp.java. Using fallback presentation compiler.
2026.04.07 15:00:36 INFO  no build target found for C:\Users\carol\Desktop\PROYETOS\PROYECTO_SENSORES_FABRICA\sensores\src\main\java\com\example\sensores\service\serviceImpl\SensorServiceImp.java. Using fallback presentation compiler.
2026.04.07 15:00:36 INFO  no build target found for C:\Users\carol\Desktop\PROYETOS\PROYECTO_SENSORES_FABRICA\sensores\src\main\java\com\example\sensores\service\serviceImpl\SensorServiceImp.java. Using fallback presentation compiler.
2026.04.07 15:00:36 INFO  no build target found for C:\Users\carol\Desktop\PROYETOS\PROYECTO_SENSORES_FABRICA\sensores\src\main\java\com\example\sensores\service\serviceImpl\SensorServiceImp.java. Using fallback presentation compiler.
2026.04.07 15:00:36 INFO  no build target found for C:\Users\carol\Desktop\PROYETOS\PROYECTO_SENSORES_FABRICA\sensores\src\main\java\com\example\sensores\service\serviceImpl\SensorServiceImp.java. Using fallback presentation compiler.
2026.04.07 15:00:37 INFO  no build target found for C:\Users\carol\Desktop\PROYETOS\PROYECTO_SENSORES_FABRICA\sensores\src\main\java\com\example\sensores\service\serviceImpl\SensorServiceImp.java. Using fallback presentation compiler.
2026.04.07 15:00:37 INFO  no build target found for C:\Users\carol\Desktop\PROYETOS\PROYECTO_SENSORES_FABRICA\sensores\src\main\java\com\example\sensores\service\serviceImpl\SensorServiceImp.java. Using fallback presentation compiler.
2026.04.07 15:00:37 INFO  no build target found for C:\Users\carol\Desktop\PROYETOS\PROYECTO_SENSORES_FABRICA\sensores\src\main\java\com\example\sensores\service\serviceImpl\SensorServiceImp.java. Using fallback presentation compiler.
2026.04.07 15:00:37 INFO  no build target found for C:\Users\carol\Desktop\PROYETOS\PROYECTO_SENSORES_FABRICA\sensores\src\main\java\com\example\sensores\service\serviceImpl\SensorServiceImp.java. Using fallback presentation compiler.
2026.04.07 15:00:38 WARN  no build target for: C:\Users\carol\Desktop\PROYETOS\PROYECTO_SENSORES_FABRICA\sensores\src\main\java\com\example\sensores\service\serviceImpl\SensorServiceImp.java
2026.04.07 15:00:38 INFO  no build target found for C:\Users\carol\Desktop\PROYETOS\PROYECTO_SENSORES_FABRICA\sensores\src\main\java\com\example\sensores\service\serviceImpl\SensorServiceImp.java. Using fallback presentation compiler.
2026.04.07 15:00:38 WARN  Running javac-semanticdb failed for file:///C:/Users/carol/Desktop/PROYETOS/PROYECTO_SENSORES_FABRICA/sensores/src/main/java/com/example/sensores/service/serviceImpl/SensorServiceImp.java. Output:

2026.04.07 15:00:38 INFO  no build target found for C:\Users\carol\Desktop\PROYETOS\PROYECTO_SENSORES_FABRICA\sensores\src\main\java\com\example\sensores\service\serviceImpl\SensorServiceImp.java. Using fallback presentation compiler.
2026.04.07 15:00:38 INFO  no build target found for C:\Users\carol\Desktop\PROYETOS\PROYECTO_SENSORES_FABRICA\sensores\src\main\java\com\example\sensores\service\serviceImpl\SensorServiceImp.java. Using fallback presentation compiler.
2026.04.07 15:00:38 INFO  no build target found for C:\Users\carol\Desktop\PROYETOS\PROYECTO_SENSORES_FABRICA\sensores\src\main\java\com\example\sensores\service\serviceImpl\SensorServiceImp.java. Using fallback presentation compiler.
2026.04.07 15:00:38 INFO  no build target found for C:\Users\carol\Desktop\PROYETOS\PROYECTO_SENSORES_FABRICA\sensores\src\main\java\com\example\sensores\service\serviceImpl\SensorServiceImp.java. Using fallback presentation compiler.
2026.04.07 15:00:38 INFO  no build target found for C:\Users\carol\Desktop\PROYETOS\PROYECTO_SENSORES_FABRICA\sensores\src\main\java\com\example\sensores\service\serviceImpl\SensorServiceImp.java. Using fallback presentation compiler.
2026.04.07 15:00:39 INFO  no build target found for C:\Users\carol\Desktop\PROYETOS\PROYECTO_SENSORES_FABRICA\sensores\src\main\java\com\example\sensores\service\serviceImpl\SensorServiceImp.java. Using fallback presentation compiler.
2026.04.07 15:00:39 INFO  no build target found for C:\Users\carol\Desktop\PROYETOS\PROYECTO_SENSORES_FABRICA\sensores\src\main\java\com\example\sensores\service\serviceImpl\SensorServiceImp.java. Using fallback presentation compiler.
2026.04.07 15:00:39 INFO  no build target found for C:\Users\carol\Desktop\PROYETOS\PROYECTO_SENSORES_FABRICA\sensores\src\main\java\com\example\sensores\service\serviceImpl\SensorServiceImp.java. Using fallback presentation compiler.
2026.04.07 15:00:39 INFO  no build target found for C:\Users\carol\Desktop\PROYETOS\PROYECTO_SENSORES_FABRICA\sensores\src\main\java\com\example\sensores\service\serviceImpl\SensorServiceImp.java. Using fallback presentation compiler.
2026.04.07 15:00:40 INFO  no build target found for C:\Users\carol\Desktop\PROYETOS\PROYECTO_SENSORES_FABRICA\sensores\src\main\java\com\example\sensores\service\serviceImpl\SensorServiceImp.java. Using fallback presentation compiler.
2026.04.07 15:00:39 INFO  no build target found for C:\Users\carol\Desktop\PROYETOS\PROYECTO_SENSORES_FABRICA\sensores\src\main\java\com\example\sensores\service\serviceImpl\SensorServiceImp.java. Using fallback presentation compiler.
2026.04.07 15:00:39 INFO  no build target found for C:\Users\carol\Desktop\PROYETOS\PROYECTO_SENSORES_FABRICA\sensores\src\main\java\com\example\sensores\service\serviceImpl\SensorServiceImp.java. Using fallback presentation compiler.
2026.04.07 15:00:40 INFO  no build target found for C:\Users\carol\Desktop\PROYETOS\PROYECTO_SENSORES_FABRICA\sensores\src\main\java\com\example\sensores\service\serviceImpl\SensorServiceImp.java. Using fallback presentation compiler.
2026.04.07 15:00:39 INFO  no build target found for C:\Users\carol\Desktop\PROYETOS\PROYECTO_SENSORES_FABRICA\sensores\src\main\java\com\example\sensores\service\serviceImpl\SensorServiceImp.java. Using fallback presentation compiler.
2026.04.07 15:00:41 INFO  no build target found for C:\Users\carol\Desktop\PROYETOS\PROYECTO_SENSORES_FABRICA\sensores\src\main\java\com\example\sensores\service\serviceImpl\SensorServiceImp.java. Using fallback presentation compiler.
2026.04.07 15:00:41 WARN  no build target for: C:\Users\carol\Desktop\PROYETOS\PROYECTO_SENSORES_FABRICA\sensores\src\main\java\com\example\sensores\service\serviceImpl\SensorServiceImp.java
2026.04.07 15:00:41 INFO  no build target found for C:\Users\carol\Desktop\PROYETOS\PROYECTO_SENSORES_FABRICA\sensores\src\main\java\com\example\sensores\service\serviceImpl\SensorServiceImp.java. Using fallback presentation compiler.
2026.04.07 15:00:41 WARN  Running javac-semanticdb failed for file:///C:/Users/carol/Desktop/PROYETOS/PROYECTO_SENSORES_FABRICA/sensores/src/main/java/com/example/sensores/service/serviceImpl/SensorServiceImp.java. Output:

2026.04.07 15:00:42 INFO  no build target found for C:\Users\carol\Desktop\PROYETOS\PROYECTO_SENSORES_FABRICA\sensores\src\main\java\com\example\sensores\service\serviceImpl\SensorServiceImp.java. Using fallback presentation compiler.
2026.04.07 15:00:42 INFO  no build target found for C:\Users\carol\Desktop\PROYETOS\PROYECTO_SENSORES_FABRICA\sensores\src\main\java\com\example\sensores\service\serviceImpl\SensorServiceImp.java. Using fallback presentation compiler.
2026.04.07 15:00:42 INFO  no build target found for C:\Users\carol\Desktop\PROYETOS\PROYECTO_SENSORES_FABRICA\sensores\src\main\java\com\example\sensores\service\serviceImpl\SensorServiceImp.java. Using fallback presentation compiler.
2026.04.07 15:00:43 INFO  no build target found for C:\Users\carol\Desktop\PROYETOS\PROYECTO_SENSORES_FABRICA\sensores\src\main\java\com\example\sensores\service\serviceImpl\SensorServiceImp.java. Using fallback presentation compiler.
2026.04.07 15:00:43 INFO  no build target found for C:\Users\carol\Desktop\PROYETOS\PROYECTO_SENSORES_FABRICA\sensores\src\main\java\com\example\sensores\service\serviceImpl\SensorServiceImp.java. Using fallback presentation compiler.
2026.04.07 15:00:43 INFO  no build target found for C:\Users\carol\Desktop\PROYETOS\PROYECTO_SENSORES_FABRICA\sensores\src\main\java\com\example\sensores\service\serviceImpl\SensorServiceImp.java. Using fallback presentation compiler.
2026.04.07 15:00:43 INFO  no build target found for C:\Users\carol\Desktop\PROYETOS\PROYECTO_SENSORES_FABRICA\sensores\src\main\java\com\example\sensores\service\serviceImpl\SensorServiceImp.java. Using fallback presentation compiler.
2026.04.07 15:00:43 INFO  no build target found for C:\Users\carol\Desktop\PROYETOS\PROYECTO_SENSORES_FABRICA\sensores\src\main\java\com\example\sensores\service\serviceImpl\SensorServiceImp.java. Using fallback presentation compiler.
2026.04.07 15:00:44 WARN  no build target for: C:\Users\carol\Desktop\PROYETOS\PROYECTO_SENSORES_FABRICA\sensores\src\main\java\com\example\sensores\service\serviceImpl\SensorServiceImp.java
2026.04.07 15:00:44 INFO  no build target found for C:\Users\carol\Desktop\PROYETOS\PROYECTO_SENSORES_FABRICA\sensores\src\main\java\com\example\sensores\service\serviceImpl\SensorServiceImp.java. Using fallback presentation compiler.
2026.04.07 15:00:44 WARN  Running javac-semanticdb failed for file:///C:/Users/carol/Desktop/PROYETOS/PROYECTO_SENSORES_FABRICA/sensores/src/main/java/com/example/sensores/service/serviceImpl/SensorServiceImp.java. Output:

2026.04.07 15:00:45 INFO  no build target found for C:\Users\carol\Desktop\PROYETOS\PROYECTO_SENSORES_FABRICA\sensores\src\main\java\com\example\sensores\service\serviceImpl\SensorServiceImp.java. Using fallback presentation compiler.
2026.04.07 15:00:46 INFO  no build target found for C:\Users\carol\Desktop\PROYETOS\PROYECTO_SENSORES_FABRICA\sensores\src\main\java\com\example\sensores\service\serviceImpl\SensorServiceImp.java. Using fallback presentation compiler.
2026.04.07 15:00:46 INFO  no build target found for C:\Users\carol\Desktop\PROYETOS\PROYECTO_SENSORES_FABRICA\sensores\src\main\java\com\example\sensores\service\serviceImpl\SensorServiceImp.java. Using fallback presentation compiler.
2026.04.07 15:00:47 INFO  no build target found for C:\Users\carol\Desktop\PROYETOS\PROYECTO_SENSORES_FABRICA\sensores\src\main\java\com\example\sensores\service\serviceImpl\SensorServiceImp.java. Using fallback presentation compiler.
2026.04.07 15:00:46 INFO  no build target found for C:\Users\carol\Desktop\PROYETOS\PROYECTO_SENSORES_FABRICA\sensores\src\main\java\com\example\sensores\service\serviceImpl\SensorServiceImp.java. Using fallback presentation compiler.
2026.04.07 15:00:47 WARN  no build target for: C:\Users\carol\Desktop\PROYETOS\PROYECTO_SENSORES_FABRICA\sensores\src\main\java\com\example\sensores\service\serviceImpl\SensorServiceImp.java
2026.04.07 15:00:47 INFO  no build target found for C:\Users\carol\Desktop\PROYETOS\PROYECTO_SENSORES_FABRICA\sensores\src\main\java\com\example\sensores\service\serviceImpl\SensorServiceImp.java. Using fallback presentation compiler.
2026.04.07 15:00:47 WARN  Running javac-semanticdb failed for file:///C:/Users/carol/Desktop/PROYETOS/PROYECTO_SENSORES_FABRICA/sensores/src/main/java/com/example/sensores/service/serviceImpl/SensorServiceImp.java. Output:

2026.04.07 15:00:49 INFO  no build target found for C:\Users\carol\Desktop\PROYETOS\PROYECTO_SENSORES_FABRICA\sensores\src\main\java\com\example\sensores\service\serviceImpl\SensorServiceImp.java. Using fallback presentation compiler.
2026.04.07 15:00:49 INFO  no build target found for C:\Users\carol\Desktop\PROYETOS\PROYECTO_SENSORES_FABRICA\sensores\src\main\java\com\example\sensores\service\serviceImpl\SensorServiceImp.java. Using fallback presentation compiler.
2026.04.07 15:00:49 INFO  no build target found for C:\Users\carol\Desktop\PROYETOS\PROYECTO_SENSORES_FABRICA\sensores\src\main\java\com\example\sensores\service\serviceImpl\SensorServiceImp.java. Using fallback presentation compiler.
2026.04.07 15:00:49 INFO  no build target found for C:\Users\carol\Desktop\PROYETOS\PROYECTO_SENSORES_FABRICA\sensores\src\main\java\com\example\sensores\service\serviceImpl\SensorServiceImp.java. Using fallback presentation compiler.
2026.04.07 15:00:49 INFO  no build target found for C:\Users\carol\Desktop\PROYETOS\PROYECTO_SENSORES_FABRICA\sensores\src\main\java\com\example\sensores\service\serviceImpl\SensorServiceImp.java. Using fallback presentation compiler.
2026.04.07 15:00:49 INFO  no build target found for C:\Users\carol\Desktop\PROYETOS\PROYECTO_SENSORES_FABRICA\sensores\src\main\java\com\example\sensores\service\serviceImpl\SensorServiceImp.java. Using fallback presentation compiler.
2026.04.07 15:00:49 INFO  no build target found for C:\Users\carol\Desktop\PROYETOS\PROYECTO_SENSORES_FABRICA\sensores\src\main\java\com\example\sensores\service\serviceImpl\SensorServiceImp.java. Using fallback presentation compiler.
2026.04.07 15:00:50 WARN  no build target for: C:\Users\carol\Desktop\PROYETOS\PROYECTO_SENSORES_FABRICA\sensores\src\main\java\com\example\sensores\service\serviceImpl\SensorServiceImp.java
2026.04.07 15:00:50 INFO  no build target found for C:\Users\carol\Desktop\PROYETOS\PROYECTO_SENSORES_FABRICA\sensores\src\main\java\com\example\sensores\service\serviceImpl\SensorServiceImp.java. Using fallback presentation compiler.
2026.04.07 15:00:49 WARN  Running javac-semanticdb failed for file:///C:/Users/carol/Desktop/PROYETOS/PROYECTO_SENSORES_FABRICA/sensores/src/main/java/com/example/sensores/service/serviceImpl/SensorServiceImp.java. Output:

2026.04.07 15:00:50 INFO  no build target found for C:\Users\carol\Desktop\PROYETOS\PROYECTO_SENSORES_FABRICA\sensores\src\main\java\com\example\sensores\service\serviceImpl\SensorServiceImp.java. Using fallback presentation compiler.
2026.04.07 15:00:50 INFO  no build target found for C:\Users\carol\Desktop\PROYETOS\PROYECTO_SENSORES_FABRICA\sensores\src\main\java\com\example\sensores\service\serviceImpl\SensorServiceImp.java. Using fallback presentation compiler.
2026.04.07 15:00:50 INFO  no build target found for C:\Users\carol\Desktop\PROYETOS\PROYECTO_SENSORES_FABRICA\sensores\src\main\java\com\example\sensores\service\serviceImpl\SensorServiceImp.java. Using fallback presentation compiler.
2026.04.07 15:00:50 INFO  no build target found for C:\Users\carol\Desktop\PROYETOS\PROYECTO_SENSORES_FABRICA\sensores\src\main\java\com\example\sensores\service\serviceImpl\SensorServiceImp.java. Using fallback presentation compiler.
2026.04.07 15:00:50 INFO  no build target found for C:\Users\carol\Desktop\PROYETOS\PROYECTO_SENSORES_FABRICA\sensores\src\main\java\com\example\sensores\service\serviceImpl\SensorServiceImp.java. Using fallback presentation compiler.
2026.04.07 15:00:50 INFO  no build target found for C:\Users\carol\Desktop\PROYETOS\PROYECTO_SENSORES_FABRICA\sensores\src\main\java\com\example\sensores\service\serviceImpl\SensorServiceImp.java. Using fallback presentation compiler.
2026.04.07 15:00:51 INFO  no build target found for C:\Users\carol\Desktop\PROYETOS\PROYECTO_SENSORES_FABRICA\sensores\src\main\java\com\example\sensores\service\serviceImpl\SensorServiceImp.java. Using fallback presentation compiler.
2026.04.07 15:00:51 INFO  no build target found for C:\Users\carol\Desktop\PROYETOS\PROYECTO_SENSORES_FABRICA\sensores\src\main\java\com\example\sensores\service\serviceImpl\SensorServiceImp.java. Using fallback presentation compiler.
2026.04.07 15:00:51 INFO  no build target found for C:\Users\carol\Desktop\PROYETOS\PROYECTO_SENSORES_FABRICA\sensores\src\main\java\com\example\sensores\service\serviceImpl\SensorServiceImp.java. Using fallback presentation compiler.
2026.04.07 15:00:51 INFO  no build target found for C:\Users\carol\Desktop\PROYETOS\PROYECTO_SENSORES_FABRICA\sensores\src\main\java\com\example\sensores\service\serviceImpl\SensorServiceImp.java. Using fallback presentation compiler.
2026.04.07 15:00:51 INFO  no build target found for C:\Users\carol\Desktop\PROYETOS\PROYECTO_SENSORES_FABRICA\sensores\src\main\java\com\example\sensores\service\serviceImpl\SensorServiceImp.java. Using fallback presentation compiler.
2026.04.07 15:00:52 INFO  no build target found for C:\Users\carol\Desktop\PROYETOS\PROYECTO_SENSORES_FABRICA\sensores\src\main\java\com\example\sensores\service\serviceImpl\SensorServiceImp.java. Using fallback presentation compiler.
2026.04.07 15:00:51 INFO  no build target found for C:\Users\carol\Desktop\PROYETOS\PROYECTO_SENSORES_FABRICA\sensores\src\main\java\com\example\sensores\service\serviceImpl\SensorServiceImp.java. Using fallback presentation compiler.
2026.04.07 15:00:51 INFO  no build target found for C:\Users\carol\Desktop\PROYETOS\PROYECTO_SENSORES_FABRICA\sensores\src\main\java\com\example\sensores\service\serviceImpl\SensorServiceImp.java. Using fallback presentation compiler.
2026.04.07 15:00:52 INFO  no build target found for C:\Users\carol\Desktop\PROYETOS\PROYECTO_SENSORES_FABRICA\sensores\src\main\java\com\example\sensores\service\serviceImpl\SensorServiceImp.java. Using fallback presentation compiler.
2026.04.07 15:00:53 INFO  no build target found for C:\Users\carol\Desktop\PROYETOS\PROYECTO_SENSORES_FABRICA\sensores\src\main\java\com\example\sensores\service\serviceImpl\SensorServiceImp.java. Using fallback presentation compiler.
2026.04.07 15:00:53 INFO  no build target found for C:\Users\carol\Desktop\PROYETOS\PROYECTO_SENSORES_FABRICA\sensores\src\main\java\com\example\sensores\service\serviceImpl\SensorServiceImp.java. Using fallback presentation compiler.
2026.04.07 15:00:53 INFO  no build target found for C:\Users\carol\Desktop\PROYETOS\PROYECTO_SENSORES_FABRICA\sensores\src\main\java\com\example\sensores\service\serviceImpl\SensorServiceImp.java. Using fallback presentation compiler.
2026.04.07 15:00:53 INFO  no build target found for C:\Users\carol\Desktop\PROYETOS\PROYECTO_SENSORES_FABRICA\sensores\src\main\java\com\example\sensores\service\serviceImpl\SensorServiceImp.java. Using fallback presentation compiler.
2026.04.07 15:00:53 INFO  no build target found for C:\Users\carol\Desktop\PROYETOS\PROYECTO_SENSORES_FABRICA\sensores\src\main\java\com\example\sensores\service\serviceImpl\SensorServiceImp.java. Using fallback presentation compiler.
2026.04.07 15:00:53 INFO  no build target found for C:\Users\carol\Desktop\PROYETOS\PROYECTO_SENSORES_FABRICA\sensores\src\main\java\com\example\sensores\service\serviceImpl\SensorServiceImp.java. Using fallback presentation compiler.
2026.04.07 15:00:53 INFO  no build target found for C:\Users\carol\Desktop\PROYETOS\PROYECTO_SENSORES_FABRICA\sensores\src\main\java\com\example\sensores\service\serviceImpl\SensorServiceImp.java. Using fallback presentation compiler.
2026.04.07 15:00:53 INFO  no build target found for C:\Users\carol\Desktop\PROYETOS\PROYECTO_SENSORES_FABRICA\sensores\src\main\java\com\example\sensores\service\serviceImpl\SensorServiceImp.java. Using fallback presentation compiler.
2026.04.07 15:00:54 INFO  no build target found for C:\Users\carol\Desktop\PROYETOS\PROYECTO_SENSORES_FABRICA\sensores\src\main\java\com\example\sensores\service\serviceImpl\SensorServiceImp.java. Using fallback presentation compiler.
2026.04.07 15:00:54 INFO  no build target found for C:\Users\carol\Desktop\PROYETOS\PROYECTO_SENSORES_FABRICA\sensores\src\main\java\com\example\sensores\service\serviceImpl\SensorServiceImp.java. Using fallback presentation compiler.
2026.04.07 15:00:54 INFO  no build target found for C:\Users\carol\Desktop\PROYETOS\PROYECTO_SENSORES_FABRICA\sensores\src\main\java\com\example\sensores\service\serviceImpl\SensorServiceImp.java. Using fallback presentation compiler.
2026.04.07 15:00:54 INFO  no build target found for C:\Users\carol\Desktop\PROYETOS\PROYECTO_SENSORES_FABRICA\sensores\src\main\java\com\example\sensores\service\serviceImpl\SensorServiceImp.java. Using fallback presentation compiler.
2026.04.07 15:00:54 INFO  no build target found for C:\Users\carol\Desktop\PROYETOS\PROYECTO_SENSORES_FABRICA\sensores\src\main\java\com\example\sensores\service\serviceImpl\SensorServiceImp.java. Using fallback presentation compiler.
2026.04.07 15:00:54 INFO  no build target found for C:\Users\carol\Desktop\PROYETOS\PROYECTO_SENSORES_FABRICA\sensores\src\main\java\com\example\sensores\service\serviceImpl\SensorServiceImp.java. Using fallback presentation compiler.
2026.04.07 15:00:54 INFO  no build target found for C:\Users\carol\Desktop\PROYETOS\PROYECTO_SENSORES_FABRICA\sensores\src\main\java\com\example\sensores\service\serviceImpl\SensorServiceImp.java. Using fallback presentation compiler.
2026.04.07 15:00:55 INFO  no build target found for C:\Users\carol\Desktop\PROYETOS\PROYECTO_SENSORES_FABRICA\sensores\src\main\java\com\example\sensores\service\serviceImpl\SensorServiceImp.java. Using fallback presentation compiler.
2026.04.07 15:00:55 INFO  no build target found for C:\Users\carol\Desktop\PROYETOS\PROYECTO_SENSORES_FABRICA\sensores\src\main\java\com\example\sensores\service\serviceImpl\SensorServiceImp.java. Using fallback presentation compiler.
2026.04.07 15:00:55 WARN  no build target for: C:\Users\carol\Desktop\PROYETOS\PROYECTO_SENSORES_FABRICA\sensores\src\main\java\com\example\sensores\service\serviceImpl\SensorServiceImp.java
2026.04.07 15:00:55 INFO  no build target found for C:\Users\carol\Desktop\PROYETOS\PROYECTO_SENSORES_FABRICA\sensores\src\main\java\com\example\sensores\service\serviceImpl\SensorServiceImp.java. Using fallback presentation compiler.
2026.04.07 15:00:57 INFO  no build target found for C:\Users\carol\Desktop\PROYETOS\PROYECTO_SENSORES_FABRICA\sensores\src\main\java\com\example\sensores\service\serviceImpl\SensorServiceImp.java. Using fallback presentation compiler.
2026.04.07 15:00:57 INFO  no build target found for C:\Users\carol\Desktop\PROYETOS\PROYECTO_SENSORES_FABRICA\sensores\src\main\java\com\example\sensores\service\serviceImpl\SensorServiceImp.java. Using fallback presentation compiler.
2026.04.07 15:00:58 INFO  no build target found for C:\Users\carol\Desktop\PROYETOS\PROYECTO_SENSORES_FABRICA\sensores\src\main\java\com\example\sensores\service\serviceImpl\SensorServiceImp.java. Using fallback presentation compiler.
2026.04.07 15:00:57 INFO  no build target found for C:\Users\carol\Desktop\PROYETOS\PROYECTO_SENSORES_FABRICA\sensores\src\main\java\com\example\sensores\service\serviceImpl\SensorServiceImp.java. Using fallback presentation compiler.
2026.04.07 15:00:58 INFO  no build target found for C:\Users\carol\Desktop\PROYETOS\PROYECTO_SENSORES_FABRICA\sensores\src\main\java\com\example\sensores\service\serviceImpl\SensorServiceImp.java. Using fallback presentation compiler.
2026.04.07 15:00:59 WARN  no build target for: C:\Users\carol\Desktop\PROYETOS\PROYECTO_SENSORES_FABRICA\sensores\src\main\java\com\example\sensores\service\serviceImpl\SensorServiceImp.java
2026.04.07 15:00:59 INFO  no build target found for C:\Users\carol\Desktop\PROYETOS\PROYECTO_SENSORES_FABRICA\sensores\src\main\java\com\example\sensores\service\serviceImpl\SensorServiceImp.java. Using fallback presentation compiler.
2026.04.07 15:01:11 INFO  no build target found for C:\Users\carol\Desktop\PROYETOS\PROYECTO_SENSORES_FABRICA\sensores\src\main\java\com\example\sensores\service\serviceImpl\SensorServiceImp.java. Using fallback presentation compiler.
2026.04.07 15:01:13 INFO  no build target found for C:\Users\carol\Desktop\PROYETOS\PROYECTO_SENSORES_FABRICA\sensores\src\main\java\com\example\sensores\service\serviceImpl\SensorServiceImp.java. Using fallback presentation compiler.
2026.04.07 15:01:13 INFO  no build target found for C:\Users\carol\Desktop\PROYETOS\PROYECTO_SENSORES_FABRICA\sensores\src\main\java\com\example\sensores\service\serviceImpl\SensorServiceImp.java. Using fallback presentation compiler.
2026.04.07 15:01:13 INFO  no build target found for C:\Users\carol\Desktop\PROYETOS\PROYECTO_SENSORES_FABRICA\sensores\src\main\java\com\example\sensores\service\serviceImpl\SensorServiceImp.java. Using fallback presentation compiler.
2026.04.07 15:01:13 INFO  no build target found for C:\Users\carol\Desktop\PROYETOS\PROYECTO_SENSORES_FABRICA\sensores\src\main\java\com\example\sensores\service\serviceImpl\SensorServiceImp.java. Using fallback presentation compiler.
2026.04.07 15:01:14 INFO  no build target found for C:\Users\carol\Desktop\PROYETOS\PROYECTO_SENSORES_FABRICA\sensores\src\main\java\com\example\sensores\service\serviceImpl\SensorServiceImp.java. Using fallback presentation compiler.
2026.04.07 15:01:14 INFO  no build target found for C:\Users\carol\Desktop\PROYETOS\PROYECTO_SENSORES_FABRICA\sensores\src\main\java\com\example\sensores\service\serviceImpl\SensorServiceImp.java. Using fallback presentation compiler.
2026.04.07 15:01:14 INFO  no build target found for C:\Users\carol\Desktop\PROYETOS\PROYECTO_SENSORES_FABRICA\sensores\src\main\java\com\example\sensores\service\serviceImpl\SensorServiceImp.java. Using fallback presentation compiler.
2026.04.07 15:01:14 WARN  no build target for: C:\Users\carol\Desktop\PROYETOS\PROYECTO_SENSORES_FABRICA\sensores\src\main\java\com\example\sensores\service\serviceImpl\SensorServiceImp.java
2026.04.07 15:01:14 INFO  no build target found for C:\Users\carol\Desktop\PROYETOS\PROYECTO_SENSORES_FABRICA\sensores\src\main\java\com\example\sensores\service\serviceImpl\SensorServiceImp.java. Using fallback presentation compiler.
2026.04.07 15:01:16 INFO  no build target found for C:\Users\carol\Desktop\PROYETOS\PROYECTO_SENSORES_FABRICA\sensores\src\main\java\com\example\sensores\service\serviceImpl\SensorServiceImp.java. Using fallback presentation compiler.
2026.04.07 15:01:16 INFO  no build target found for C:\Users\carol\Desktop\PROYETOS\PROYECTO_SENSORES_FABRICA\sensores\src\main\java\com\example\sensores\service\serviceImpl\SensorServiceImp.java. Using fallback presentation compiler.
2026.04.07 15:01:16 INFO  no build target found for C:\Users\carol\Desktop\PROYETOS\PROYECTO_SENSORES_FABRICA\sensores\src\main\java\com\example\sensores\service\serviceImpl\SensorServiceImp.java. Using fallback presentation compiler.
2026.04.07 15:01:16 INFO  no build target found for C:\Users\carol\Desktop\PROYETOS\PROYECTO_SENSORES_FABRICA\sensores\src\main\java\com\example\sensores\service\serviceImpl\SensorServiceImp.java. Using fallback presentation compiler.
2026.04.07 15:01:19 INFO  no build target found for C:\Users\carol\Desktop\PROYETOS\PROYECTO_SENSORES_FABRICA\sensores\src\main\java\com\example\sensores\service\serviceImpl\SensorServiceImp.java. Using fallback presentation compiler.
2026.04.07 15:01:19 INFO  no build target found for C:\Users\carol\Desktop\PROYETOS\PROYECTO_SENSORES_FABRICA\sensores\src\main\java\com\example\sensores\service\serviceImpl\SensorServiceImp.java. Using fallback presentation compiler.
2026.04.07 15:01:19 INFO  no build target found for C:\Users\carol\Desktop\PROYETOS\PROYECTO_SENSORES_FABRICA\sensores\src\main\java\com\example\sensores\service\serviceImpl\SensorServiceImp.java. Using fallback presentation compiler.
2026.04.07 15:01:19 INFO  no build target found for C:\Users\carol\Desktop\PROYETOS\PROYECTO_SENSORES_FABRICA\sensores\src\main\java\com\example\sensores\service\serviceImpl\SensorServiceImp.java. Using fallback presentation compiler.
2026.04.07 15:01:19 INFO  no build target found for C:\Users\carol\Desktop\PROYETOS\PROYECTO_SENSORES_FABRICA\sensores\src\main\java\com\example\sensores\service\serviceImpl\SensorServiceImp.java. Using fallback presentation compiler.
2026.04.07 15:01:19 INFO  no build target found for C:\Users\carol\Desktop\PROYETOS\PROYECTO_SENSORES_FABRICA\sensores\src\main\java\com\example\sensores\service\serviceImpl\SensorServiceImp.java. Using fallback presentation compiler.
2026.04.07 15:01:19 INFO  no build target found for C:\Users\carol\Desktop\PROYETOS\PROYECTO_SENSORES_FABRICA\sensores\src\main\java\com\example\sensores\service\serviceImpl\SensorServiceImp.java. Using fallback presentation compiler.
2026.04.07 15:01:19 INFO  no build target found for C:\Users\carol\Desktop\PROYETOS\PROYECTO_SENSORES_FABRICA\sensores\src\main\java\com\example\sensores\service\serviceImpl\SensorServiceImp.java. Using fallback presentation compiler.
2026.04.07 15:01:20 WARN  no build target for: C:\Users\carol\Desktop\PROYETOS\PROYECTO_SENSORES_FABRICA\sensores\src\main\java\com\example\sensores\service\serviceImpl\SensorServiceImp.java
2026.04.07 15:01:20 INFO  no build target found for C:\Users\carol\Desktop\PROYETOS\PROYECTO_SENSORES_FABRICA\sensores\src\main\java\com\example\sensores\service\serviceImpl\SensorServiceImp.java. Using fallback presentation compiler.
2026.04.07 15:01:22 INFO  no build target found for C:\Users\carol\Desktop\PROYETOS\PROYECTO_SENSORES_FABRICA\sensores\src\main\java\com\example\sensores\service\serviceImpl\SensorServiceImp.java. Using fallback presentation compiler.
2026.04.07 15:01:22 INFO  no build target found for C:\Users\carol\Desktop\PROYETOS\PROYECTO_SENSORES_FABRICA\sensores\src\main\java\com\example\sensores\service\serviceImpl\SensorServiceImp.java. Using fallback presentation compiler.
2026.04.07 15:01:22 INFO  no build target found for C:\Users\carol\Desktop\PROYETOS\PROYECTO_SENSORES_FABRICA\sensores\src\main\java\com\example\sensores\service\serviceImpl\SensorServiceImp.java. Using fallback presentation compiler.
2026.04.07 15:01:23 INFO  no build target found for C:\Users\carol\Desktop\PROYETOS\PROYECTO_SENSORES_FABRICA\sensores\src\main\java\com\example\sensores\service\serviceImpl\SensorServiceImp.java. Using fallback presentation compiler.
2026.04.07 15:01:23 INFO  no build target found for C:\Users\carol\Desktop\PROYETOS\PROYECTO_SENSORES_FABRICA\sensores\src\main\java\com\example\sensores\service\serviceImpl\SensorServiceImp.java. Using fallback presentation compiler.
2026.04.07 15:01:23 INFO  no build target found for C:\Users\carol\Desktop\PROYETOS\PROYECTO_SENSORES_FABRICA\sensores\src\main\java\com\example\sensores\service\serviceImpl\SensorServiceImp.java. Using fallback presentation compiler.
2026.04.07 15:01:24 WARN  no build target for: C:\Users\carol\Desktop\PROYETOS\PROYECTO_SENSORES_FABRICA\sensores\src\main\java\com\example\sensores\service\serviceImpl\SensorServiceImp.java
2026.04.07 15:01:24 INFO  no build target found for C:\Users\carol\Desktop\PROYETOS\PROYECTO_SENSORES_FABRICA\sensores\src\main\java\com\example\sensores\service\serviceImpl\SensorServiceImp.java. Using fallback presentation compiler.
2026.04.07 15:01:25 INFO  no build target found for C:\Users\carol\Desktop\PROYETOS\PROYECTO_SENSORES_FABRICA\sensores\src\main\java\com\example\sensores\service\serviceImpl\SensorServiceImp.java. Using fallback presentation compiler.
2026.04.07 15:01:26 INFO  no build target found for C:\Users\carol\Desktop\PROYETOS\PROYECTO_SENSORES_FABRICA\sensores\src\main\java\com\example\sensores\service\serviceImpl\SensorServiceImp.java. Using fallback presentation compiler.
2026.04.07 15:01:25 INFO  no build target found for C:\Users\carol\Desktop\PROYETOS\PROYECTO_SENSORES_FABRICA\sensores\src\main\java\com\example\sensores\service\serviceImpl\SensorServiceImp.java. Using fallback presentation compiler.
2026.04.07 15:01:26 INFO  no build target found for C:\Users\carol\Desktop\PROYETOS\PROYECTO_SENSORES_FABRICA\sensores\src\main\java\com\example\sensores\service\serviceImpl\SensorServiceImp.java. Using fallback presentation compiler.
2026.04.07 15:01:27 WARN  no build target for: C:\Users\carol\Desktop\PROYETOS\PROYECTO_SENSORES_FABRICA\sensores\src\main\java\com\example\sensores\service\serviceImpl\SensorServiceImp.java
2026.04.07 15:01:27 INFO  no build target found for C:\Users\carol\Desktop\PROYETOS\PROYECTO_SENSORES_FABRICA\sensores\src\main\java\com\example\sensores\service\serviceImpl\SensorServiceImp.java. Using fallback presentation compiler.
2026.04.07 15:01:27 INFO  no build target found for C:\Users\carol\Desktop\PROYETOS\PROYECTO_SENSORES_FABRICA\sensores\src\main\java\com\example\sensores\service\serviceImpl\SensorServiceImp.java. Using fallback presentation compiler.
2026.04.07 15:01:27 INFO  no build target found for C:\Users\carol\Desktop\PROYETOS\PROYECTO_SENSORES_FABRICA\sensores\src\main\java\com\example\sensores\service\serviceImpl\SensorServiceImp.java. Using fallback presentation compiler.
2026.04.07 15:01:27 INFO  no build target found for C:\Users\carol\Desktop\PROYETOS\PROYECTO_SENSORES_FABRICA\sensores\src\main\java\com\example\sensores\service\serviceImpl\SensorServiceImp.java. Using fallback presentation compiler.
2026.04.07 15:01:28 INFO  no build target found for C:\Users\carol\Desktop\PROYETOS\PROYECTO_SENSORES_FABRICA\sensores\src\main\java\com\example\sensores\service\serviceImpl\SensorServiceImp.java. Using fallback presentation compiler.
2026.04.07 15:01:29 WARN  no build target for: C:\Users\carol\Desktop\PROYETOS\PROYECTO_SENSORES_FABRICA\sensores\src\main\java\com\example\sensores\service\serviceImpl\SensorServiceImp.java
2026.04.07 15:01:29 INFO  no build target found for C:\Users\carol\Desktop\PROYETOS\PROYECTO_SENSORES_FABRICA\sensores\src\main\java\com\example\sensores\service\serviceImpl\SensorServiceImp.java. Using fallback presentation compiler.
2026.04.07 15:01:29 INFO  no build target found for C:\Users\carol\Desktop\PROYETOS\PROYECTO_SENSORES_FABRICA\sensores\src\main\java\com\example\sensores\service\serviceImpl\SensorServiceImp.java. Using fallback presentation compiler.
2026.04.07 15:01:29 INFO  no build target found for C:\Users\carol\Desktop\PROYETOS\PROYECTO_SENSORES_FABRICA\sensores\src\main\java\com\example\sensores\service\serviceImpl\SensorServiceImp.java. Using fallback presentation compiler.
2026.04.07 15:01:30 WARN  no build target for: C:\Users\carol\Desktop\PROYETOS\PROYECTO_SENSORES_FABRICA\sensores\src\main\java\com\example\sensores\service\serviceImpl\SensorServiceImp.java
2026.04.07 15:01:30 INFO  no build target found for C:\Users\carol\Desktop\PROYETOS\PROYECTO_SENSORES_FABRICA\sensores\src\main\java\com\example\sensores\service\serviceImpl\SensorServiceImp.java. Using fallback presentation compiler.
2026.04.07 15:01:36 INFO  no build target found for C:\Users\carol\Desktop\PROYETOS\PROYECTO_SENSORES_FABRICA\sensores\src\main\java\com\example\sensores\service\serviceImpl\SensorServiceImp.java. Using fallback presentation compiler.
2026.04.07 15:01:36 INFO  no build target found for C:\Users\carol\Desktop\PROYETOS\PROYECTO_SENSORES_FABRICA\sensores\src\main\java\com\example\sensores\service\serviceImpl\SensorServiceImp.java. Using fallback presentation compiler.
2026.04.07 15:01:36 INFO  no build target found for C:\Users\carol\Desktop\PROYETOS\PROYECTO_SENSORES_FABRICA\sensores\src\main\java\com\example\sensores\service\serviceImpl\SensorServiceImp.java. Using fallback presentation compiler.
2026.04.07 15:01:36 INFO  no build target found for C:\Users\carol\Desktop\PROYETOS\PROYECTO_SENSORES_FABRICA\sensores\src\main\java\com\example\sensores\service\serviceImpl\SensorServiceImp.java. Using fallback presentation compiler.
2026.04.07 15:01:36 INFO  no build target found for C:\Users\carol\Desktop\PROYETOS\PROYECTO_SENSORES_FABRICA\sensores\src\main\java\com\example\sensores\service\serviceImpl\SensorServiceImp.java. Using fallback presentation compiler.
2026.04.07 15:01:36 INFO  no build target found for C:\Users\carol\Desktop\PROYETOS\PROYECTO_SENSORES_FABRICA\sensores\src\main\java\com\example\sensores\service\serviceImpl\SensorServiceImp.java. Using fallback presentation compiler.
2026.04.07 15:01:36 INFO  no build target found for C:\Users\carol\Desktop\PROYETOS\PROYECTO_SENSORES_FABRICA\sensores\src\main\java\com\example\sensores\service\serviceImpl\SensorServiceImp.java. Using fallback presentation compiler.
2026.04.07 15:01:36 INFO  no build target found for C:\Users\carol\Desktop\PROYETOS\PROYECTO_SENSORES_FABRICA\sensores\src\main\java\com\example\sensores\service\serviceImpl\SensorServiceImp.java. Using fallback presentation compiler.
2026.04.07 15:01:36 INFO  no build target found for C:\Users\carol\Desktop\PROYETOS\PROYECTO_SENSORES_FABRICA\sensores\src\main\java\com\example\sensores\service\serviceImpl\SensorServiceImp.java. Using fallback presentation compiler.
abr 07, 2026 3:01:37 P. M. org.eclipse.lsp4j.jsonrpc.RemoteEndpoint handleCancellation
WARNING: Unmatched cancel notification for request id 1366
2026.04.07 15:01:37 INFO  no build target found for C:\Users\carol\Desktop\PROYETOS\PROYECTO_SENSORES_FABRICA\sensores\src\main\java\com\example\sensores\service\serviceImpl\SensorServiceImp.java. Using fallback presentation compiler.
2026.04.07 15:01:37 INFO  no build target found for C:\Users\carol\Desktop\PROYETOS\PROYECTO_SENSORES_FABRICA\sensores\src\main\java\com\example\sensores\service\serviceImpl\SensorServiceImp.java. Using fallback presentation compiler.
2026.04.07 15:01:37 INFO  no build target found for C:\Users\carol\Desktop\PROYETOS\PROYECTO_SENSORES_FABRICA\sensores\src\main\java\com\example\sensores\service\serviceImpl\SensorServiceImp.java. Using fallback presentation compiler.
2026.04.07 15:01:37 INFO  no build target found for C:\Users\carol\Desktop\PROYETOS\PROYECTO_SENSORES_FABRICA\sensores\src\main\java\com\example\sensores\service\serviceImpl\SensorServiceImp.java. Using fallback presentation compiler.
2026.04.07 15:01:37 INFO  no build target found for C:\Users\carol\Desktop\PROYETOS\PROYECTO_SENSORES_FABRICA\sensores\src\main\java\com\example\sensores\service\serviceImpl\SensorServiceImp.java. Using fallback presentation compiler.
2026.04.07 15:01:37 INFO  no build target found for C:\Users\carol\Desktop\PROYETOS\PROYECTO_SENSORES_FABRICA\sensores\src\main\java\com\example\sensores\service\serviceImpl\SensorServiceImp.java. Using fallback presentation compiler.
2026.04.07 15:01:38 INFO  no build target found for C:\Users\carol\Desktop\PROYETOS\PROYECTO_SENSORES_FABRICA\sensores\src\main\java\com\example\sensores\service\serviceImpl\SensorServiceImp.java. Using fallback presentation compiler.
2026.04.07 15:01:38 INFO  no build target found for C:\Users\carol\Desktop\PROYETOS\PROYECTO_SENSORES_FABRICA\sensores\src\main\java\com\example\sensores\service\serviceImpl\SensorServiceImp.java. Using fallback presentation compiler.
2026.04.07 15:01:38 INFO  no build target found for C:\Users\carol\Desktop\PROYETOS\PROYECTO_SENSORES_FABRICA\sensores\src\main\java\com\example\sensores\service\serviceImpl\SensorServiceImp.java. Using fallback presentation compiler.
2026.04.07 15:01:38 INFO  no build target found for C:\Users\carol\Desktop\PROYETOS\PROYECTO_SENSORES_FABRICA\sensores\src\main\java\com\example\sensores\service\serviceImpl\SensorServiceImp.java. Using fallback presentation compiler.
2026.04.07 15:01:38 INFO  no build target found for C:\Users\carol\Desktop\PROYETOS\PROYECTO_SENSORES_FABRICA\sensores\src\main\java\com\example\sensores\service\serviceImpl\SensorServiceImp.java. Using fallback presentation compiler.
2026.04.07 15:01:38 INFO  no build target found for C:\Users\carol\Desktop\PROYETOS\PROYECTO_SENSORES_FABRICA\sensores\src\main\java\com\example\sensores\service\serviceImpl\SensorServiceImp.java. Using fallback presentation compiler.
2026.04.07 15:01:38 INFO  no build target found for C:\Users\carol\Desktop\PROYETOS\PROYECTO_SENSORES_FABRICA\sensores\src\main\java\com\example\sensores\service\serviceImpl\SensorServiceImp.java. Using fallback presentation compiler.
2026.04.07 15:01:38 INFO  no build target found for C:\Users\carol\Desktop\PROYETOS\PROYECTO_SENSORES_FABRICA\sensores\src\main\java\com\example\sensores\service\serviceImpl\SensorServiceImp.java. Using fallback presentation compiler.
2026.04.07 15:01:38 INFO  no build target found for C:\Users\carol\Desktop\PROYETOS\PROYECTO_SENSORES_FABRICA\sensores\src\main\java\com\example\sensores\service\serviceImpl\SensorServiceImp.java. Using fallback presentation compiler.
2026.04.07 15:01:39 INFO  no build target found for C:\Users\carol\Desktop\PROYETOS\PROYECTO_SENSORES_FABRICA\sensores\src\main\java\com\example\sensores\service\serviceImpl\SensorServiceImp.java. Using fallback presentation compiler.
2026.04.07 15:01:39 INFO  no build target found for C:\Users\carol\Desktop\PROYETOS\PROYECTO_SENSORES_FABRICA\sensores\src\main\java\com\example\sensores\service\serviceImpl\SensorServiceImp.java. Using fallback presentation compiler.
2026.04.07 15:01:39 INFO  no build target found for C:\Users\carol\Desktop\PROYETOS\PROYECTO_SENSORES_FABRICA\sensores\src\main\java\com\example\sensores\service\serviceImpl\SensorServiceImp.java. Using fallback presentation compiler.
2026.04.07 15:01:39 INFO  no build target found for C:\Users\carol\Desktop\PROYETOS\PROYECTO_SENSORES_FABRICA\sensores\src\main\java\com\example\sensores\service\serviceImpl\SensorServiceImp.java. Using fallback presentation compiler.
2026.04.07 15:01:39 INFO  no build target found for C:\Users\carol\Desktop\PROYETOS\PROYECTO_SENSORES_FABRICA\sensores\src\main\java\com\example\sensores\service\serviceImpl\SensorServiceImp.java. Using fallback presentation compiler.
2026.04.07 15:01:41 WARN  no build target for: C:\Users\carol\Desktop\PROYETOS\PROYECTO_SENSORES_FABRICA\sensores\src\main\java\com\example\sensores\service\serviceImpl\SensorServiceImp.java
2026.04.07 15:01:41 INFO  no build target found for C:\Users\carol\Desktop\PROYETOS\PROYECTO_SENSORES_FABRICA\sensores\src\main\java\com\example\sensores\service\serviceImpl\SensorServiceImp.java. Using fallback presentation compiler.
2026.04.07 15:01:46 INFO  no build target found for C:\Users\carol\Desktop\PROYETOS\PROYECTO_SENSORES_FABRICA\sensores\src\main\java\com\example\sensores\service\serviceImpl\SensorServiceImp.java. Using fallback presentation compiler.
2026.04.07 15:01:46 INFO  no build target found for C:\Users\carol\Desktop\PROYETOS\PROYECTO_SENSORES_FABRICA\sensores\src\main\java\com\example\sensores\service\serviceImpl\SensorServiceImp.java. Using fallback presentation compiler.
2026.04.07 15:01:46 INFO  no build target found for C:\Users\carol\Desktop\PROYETOS\PROYECTO_SENSORES_FABRICA\sensores\src\main\java\com\example\sensores\service\serviceImpl\SensorServiceImp.java. Using fallback presentation compiler.
2026.04.07 15:01:46 INFO  no build target found for C:\Users\carol\Desktop\PROYETOS\PROYECTO_SENSORES_FABRICA\sensores\src\main\java\com\example\sensores\service\serviceImpl\SensorServiceImp.java. Using fallback presentation compiler.
2026.04.07 15:01:46 INFO  no build target found for C:\Users\carol\Desktop\PROYETOS\PROYECTO_SENSORES_FABRICA\sensores\src\main\java\com\example\sensores\service\serviceImpl\SensorServiceImp.java. Using fallback presentation compiler.
2026.04.07 15:01:47 INFO  no build target found for C:\Users\carol\Desktop\PROYETOS\PROYECTO_SENSORES_FABRICA\sensores\src\main\java\com\example\sensores\service\serviceImpl\SensorServiceImp.java. Using fallback presentation compiler.
2026.04.07 15:01:47 WARN  no build target for: C:\Users\carol\Desktop\PROYETOS\PROYECTO_SENSORES_FABRICA\sensores\src\main\java\com\example\sensores\service\serviceImpl\SensorServiceImp.java
2026.04.07 15:01:47 INFO  QDox parse error in file:///C:/Users/carol/Desktop/PROYETOS/PROYECTO_SENSORES_FABRICA/sensores/src/main/java/com/example/sensores/service/serviceImpl/SensorServiceImp.java (full report at: "C:\Users\carol\Desktop\PROYETOS\PROYECTO_SENSORES_FABRICA\sensores\.metals\.reports\metals-full\2026-04-07\r_qdox-error_15-00-09-122.md")
2026.04.07 15:01:47 INFO  no build target found for C:\Users\carol\Desktop\PROYETOS\PROYECTO_SENSORES_FABRICA\sensores\src\main\java\com\example\sensores\service\serviceImpl\SensorServiceImp.java. Using fallback presentation compiler.
2026.04.07 15:01:46 WARN  Running javac-semanticdb failed for file:///C:/Users/carol/Desktop/PROYETOS/PROYECTO_SENSORES_FABRICA/sensores/src/main/java/com/example/sensores/service/serviceImpl/SensorServiceImp.java. Output:

2026.04.07 15:01:47 INFO  no build target found for C:\Users\carol\Desktop\PROYETOS\PROYECTO_SENSORES_FABRICA\sensores\src\main\java\com\example\sensores\service\serviceImpl\SensorServiceImp.java. Using fallback presentation compiler.
2026.04.07 15:01:47 INFO  no build target found for C:\Users\carol\Desktop\PROYETOS\PROYECTO_SENSORES_FABRICA\sensores\src\main\java\com\example\sensores\service\serviceImpl\SensorServiceImp.java. Using fallback presentation compiler.
2026.04.07 15:01:47 INFO  no build target found for C:\Users\carol\Desktop\PROYETOS\PROYECTO_SENSORES_FABRICA\sensores\src\main\java\com\example\sensores\service\serviceImpl\SensorServiceImp.java. Using fallback presentation compiler.
2026.04.07 15:01:48 INFO  no build target found for C:\Users\carol\Desktop\PROYETOS\PROYECTO_SENSORES_FABRICA\sensores\src\main\java\com\example\sensores\service\serviceImpl\SensorServiceImp.java. Using fallback presentation compiler.
2026.04.07 15:01:47 INFO  no build target found for C:\Users\carol\Desktop\PROYETOS\PROYECTO_SENSORES_FABRICA\sensores\src\main\java\com\example\sensores\service\serviceImpl\SensorServiceImp.java. Using fallback presentation compiler.
2026.04.07 15:01:47 INFO  no build target found for C:\Users\carol\Desktop\PROYETOS\PROYECTO_SENSORES_FABRICA\sensores\src\main\java\com\example\sensores\service\serviceImpl\SensorServiceImp.java. Using fallback presentation compiler.
2026.04.07 15:01:47 INFO  no build target found for C:\Users\carol\Desktop\PROYETOS\PROYECTO_SENSORES_FABRICA\sensores\src\main\java\com\example\sensores\service\serviceImpl\SensorServiceImp.java. Using fallback presentation compiler.
2026.04.07 15:01:48 INFO  no build target found for C:\Users\carol\Desktop\PROYETOS\PROYECTO_SENSORES_FABRICA\sensores\src\main\java\com\example\sensores\service\serviceImpl\SensorServiceImp.java. Using fallback presentation compiler.
2026.04.07 15:01:48 INFO  no build target found for C:\Users\carol\Desktop\PROYETOS\PROYECTO_SENSORES_FABRICA\sensores\src\main\java\com\example\sensores\service\serviceImpl\SensorServiceImp.java. Using fallback presentation compiler.
2026.04.07 15:01:48 INFO  no build target found for C:\Users\carol\Desktop\PROYETOS\PROYECTO_SENSORES_FABRICA\sensores\src\main\java\com\example\sensores\service\serviceImpl\SensorServiceImp.java. Using fallback presentation compiler.
2026.04.07 15:01:49 WARN  no build target for: C:\Users\carol\Desktop\PROYETOS\PROYECTO_SENSORES_FABRICA\sensores\src\main\java\com\example\sensores\service\serviceImpl\SensorServiceImp.java
2026.04.07 15:01:48 INFO  QDox parse error in file:///C:/Users/carol/Desktop/PROYETOS/PROYECTO_SENSORES_FABRICA/sensores/src/main/java/com/example/sensores/service/serviceImpl/SensorServiceImp.java (full report at: "C:\Users\carol\Desktop\PROYETOS\PROYECTO_SENSORES_FABRICA\sensores\.metals\.reports\metals-full\2026-04-07\r_qdox-error_15-00-09-122.md")
2026.04.07 15:01:49 INFO  no build target found for C:\Users\carol\Desktop\PROYETOS\PROYECTO_SENSORES_FABRICA\sensores\src\main\java\com\example\sensores\service\serviceImpl\SensorServiceImp.java. Using fallback presentation compiler.
2026.04.07 15:01:49 WARN  Running javac-semanticdb failed for file:///C:/Users/carol/Desktop/PROYETOS/PROYECTO_SENSORES_FABRICA/sensores/src/main/java/com/example/sensores/service/serviceImpl/SensorServiceImp.java. Output:

2026.04.07 15:01:50 INFO  no build target found for C:\Users\carol\Desktop\PROYETOS\PROYECTO_SENSORES_FABRICA\sensores\src\main\java\com\example\sensores\service\serviceImpl\SensorServiceImp.java. Using fallback presentation compiler.
2026.04.07 15:01:58 INFO  no build target found for C:\Users\carol\Desktop\PROYETOS\PROYECTO_SENSORES_FABRICA\sensores\src\main\java\com\example\sensores\service\serviceImpl\SensorServiceImp.java. Using fallback presentation compiler.
2026.04.07 15:01:58 INFO  no build target found for C:\Users\carol\Desktop\PROYETOS\PROYECTO_SENSORES_FABRICA\sensores\src\main\java\com\example\sensores\service\serviceImpl\SensorServiceImp.java. Using fallback presentation compiler.
2026.04.07 15:01:58 INFO  no build target found for C:\Users\carol\Desktop\PROYETOS\PROYECTO_SENSORES_FABRICA\sensores\src\main\java\com\example\sensores\service\serviceImpl\SensorServiceImp.java. Using fallback presentation compiler.
2026.04.07 15:01:58 INFO  no build target found for C:\Users\carol\Desktop\PROYETOS\PROYECTO_SENSORES_FABRICA\sensores\src\main\java\com\example\sensores\service\serviceImpl\SensorServiceImp.java. Using fallback presentation compiler.
2026.04.07 15:01:58 INFO  no build target found for C:\Users\carol\Desktop\PROYETOS\PROYECTO_SENSORES_FABRICA\sensores\src\main\java\com\example\sensores\service\serviceImpl\SensorServiceImp.java. Using fallback presentation compiler.
2026.04.07 15:01:58 INFO  no build target found for C:\Users\carol\Desktop\PROYETOS\PROYECTO_SENSORES_FABRICA\sensores\src\main\java\com\example\sensores\service\serviceImpl\SensorServiceImp.java. Using fallback presentation compiler.
2026.04.07 15:01:58 INFO  no build target found for C:\Users\carol\Desktop\PROYETOS\PROYECTO_SENSORES_FABRICA\sensores\src\main\java\com\example\sensores\service\serviceImpl\SensorServiceImp.java. Using fallback presentation compiler.
2026.04.07 15:01:59 INFO  no build target found for C:\Users\carol\Desktop\PROYETOS\PROYECTO_SENSORES_FABRICA\sensores\src\main\java\com\example\sensores\service\serviceImpl\SensorServiceImp.java. Using fallback presentation compiler.
2026.04.07 15:01:59 WARN  no build target for: C:\Users\carol\Desktop\PROYETOS\PROYECTO_SENSORES_FABRICA\sensores\src\main\java\com\example\sensores\service\serviceImpl\SensorServiceImp.java
2026.04.07 15:01:59 INFO  QDox parse error in file:///C:/Users/carol/Desktop/PROYETOS/PROYECTO_SENSORES_FABRICA/sensores/src/main/java/com/example/sensores/service/serviceImpl/SensorServiceImp.java (full report at: "C:\Users\carol\Desktop\PROYETOS\PROYECTO_SENSORES_FABRICA\sensores\.metals\.reports\metals-full\2026-04-07\r_qdox-error_15-00-09-122.md")
2026.04.07 15:01:59 INFO  no build target found for C:\Users\carol\Desktop\PROYETOS\PROYECTO_SENSORES_FABRICA\sensores\src\main\java\com\example\sensores\service\serviceImpl\SensorServiceImp.java. Using fallback presentation compiler.
2026.04.07 15:01:59 WARN  Running javac-semanticdb failed for file:///C:/Users/carol/Desktop/PROYETOS/PROYECTO_SENSORES_FABRICA/sensores/src/main/java/com/example/sensores/service/serviceImpl/SensorServiceImp.java. Output:

2026.04.07 15:01:59 INFO  no build target found for C:\Users\carol\Desktop\PROYETOS\PROYECTO_SENSORES_FABRICA\sensores\src\main\java\com\example\sensores\service\serviceImpl\SensorServiceImp.java. Using fallback presentation compiler.
2026.04.07 15:01:59 INFO  no build target found for C:\Users\carol\Desktop\PROYETOS\PROYECTO_SENSORES_FABRICA\sensores\src\main\java\com\example\sensores\service\serviceImpl\SensorServiceImp.java. Using fallback presentation compiler.
2026.04.07 15:01:59 INFO  no build target found for C:\Users\carol\Desktop\PROYETOS\PROYECTO_SENSORES_FABRICA\sensores\src\main\java\com\example\sensores\service\serviceImpl\SensorServiceImp.java. Using fallback presentation compiler.
2026.04.07 15:02:00 INFO  no build target found for C:\Users\carol\Desktop\PROYETOS\PROYECTO_SENSORES_FABRICA\sensores\src\main\java\com\example\sensores\service\serviceImpl\SensorServiceImp.java. Using fallback presentation compiler.
2026.04.07 15:02:00 INFO  no build target found for C:\Users\carol\Desktop\PROYETOS\PROYECTO_SENSORES_FABRICA\sensores\src\main\java\com\example\sensores\service\serviceImpl\SensorServiceImp.java. Using fallback presentation compiler.
2026.04.07 15:02:00 INFO  no build target found for C:\Users\carol\Desktop\PROYETOS\PROYECTO_SENSORES_FABRICA\sensores\src\main\java\com\example\sensores\service\serviceImpl\SensorServiceImp.java. Using fallback presentation compiler.
2026.04.07 15:02:00 INFO  no build target found for C:\Users\carol\Desktop\PROYETOS\PROYECTO_SENSORES_FABRICA\sensores\src\main\java\com\example\sensores\service\serviceImpl\SensorServiceImp.java. Using fallback presentation compiler.
2026.04.07 15:02:00 INFO  no build target found for C:\Users\carol\Desktop\PROYETOS\PROYECTO_SENSORES_FABRICA\sensores\src\main\java\com\example\sensores\service\serviceImpl\SensorServiceImp.java. Using fallback presentation compiler.
2026.04.07 15:02:00 INFO  no build target found for C:\Users\carol\Desktop\PROYETOS\PROYECTO_SENSORES_FABRICA\sensores\src\main\java\com\example\sensores\service\serviceImpl\SensorServiceImp.java. Using fallback presentation compiler.
2026.04.07 15:02:00 INFO  no build target found for C:\Users\carol\Desktop\PROYETOS\PROYECTO_SENSORES_FABRICA\sensores\src\main\java\com\example\sensores\service\serviceImpl\SensorServiceImp.java. Using fallback presentation compiler.
2026.04.07 15:02:02 INFO  no build target found for C:\Users\carol\Desktop\PROYETOS\PROYECTO_SENSORES_FABRICA\sensores\src\main\java\com\example\sensores\service\serviceImpl\SensorServiceImp.java. Using fallback presentation compiler.
2026.04.07 15:02:02 WARN  no build target for: C:\Users\carol\Desktop\PROYETOS\PROYECTO_SENSORES_FABRICA\sensores\src\main\java\com\example\sensores\service\serviceImpl\SensorServiceImp.java
2026.04.07 15:02:02 INFO  QDox parse error in file:///C:/Users/carol/Desktop/PROYETOS/PROYECTO_SENSORES_FABRICA/sensores/src/main/java/com/example/sensores/service/serviceImpl/SensorServiceImp.java (full report at: "C:\Users\carol\Desktop\PROYETOS\PROYECTO_SENSORES_FABRICA\sensores\.metals\.reports\metals-full\2026-04-07\r_qdox-error_15-00-09-122.md")
2026.04.07 15:02:02 INFO  no build target found for C:\Users\carol\Desktop\PROYETOS\PROYECTO_SENSORES_FABRICA\sensores\src\main\java\com\example\sensores\service\serviceImpl\SensorServiceImp.java. Using fallback presentation compiler.
2026.04.07 15:02:02 WARN  Running javac-semanticdb failed for file:///C:/Users/carol/Desktop/PROYETOS/PROYECTO_SENSORES_FABRICA/sensores/src/main/java/com/example/sensores/service/serviceImpl/SensorServiceImp.java. Output:

2026.04.07 15:02:02 INFO  no build target found for C:\Users\carol\Desktop\PROYETOS\PROYECTO_SENSORES_FABRICA\sensores\src\main\java\com\example\sensores\service\serviceImpl\SensorServiceImp.java. Using fallback presentation compiler.
2026.04.07 15:02:02 INFO  no build target found for C:\Users\carol\Desktop\PROYETOS\PROYECTO_SENSORES_FABRICA\sensores\src\main\java\com\example\sensores\service\serviceImpl\SensorServiceImp.java. Using fallback presentation compiler.
2026.04.07 15:02:02 INFO  no build target found for C:\Users\carol\Desktop\PROYETOS\PROYECTO_SENSORES_FABRICA\sensores\src\main\java\com\example\sensores\service\serviceImpl\SensorServiceImp.java. Using fallback presentation compiler.
2026.04.07 15:02:03 INFO  no build target found for C:\Users\carol\Desktop\PROYETOS\PROYECTO_SENSORES_FABRICA\sensores\src\main\java\com\example\sensores\service\serviceImpl\SensorServiceImp.java. Using fallback presentation compiler.
2026.04.07 15:02:03 INFO  no build target found for C:\Users\carol\Desktop\PROYETOS\PROYECTO_SENSORES_FABRICA\sensores\src\main\java\com\example\sensores\service\serviceImpl\SensorServiceImp.java. Using fallback presentation compiler.
2026.04.07 15:02:03 INFO  no build target found for C:\Users\carol\Desktop\PROYETOS\PROYECTO_SENSORES_FABRICA\sensores\src\main\java\com\example\sensores\service\serviceImpl\SensorServiceImp.java. Using fallback presentation compiler.
2026.04.07 15:02:03 INFO  no build target found for C:\Users\carol\Desktop\PROYETOS\PROYECTO_SENSORES_FABRICA\sensores\src\main\java\com\example\sensores\service\serviceImpl\SensorServiceImp.java. Using fallback presentation compiler.
2026.04.07 15:02:03 INFO  no build target found for C:\Users\carol\Desktop\PROYETOS\PROYECTO_SENSORES_FABRICA\sensores\src\main\java\com\example\sensores\service\serviceImpl\SensorServiceImp.java. Using fallback presentation compiler.
2026.04.07 15:02:03 INFO  no build target found for C:\Users\carol\Desktop\PROYETOS\PROYECTO_SENSORES_FABRICA\sensores\src\main\java\com\example\sensores\service\serviceImpl\SensorServiceImp.java. Using fallback presentation compiler.
2026.04.07 15:02:04 WARN  no build target for: C:\Users\carol\Desktop\PROYETOS\PROYECTO_SENSORES_FABRICA\sensores\src\main\java\com\example\sensores\service\serviceImpl\SensorServiceImp.java
2026.04.07 15:02:04 INFO  no build target found for C:\Users\carol\Desktop\PROYETOS\PROYECTO_SENSORES_FABRICA\sensores\src\main\java\com\example\sensores\service\serviceImpl\SensorServiceImp.java. Using fallback presentation compiler.
2026.04.07 15:02:06 INFO  no build target found for C:\Users\carol\Desktop\PROYETOS\PROYECTO_SENSORES_FABRICA\sensores\src\main\java\com\example\sensores\service\serviceImpl\SensorServiceImp.java. Using fallback presentation compiler.
2026.04.07 15:02:06 INFO  no build target found for C:\Users\carol\Desktop\PROYETOS\PROYECTO_SENSORES_FABRICA\sensores\src\main\java\com\example\sensores\service\serviceImpl\SensorServiceImp.java. Using fallback presentation compiler.
2026.04.07 15:02:06 INFO  no build target found for C:\Users\carol\Desktop\PROYETOS\PROYECTO_SENSORES_FABRICA\sensores\src\main\java\com\example\sensores\service\serviceImpl\SensorServiceImp.java. Using fallback presentation compiler.
2026.04.07 15:02:06 INFO  no build target found for C:\Users\carol\Desktop\PROYETOS\PROYECTO_SENSORES_FABRICA\sensores\src\main\java\com\example\sensores\service\serviceImpl\SensorServiceImp.java. Using fallback presentation compiler.
2026.04.07 15:02:07 INFO  no build target found for C:\Users\carol\Desktop\PROYETOS\PROYECTO_SENSORES_FABRICA\sensores\src\main\java\com\example\sensores\service\serviceImpl\SensorServiceImp.java. Using fallback presentation compiler.
2026.04.07 15:02:07 INFO  no build target found for C:\Users\carol\Desktop\PROYETOS\PROYECTO_SENSORES_FABRICA\sensores\src\main\java\com\example\sensores\service\serviceImpl\SensorServiceImp.java. Using fallback presentation compiler.
2026.04.07 15:02:07 INFO  no build target found for C:\Users\carol\Desktop\PROYETOS\PROYECTO_SENSORES_FABRICA\sensores\src\main\java\com\example\sensores\service\serviceImpl\SensorServiceImp.java. Using fallback presentation compiler.
2026.04.07 15:02:07 INFO  no build target found for C:\Users\carol\Desktop\PROYETOS\PROYECTO_SENSORES_FABRICA\sensores\src\main\java\com\example\sensores\service\serviceImpl\SensorServiceImp.java. Using fallback presentation compiler.
2026.04.07 15:02:07 INFO  no build target found for C:\Users\carol\Desktop\PROYETOS\PROYECTO_SENSORES_FABRICA\sensores\src\main\java\com\example\sensores\service\serviceImpl\SensorServiceImp.java. Using fallback presentation compiler.
2026.04.07 15:02:08 INFO  no build target found for C:\Users\carol\Desktop\PROYETOS\PROYECTO_SENSORES_FABRICA\sensores\src\main\java\com\example\sensores\service\serviceImpl\SensorServiceImp.java. Using fallback presentation compiler.
2026.04.07 15:02:07 INFO  no build target found for C:\Users\carol\Desktop\PROYETOS\PROYECTO_SENSORES_FABRICA\sensores\src\main\java\com\example\sensores\service\serviceImpl\SensorServiceImp.java. Using fallback presentation compiler.
2026.04.07 15:02:08 INFO  no build target found for C:\Users\carol\Desktop\PROYETOS\PROYECTO_SENSORES_FABRICA\sensores\src\main\java\com\example\sensores\service\serviceImpl\SensorServiceImp.java. Using fallback presentation compiler.
2026.04.07 15:02:09 WARN  no build target for: C:\Users\carol\Desktop\PROYETOS\PROYECTO_SENSORES_FABRICA\sensores\src\main\java\com\example\sensores\service\serviceImpl\SensorServiceImp.java
2026.04.07 15:02:09 INFO  no build target found for C:\Users\carol\Desktop\PROYETOS\PROYECTO_SENSORES_FABRICA\sensores\src\main\java\com\example\sensores\service\serviceImpl\SensorServiceImp.java. Using fallback presentation compiler.
2026.04.07 15:02:09 WARN  Running javac-semanticdb failed for file:///C:/Users/carol/Desktop/PROYETOS/PROYECTO_SENSORES_FABRICA/sensores/src/main/java/com/example/sensores/service/serviceImpl/SensorServiceImp.java. Output:

2026.04.07 15:02:08 INFO  no build target found for C:\Users\carol\Desktop\PROYETOS\PROYECTO_SENSORES_FABRICA\sensores\src\main\java\com\example\sensores\service\serviceImpl\SensorServiceImp.java. Using fallback presentation compiler.
2026.04.07 15:02:08 INFO  no build target found for C:\Users\carol\Desktop\PROYETOS\PROYECTO_SENSORES_FABRICA\sensores\src\main\java\com\example\sensores\service\serviceImpl\SensorServiceImp.java. Using fallback presentation compiler.
2026.04.07 15:02:08 INFO  no build target found for C:\Users\carol\Desktop\PROYETOS\PROYECTO_SENSORES_FABRICA\sensores\src\main\java\com\example\sensores\service\serviceImpl\SensorServiceImp.java. Using fallback presentation compiler.
2026.04.07 15:02:09 INFO  no build target found for C:\Users\carol\Desktop\PROYETOS\PROYECTO_SENSORES_FABRICA\sensores\src\main\java\com\example\sensores\service\serviceImpl\SensorServiceImp.java. Using fallback presentation compiler.
2026.04.07 15:02:10 INFO  no build target found for C:\Users\carol\Desktop\PROYETOS\PROYECTO_SENSORES_FABRICA\sensores\src\main\java\com\example\sensores\service\serviceImpl\SensorServiceImp.java. Using fallback presentation compiler.
2026.04.07 15:02:10 INFO  no build target found for C:\Users\carol\Desktop\PROYETOS\PROYECTO_SENSORES_FABRICA\sensores\src\main\java\com\example\sensores\service\serviceImpl\SensorServiceImp.java. Using fallback presentation compiler.
2026.04.07 15:02:10 INFO  no build target found for C:\Users\carol\Desktop\PROYETOS\PROYECTO_SENSORES_FABRICA\sensores\src\main\java\com\example\sensores\service\serviceImpl\SensorServiceImp.java. Using fallback presentation compiler.
2026.04.07 15:02:10 INFO  no build target found for C:\Users\carol\Desktop\PROYETOS\PROYECTO_SENSORES_FABRICA\sensores\src\main\java\com\example\sensores\service\serviceImpl\SensorServiceImp.java. Using fallback presentation compiler.
2026.04.07 15:02:10 INFO  no build target found for C:\Users\carol\Desktop\PROYETOS\PROYECTO_SENSORES_FABRICA\sensores\src\main\java\com\example\sensores\service\serviceImpl\SensorServiceImp.java. Using fallback presentation compiler.
2026.04.07 15:02:10 INFO  no build target found for C:\Users\carol\Desktop\PROYETOS\PROYECTO_SENSORES_FABRICA\sensores\src\main\java\com\example\sensores\service\serviceImpl\SensorServiceImp.java. Using fallback presentation compiler.
2026.04.07 15:02:10 INFO  no build target found for C:\Users\carol\Desktop\PROYETOS\PROYECTO_SENSORES_FABRICA\sensores\src\main\java\com\example\sensores\service\serviceImpl\SensorServiceImp.java. Using fallback presentation compiler.
2026.04.07 15:02:11 INFO  no build target found for C:\Users\carol\Desktop\PROYETOS\PROYECTO_SENSORES_FABRICA\sensores\src\main\java\com\example\sensores\service\serviceImpl\SensorServiceImp.java. Using fallback presentation compiler.
2026.04.07 15:02:11 INFO  no build target found for C:\Users\carol\Desktop\PROYETOS\PROYECTO_SENSORES_FABRICA\sensores\src\main\java\com\example\sensores\service\serviceImpl\SensorServiceImp.java. Using fallback presentation compiler.
2026.04.07 15:02:11 INFO  no build target found for C:\Users\carol\Desktop\PROYETOS\PROYECTO_SENSORES_FABRICA\sensores\src\main\java\com\example\sensores\service\serviceImpl\SensorServiceImp.java. Using fallback presentation compiler.
2026.04.07 15:02:11 INFO  no build target found for C:\Users\carol\Desktop\PROYETOS\PROYECTO_SENSORES_FABRICA\sensores\src\main\java\com\example\sensores\service\serviceImpl\SensorServiceImp.java. Using fallback presentation compiler.
2026.04.07 15:02:12 WARN  no build target for: C:\Users\carol\Desktop\PROYETOS\PROYECTO_SENSORES_FABRICA\sensores\src\main\java\com\example\sensores\service\serviceImpl\SensorServiceImp.java
2026.04.07 15:02:12 INFO  no build target found for C:\Users\carol\Desktop\PROYETOS\PROYECTO_SENSORES_FABRICA\sensores\src\main\java\com\example\sensores\service\serviceImpl\SensorServiceImp.java. Using fallback presentation compiler.
2026.04.07 15:02:12 WARN  Running javac-semanticdb failed for file:///C:/Users/carol/Desktop/PROYETOS/PROYECTO_SENSORES_FABRICA/sensores/src/main/java/com/example/sensores/service/serviceImpl/SensorServiceImp.java. Output:

2026.04.07 15:02:12 INFO  no build target found for C:\Users\carol\Desktop\PROYETOS\PROYECTO_SENSORES_FABRICA\sensores\src\main\java\com\example\sensores\service\serviceImpl\SensorServiceImp.java. Using fallback presentation compiler.
2026.04.07 15:02:12 INFO  no build target found for C:\Users\carol\Desktop\PROYETOS\PROYECTO_SENSORES_FABRICA\sensores\src\main\java\com\example\sensores\service\serviceImpl\SensorServiceImp.java. Using fallback presentation compiler.
2026.04.07 15:02:12 INFO  no build target found for C:\Users\carol\Desktop\PROYETOS\PROYECTO_SENSORES_FABRICA\sensores\src\main\java\com\example\sensores\service\serviceImpl\SensorServiceImp.java. Using fallback presentation compiler.
2026.04.07 15:02:13 INFO  no build target found for C:\Users\carol\Desktop\PROYETOS\PROYECTO_SENSORES_FABRICA\sensores\src\main\java\com\example\sensores\service\serviceImpl\SensorServiceImp.java. Using fallback presentation compiler.
2026.04.07 15:02:12 INFO  no build target found for C:\Users\carol\Desktop\PROYETOS\PROYECTO_SENSORES_FABRICA\sensores\src\main\java\com\example\sensores\service\serviceImpl\SensorServiceImp.java. Using fallback presentation compiler.
2026.04.07 15:02:12 INFO  no build target found for C:\Users\carol\Desktop\PROYETOS\PROYECTO_SENSORES_FABRICA\sensores\src\main\java\com\example\sensores\service\serviceImpl\SensorServiceImp.java. Using fallback presentation compiler.
2026.04.07 15:02:12 INFO  no build target found for C:\Users\carol\Desktop\PROYETOS\PROYECTO_SENSORES_FABRICA\sensores\src\main\java\com\example\sensores\service\serviceImpl\SensorServiceImp.java. Using fallback presentation compiler.
2026.04.07 15:02:13 INFO  no build target found for C:\Users\carol\Desktop\PROYETOS\PROYECTO_SENSORES_FABRICA\sensores\src\main\java\com\example\sensores\service\serviceImpl\SensorServiceImp.java. Using fallback presentation compiler.
2026.04.07 15:02:14 INFO  no build target found for C:\Users\carol\Desktop\PROYETOS\PROYECTO_SENSORES_FABRICA\sensores\src\main\java\com\example\sensores\service\serviceImpl\SensorServiceImp.java. Using fallback presentation compiler.
2026.04.07 15:02:14 WARN  no build target for: C:\Users\carol\Desktop\PROYETOS\PROYECTO_SENSORES_FABRICA\sensores\src\main\java\com\example\sensores\service\serviceImpl\SensorServiceImp.java
2026.04.07 15:02:14 INFO  no build target found for C:\Users\carol\Desktop\PROYETOS\PROYECTO_SENSORES_FABRICA\sensores\src\main\java\com\example\sensores\service\serviceImpl\SensorServiceImp.java. Using fallback presentation compiler.
2026.04.07 15:02:14 WARN  Running javac-semanticdb failed for file:///C:/Users/carol/Desktop/PROYETOS/PROYECTO_SENSORES_FABRICA/sensores/src/main/java/com/example/sensores/service/serviceImpl/SensorServiceImp.java. Output:

2026.04.07 15:02:14 INFO  no build target found for C:\Users\carol\Desktop\PROYETOS\PROYECTO_SENSORES_FABRICA\sensores\src\main\java\com\example\sensores\service\serviceImpl\SensorServiceImp.java. Using fallback presentation compiler.
2026.04.07 15:02:15 INFO  no build target found for C:\Users\carol\Desktop\PROYETOS\PROYECTO_SENSORES_FABRICA\sensores\src\main\java\com\example\sensores\service\serviceImpl\SensorServiceImp.java. Using fallback presentation compiler.
2026.04.07 15:02:14 INFO  no build target found for C:\Users\carol\Desktop\PROYETOS\PROYECTO_SENSORES_FABRICA\sensores\src\main\java\com\example\sensores\service\serviceImpl\SensorServiceImp.java. Using fallback presentation compiler.
2026.04.07 15:02:15 INFO  no build target found for C:\Users\carol\Desktop\PROYETOS\PROYECTO_SENSORES_FABRICA\sensores\src\main\java\com\example\sensores\service\serviceImpl\SensorServiceImp.java. Using fallback presentation compiler.
2026.04.07 15:02:16 WARN  no build target for: C:\Users\carol\Desktop\PROYETOS\PROYECTO_SENSORES_FABRICA\sensores\src\main\java\com\example\sensores\service\serviceImpl\SensorServiceImp.java
2026.04.07 15:02:16 INFO  no build target found for C:\Users\carol\Desktop\PROYETOS\PROYECTO_SENSORES_FABRICA\sensores\src\main\java\com\example\sensores\service\serviceImpl\SensorServiceImp.java. Using fallback presentation compiler.
2026.04.07 15:02:16 WARN  Running javac-semanticdb failed for file:///C:/Users/carol/Desktop/PROYETOS/PROYECTO_SENSORES_FABRICA/sensores/src/main/java/com/example/sensores/service/serviceImpl/SensorServiceImp.java. Output:

2026.04.07 15:02:17 INFO  no build target found for C:\Users\carol\Desktop\PROYETOS\PROYECTO_SENSORES_FABRICA\sensores\src\main\java\com\example\sensores\service\serviceImpl\SensorServiceImp.java. Using fallback presentation compiler.
2026.04.07 15:02:17 INFO  no build target found for C:\Users\carol\Desktop\PROYETOS\PROYECTO_SENSORES_FABRICA\sensores\src\main\java\com\example\sensores\service\serviceImpl\SensorServiceImp.java. Using fallback presentation compiler.
2026.04.07 15:02:18 INFO  no build target found for C:\Users\carol\Desktop\PROYETOS\PROYECTO_SENSORES_FABRICA\sensores\src\main\java\com\example\sensores\service\serviceImpl\SensorServiceImp.java. Using fallback presentation compiler.
2026.04.07 15:02:18 INFO  no build target found for C:\Users\carol\Desktop\PROYETOS\PROYECTO_SENSORES_FABRICA\sensores\src\main\java\com\example\sensores\service\serviceImpl\SensorServiceImp.java. Using fallback presentation compiler.
2026.04.07 15:02:18 INFO  no build target found for C:\Users\carol\Desktop\PROYETOS\PROYECTO_SENSORES_FABRICA\sensores\src\main\java\com\example\sensores\service\serviceImpl\SensorServiceImp.java. Using fallback presentation compiler.
2026.04.07 15:02:18 INFO  no build target found for C:\Users\carol\Desktop\PROYETOS\PROYECTO_SENSORES_FABRICA\sensores\src\main\java\com\example\sensores\service\serviceImpl\SensorServiceImp.java. Using fallback presentation compiler.
2026.04.07 15:02:18 INFO  no build target found for C:\Users\carol\Desktop\PROYETOS\PROYECTO_SENSORES_FABRICA\sensores\src\main\java\com\example\sensores\service\serviceImpl\SensorServiceImp.java. Using fallback presentation compiler.
2026.04.07 15:02:18 INFO  no build target found for C:\Users\carol\Desktop\PROYETOS\PROYECTO_SENSORES_FABRICA\sensores\src\main\java\com\example\sensores\service\serviceImpl\SensorServiceImp.java. Using fallback presentation compiler.
2026.04.07 15:02:19 INFO  no build target found for C:\Users\carol\Desktop\PROYETOS\PROYECTO_SENSORES_FABRICA\sensores\src\main\java\com\example\sensores\service\serviceImpl\SensorServiceImp.java. Using fallback presentation compiler.
2026.04.07 15:02:19 WARN  no build target for: C:\Users\carol\Desktop\PROYETOS\PROYECTO_SENSORES_FABRICA\sensores\src\main\java\com\example\sensores\service\serviceImpl\SensorServiceImp.java
2026.04.07 15:02:19 INFO  no build target found for C:\Users\carol\Desktop\PROYETOS\PROYECTO_SENSORES_FABRICA\sensores\src\main\java\com\example\sensores\service\serviceImpl\SensorServiceImp.java. Using fallback presentation compiler.
2026.04.07 15:02:19 WARN  Running javac-semanticdb failed for file:///C:/Users/carol/Desktop/PROYETOS/PROYECTO_SENSORES_FABRICA/sensores/src/main/java/com/example/sensores/service/serviceImpl/SensorServiceImp.java. Output:

2026.04.07 15:02:19 INFO  no build target found for C:\Users\carol\Desktop\PROYETOS\PROYECTO_SENSORES_FABRICA\sensores\src\main\java\com\example\sensores\service\serviceImpl\SensorServiceImp.java. Using fallback presentation compiler.
2026.04.07 15:02:19 INFO  no build target found for C:\Users\carol\Desktop\PROYETOS\PROYECTO_SENSORES_FABRICA\sensores\src\main\java\com\example\sensores\service\serviceImpl\SensorServiceImp.java. Using fallback presentation compiler.
2026.04.07 15:02:20 INFO  no build target found for C:\Users\carol\Desktop\PROYETOS\PROYECTO_SENSORES_FABRICA\sensores\src\main\java\com\example\sensores\service\serviceImpl\SensorServiceImp.java. Using fallback presentation compiler.
2026.04.07 15:02:20 INFO  no build target found for C:\Users\carol\Desktop\PROYETOS\PROYECTO_SENSORES_FABRICA\sensores\src\main\java\com\example\sensores\service\serviceImpl\SensorServiceImp.java. Using fallback presentation compiler.
2026.04.07 15:02:20 WARN  no build target for: C:\Users\carol\Desktop\PROYETOS\PROYECTO_SENSORES_FABRICA\sensores\src\main\java\com\example\sensores\service\serviceImpl\SensorServiceImp.java
2026.04.07 15:02:20 INFO  no build target found for C:\Users\carol\Desktop\PROYETOS\PROYECTO_SENSORES_FABRICA\sensores\src\main\java\com\example\sensores\service\serviceImpl\SensorServiceImp.java. Using fallback presentation compiler.
2026.04.07 15:02:20 WARN  Running javac-semanticdb failed for file:///C:/Users/carol/Desktop/PROYETOS/PROYECTO_SENSORES_FABRICA/sensores/src/main/java/com/example/sensores/service/serviceImpl/SensorServiceImp.java. Output:

2026.04.07 15:02:21 INFO  no build target found for C:\Users\carol\Desktop\PROYETOS\PROYECTO_SENSORES_FABRICA\sensores\src\main\java\com\example\sensores\service\serviceImpl\SensorServiceImp.java. Using fallback presentation compiler.
2026.04.07 15:02:21 INFO  no build target found for C:\Users\carol\Desktop\PROYETOS\PROYECTO_SENSORES_FABRICA\sensores\src\main\java\com\example\sensores\service\serviceImpl\SensorServiceImp.java. Using fallback presentation compiler.
2026.04.07 15:02:21 INFO  no build target found for C:\Users\carol\Desktop\PROYETOS\PROYECTO_SENSORES_FABRICA\sensores\src\main\java\com\example\sensores\service\serviceImpl\SensorServiceImp.java. Using fallback presentation compiler.
2026.04.07 15:02:22 INFO  no build target found for C:\Users\carol\Desktop\PROYETOS\PROYECTO_SENSORES_FABRICA\sensores\src\main\java\com\example\sensores\service\serviceImpl\SensorServiceImp.java. Using fallback presentation compiler.
2026.04.07 15:02:23 INFO  no build target found for C:\Users\carol\Desktop\PROYETOS\PROYECTO_SENSORES_FABRICA\sensores\src\main\java\com\example\sensores\service\serviceImpl\SensorServiceImp.java. Using fallback presentation compiler.
2026.04.07 15:02:23 WARN  no build target for: C:\Users\carol\Desktop\PROYETOS\PROYECTO_SENSORES_FABRICA\sensores\src\main\java\com\example\sensores\service\serviceImpl\SensorServiceImp.java
2026.04.07 15:02:23 INFO  no build target found for C:\Users\carol\Desktop\PROYETOS\PROYECTO_SENSORES_FABRICA\sensores\src\main\java\com\example\sensores\service\serviceImpl\SensorServiceImp.java. Using fallback presentation compiler.
2026.04.07 15:02:23 WARN  Running javac-semanticdb failed for file:///C:/Users/carol/Desktop/PROYETOS/PROYECTO_SENSORES_FABRICA/sensores/src/main/java/com/example/sensores/service/serviceImpl/SensorServiceImp.java. Output:

2026.04.07 15:02:24 INFO  no build target found for C:\Users\carol\Desktop\PROYETOS\PROYECTO_SENSORES_FABRICA\sensores\src\main\java\com\example\sensores\service\serviceImpl\SensorServiceImp.java. Using fallback presentation compiler.
2026.04.07 15:02:24 INFO  no build target found for C:\Users\carol\Desktop\PROYETOS\PROYECTO_SENSORES_FABRICA\sensores\src\main\java\com\example\sensores\service\serviceImpl\SensorServiceImp.java. Using fallback presentation compiler.
2026.04.07 15:02:24 INFO  no build target found for C:\Users\carol\Desktop\PROYETOS\PROYECTO_SENSORES_FABRICA\sensores\src\main\java\com\example\sensores\service\serviceImpl\SensorServiceImp.java. Using fallback presentation compiler.
2026.04.07 15:02:25 INFO  no build target found for C:\Users\carol\Desktop\PROYETOS\PROYECTO_SENSORES_FABRICA\sensores\src\main\java\com\example\sensores\service\serviceImpl\SensorServiceImp.java. Using fallback presentation compiler.
2026.04.07 15:02:25 INFO  no build target found for C:\Users\carol\Desktop\PROYETOS\PROYECTO_SENSORES_FABRICA\sensores\src\main\java\com\example\sensores\service\serviceImpl\SensorServiceImp.java. Using fallback presentation compiler.
2026.04.07 15:02:25 WARN  no build target for: C:\Users\carol\Desktop\PROYETOS\PROYECTO_SENSORES_FABRICA\sensores\src\main\java\com\example\sensores\service\serviceImpl\SensorServiceImp.java
2026.04.07 15:02:25 INFO  no build target found for C:\Users\carol\Desktop\PROYETOS\PROYECTO_SENSORES_FABRICA\sensores\src\main\java\com\example\sensores\service\serviceImpl\SensorServiceImp.java. Using fallback presentation compiler.
2026.04.07 15:02:25 WARN  Running javac-semanticdb failed for file:///C:/Users/carol/Desktop/PROYETOS/PROYECTO_SENSORES_FABRICA/sensores/src/main/java/com/example/sensores/service/serviceImpl/SensorServiceImp.java. Output:

2026.04.07 15:02:27 INFO  no build target found for C:\Users\carol\Desktop\PROYETOS\PROYECTO_SENSORES_FABRICA\sensores\src\main\java\com\example\sensores\service\serviceImpl\SensorServiceImp.java. Using fallback presentation compiler.
2026.04.07 15:02:27 INFO  no build target found for C:\Users\carol\Desktop\PROYETOS\PROYECTO_SENSORES_FABRICA\sensores\src\main\java\com\example\sensores\service\serviceImpl\SensorServiceImp.java. Using fallback presentation compiler.
2026.04.07 15:02:27 INFO  no build target found for C:\Users\carol\Desktop\PROYETOS\PROYECTO_SENSORES_FABRICA\sensores\src\main\java\com\example\sensores\service\serviceImpl\SensorServiceImp.java. Using fallback presentation compiler.
2026.04.07 15:02:27 INFO  no build target found for C:\Users\carol\Desktop\PROYETOS\PROYECTO_SENSORES_FABRICA\sensores\src\main\java\com\example\sensores\service\serviceImpl\SensorServiceImp.java. Using fallback presentation compiler.
2026.04.07 15:02:27 INFO  no build target found for C:\Users\carol\Desktop\PROYETOS\PROYECTO_SENSORES_FABRICA\sensores\src\main\java\com\example\sensores\service\serviceImpl\SensorServiceImp.java. Using fallback presentation compiler.
2026.04.07 15:02:27 INFO  no build target found for C:\Users\carol\Desktop\PROYETOS\PROYECTO_SENSORES_FABRICA\sensores\src\main\java\com\example\sensores\service\serviceImpl\SensorServiceImp.java. Using fallback presentation compiler.
2026.04.07 15:02:27 WARN  no build target for: C:\Users\carol\Desktop\PROYETOS\PROYECTO_SENSORES_FABRICA\sensores\src\main\java\com\example\sensores\service\serviceImpl\SensorServiceImp.java
2026.04.07 15:02:27 INFO  no build target found for C:\Users\carol\Desktop\PROYETOS\PROYECTO_SENSORES_FABRICA\sensores\src\main\java\com\example\sensores\service\serviceImpl\SensorServiceImp.java. Using fallback presentation compiler.
2026.04.07 15:02:27 WARN  Running javac-semanticdb failed for file:///C:/Users/carol/Desktop/PROYETOS/PROYECTO_SENSORES_FABRICA/sensores/src/main/java/com/example/sensores/service/serviceImpl/SensorServiceImp.java. Output:

2026.04.07 15:02:28 INFO  no build target found for C:\Users\carol\Desktop\PROYETOS\PROYECTO_SENSORES_FABRICA\sensores\src\main\java\com\example\sensores\service\serviceImpl\SensorServiceImp.java. Using fallback presentation compiler.
abr 07, 2026 3:02:28 P. M. org.eclipse.lsp4j.jsonrpc.RemoteEndpoint handleCancellation
WARNING: Unmatched cancel notification for request id 1644
2026.04.07 15:02:28 INFO  no build target found for C:\Users\carol\Desktop\PROYETOS\PROYECTO_SENSORES_FABRICA\sensores\src\main\java\com\example\sensores\service\serviceImpl\SensorServiceImp.java. Using fallback presentation compiler.
2026.04.07 15:02:28 INFO  no build target found for C:\Users\carol\Desktop\PROYETOS\PROYECTO_SENSORES_FABRICA\sensores\src\main\java\com\example\sensores\service\serviceImpl\SensorServiceImp.java. Using fallback presentation compiler.
2026.04.07 15:02:28 INFO  no build target found for C:\Users\carol\Desktop\PROYETOS\PROYECTO_SENSORES_FABRICA\sensores\src\main\java\com\example\sensores\service\serviceImpl\SensorServiceImp.java. Using fallback presentation compiler.
2026.04.07 15:02:28 INFO  no build target found for C:\Users\carol\Desktop\PROYETOS\PROYECTO_SENSORES_FABRICA\sensores\src\main\java\com\example\sensores\service\serviceImpl\SensorServiceImp.java. Using fallback presentation compiler.
2026.04.07 15:02:29 INFO  no build target found for C:\Users\carol\Desktop\PROYETOS\PROYECTO_SENSORES_FABRICA\sensores\src\main\java\com\example\sensores\service\serviceImpl\SensorServiceImp.java. Using fallback presentation compiler.
2026.04.07 15:02:29 INFO  no build target found for C:\Users\carol\Desktop\PROYETOS\PROYECTO_SENSORES_FABRICA\sensores\src\main\java\com\example\sensores\service\serviceImpl\SensorServiceImp.java. Using fallback presentation compiler.
2026.04.07 15:02:29 INFO  no build target found for C:\Users\carol\Desktop\PROYETOS\PROYECTO_SENSORES_FABRICA\sensores\src\main\java\com\example\sensores\service\serviceImpl\SensorServiceImp.java. Using fallback presentation compiler.
2026.04.07 15:02:29 WARN  no build target for: C:\Users\carol\Desktop\PROYETOS\PROYECTO_SENSORES_FABRICA\sensores\src\main\java\com\example\sensores\service\serviceImpl\SensorServiceImp.java
2026.04.07 15:02:29 INFO  no build target found for C:\Users\carol\Desktop\PROYETOS\PROYECTO_SENSORES_FABRICA\sensores\src\main\java\com\example\sensores\service\serviceImpl\SensorServiceImp.java. Using fallback presentation compiler.
2026.04.07 15:02:29 INFO  no build target found for C:\Users\carol\Desktop\PROYETOS\PROYECTO_SENSORES_FABRICA\sensores\src\main\java\com\example\sensores\service\serviceImpl\SensorServiceImp.java. Using fallback presentation compiler.
2026.04.07 15:02:30 INFO  no build target found for C:\Users\carol\Desktop\PROYETOS\PROYECTO_SENSORES_FABRICA\sensores\src\main\java\com\example\sensores\service\serviceImpl\SensorServiceImp.java. Using fallback presentation compiler.
2026.04.07 15:02:30 INFO  no build target found for C:\Users\carol\Desktop\PROYETOS\PROYECTO_SENSORES_FABRICA\sensores\src\main\java\com\example\sensores\service\serviceImpl\SensorServiceImp.java. Using fallback presentation compiler.
2026.04.07 15:02:30 INFO  no build target found for C:\Users\carol\Desktop\PROYETOS\PROYECTO_SENSORES_FABRICA\sensores\src\main\java\com\example\sensores\service\serviceImpl\SensorServiceImp.java. Using fallback presentation compiler.
2026.04.07 15:02:30 INFO  no build target found for C:\Users\carol\Desktop\PROYETOS\PROYECTO_SENSORES_FABRICA\sensores\src\main\java\com\example\sensores\service\serviceImpl\SensorServiceImp.java. Using fallback presentation compiler.
2026.04.07 15:02:30 INFO  no build target found for C:\Users\carol\Desktop\PROYETOS\PROYECTO_SENSORES_FABRICA\sensores\src\main\java\com\example\sensores\service\serviceImpl\SensorServiceImp.java. Using fallback presentation compiler.
2026.04.07 15:02:31 INFO  no build target found for C:\Users\carol\Desktop\PROYETOS\PROYECTO_SENSORES_FABRICA\sensores\src\main\java\com\example\sensores\service\serviceImpl\SensorServiceImp.java. Using fallback presentation compiler.
2026.04.07 15:02:33 INFO  no build target found for C:\Users\carol\Desktop\PROYETOS\PROYECTO_SENSORES_FABRICA\sensores\src\main\java\com\example\sensores\service\serviceImpl\SensorServiceImp.java. Using fallback presentation compiler.
2026.04.07 15:02:34 INFO  no build target found for C:\Users\carol\Desktop\PROYETOS\PROYECTO_SENSORES_FABRICA\sensores\src\main\java\com\example\sensores\service\serviceImpl\SensorServiceImp.java. Using fallback presentation compiler.
2026.04.07 15:02:34 INFO  no build target found for C:\Users\carol\Desktop\PROYETOS\PROYECTO_SENSORES_FABRICA\sensores\src\main\java\com\example\sensores\service\serviceImpl\SensorServiceImp.java. Using fallback presentation compiler.
2026.04.07 15:02:35 INFO  no build target found for C:\Users\carol\Desktop\PROYETOS\PROYECTO_SENSORES_FABRICA\sensores\src\main\java\com\example\sensores\service\serviceImpl\SensorServiceImp.java. Using fallback presentation compiler.
2026.04.07 15:02:35 INFO  no build target found for C:\Users\carol\Desktop\PROYETOS\PROYECTO_SENSORES_FABRICA\sensores\src\main\java\com\example\sensores\service\serviceImpl\SensorServiceImp.java. Using fallback presentation compiler.
2026.04.07 15:02:35 INFO  no build target found for C:\Users\carol\Desktop\PROYETOS\PROYECTO_SENSORES_FABRICA\sensores\src\main\java\com\example\sensores\service\serviceImpl\SensorServiceImp.java. Using fallback presentation compiler.
2026.04.07 15:02:35 INFO  no build target found for C:\Users\carol\Desktop\PROYETOS\PROYECTO_SENSORES_FABRICA\sensores\src\main\java\com\example\sensores\service\serviceImpl\SensorServiceImp.java. Using fallback presentation compiler.
2026.04.07 15:02:37 INFO  no build target found for C:\Users\carol\Desktop\PROYETOS\PROYECTO_SENSORES_FABRICA\sensores\src\main\java\com\example\sensores\service\serviceImpl\SensorServiceImp.java. Using fallback presentation compiler.
2026.04.07 15:02:37 INFO  no build target found for C:\Users\carol\Desktop\PROYETOS\PROYECTO_SENSORES_FABRICA\sensores\src\main\java\com\example\sensores\service\serviceImpl\SensorServiceImp.java. Using fallback presentation compiler.
2026.04.07 15:02:37 INFO  no build target found for C:\Users\carol\Desktop\PROYETOS\PROYECTO_SENSORES_FABRICA\sensores\src\main\java\com\example\sensores\service\serviceImpl\SensorServiceImp.java. Using fallback presentation compiler.
2026.04.07 15:02:38 INFO  no build target found for C:\Users\carol\Desktop\PROYETOS\PROYECTO_SENSORES_FABRICA\sensores\src\main\java\com\example\sensores\service\serviceImpl\SensorServiceImp.java. Using fallback presentation compiler.
2026.04.07 15:02:38 INFO  no build target found for C:\Users\carol\Desktop\PROYETOS\PROYECTO_SENSORES_FABRICA\sensores\src\main\java\com\example\sensores\service\serviceImpl\SensorServiceImp.java. Using fallback presentation compiler.
2026.04.07 15:02:38 INFO  no build target found for C:\Users\carol\Desktop\PROYETOS\PROYECTO_SENSORES_FABRICA\sensores\src\main\java\com\example\sensores\service\serviceImpl\SensorServiceImp.java. Using fallback presentation compiler.
2026.04.07 15:02:39 INFO  no build target found for C:\Users\carol\Desktop\PROYETOS\PROYECTO_SENSORES_FABRICA\sensores\src\main\java\com\example\sensores\service\serviceImpl\SensorServiceImp.java. Using fallback presentation compiler.
2026.04.07 15:02:39 INFO  no build target found for C:\Users\carol\Desktop\PROYETOS\PROYECTO_SENSORES_FABRICA\sensores\src\main\java\com\example\sensores\service\serviceImpl\SensorServiceImp.java. Using fallback presentation compiler.
2026.04.07 15:02:39 INFO  no build target found for C:\Users\carol\Desktop\PROYETOS\PROYECTO_SENSORES_FABRICA\sensores\src\main\java\com\example\sensores\service\serviceImpl\SensorServiceImp.java. Using fallback presentation compiler.
2026.04.07 15:02:40 WARN  no build target for: C:\Users\carol\Desktop\PROYETOS\PROYECTO_SENSORES_FABRICA\sensores\src\main\java\com\example\sensores\service\serviceImpl\SensorServiceImp.java
2026.04.07 15:02:40 INFO  no build target found for C:\Users\carol\Desktop\PROYETOS\PROYECTO_SENSORES_FABRICA\sensores\src\main\java\com\example\sensores\service\serviceImpl\SensorServiceImp.java. Using fallback presentation compiler.
2026.04.07 15:02:40 INFO  no build target found for C:\Users\carol\Desktop\PROYETOS\PROYECTO_SENSORES_FABRICA\sensores\src\main\java\com\example\sensores\service\serviceImpl\SensorServiceImp.java. Using fallback presentation compiler.
2026.04.07 15:02:40 WARN  Running javac-semanticdb failed for file:///C:/Users/carol/Desktop/PROYETOS/PROYECTO_SENSORES_FABRICA/sensores/src/main/java/com/example/sensores/service/serviceImpl/SensorServiceImp.java. Output:

2026.04.07 15:02:40 INFO  no build target found for C:\Users\carol\Desktop\PROYETOS\PROYECTO_SENSORES_FABRICA\sensores\src\main\java\com\example\sensores\service\serviceImpl\SensorServiceImp.java. Using fallback presentation compiler.
2026.04.07 15:02:40 INFO  no build target found for C:\Users\carol\Desktop\PROYETOS\PROYECTO_SENSORES_FABRICA\sensores\src\main\java\com\example\sensores\service\serviceImpl\SensorServiceImp.java. Using fallback presentation compiler.
2026.04.07 15:02:41 WARN  no build target for: C:\Users\carol\Desktop\PROYETOS\PROYECTO_SENSORES_FABRICA\sensores\src\main\java\com\example\sensores\service\serviceImpl\SensorServiceImp.java
2026.04.07 15:02:41 INFO  no build target found for C:\Users\carol\Desktop\PROYETOS\PROYECTO_SENSORES_FABRICA\sensores\src\main\java\com\example\sensores\service\serviceImpl\SensorServiceImp.java. Using fallback presentation compiler.
2026.04.07 15:02:41 WARN  Running javac-semanticdb failed for file:///C:/Users/carol/Desktop/PROYETOS/PROYECTO_SENSORES_FABRICA/sensores/src/main/java/com/example/sensores/service/serviceImpl/SensorServiceImp.java. Output:

2026.04.07 15:02:41 INFO  no build target found for C:\Users\carol\Desktop\PROYETOS\PROYECTO_SENSORES_FABRICA\sensores\src\main\java\com\example\sensores\service\serviceImpl\SensorServiceImp.java. Using fallback presentation compiler.
2026.04.07 15:02:43 INFO  no build target found for C:\Users\carol\Desktop\PROYETOS\PROYECTO_SENSORES_FABRICA\sensores\src\main\java\com\example\sensores\service\serviceImpl\SensorServiceImp.java. Using fallback presentation compiler.
2026.04.07 15:02:43 INFO  no build target found for C:\Users\carol\Desktop\PROYETOS\PROYECTO_SENSORES_FABRICA\sensores\src\main\java\com\example\sensores\service\serviceImpl\SensorServiceImp.java. Using fallback presentation compiler.
2026.04.07 15:02:43 INFO  no build target found for C:\Users\carol\Desktop\PROYETOS\PROYECTO_SENSORES_FABRICA\sensores\src\main\java\com\example\sensores\service\serviceImpl\SensorServiceImp.java. Using fallback presentation compiler.
2026.04.07 15:02:43 INFO  no build target found for C:\Users\carol\Desktop\PROYETOS\PROYECTO_SENSORES_FABRICA\sensores\src\main\java\com\example\sensores\service\serviceImpl\SensorServiceImp.java. Using fallback presentation compiler.
2026.04.07 15:02:43 INFO  no build target found for C:\Users\carol\Desktop\PROYETOS\PROYECTO_SENSORES_FABRICA\sensores\src\main\java\com\example\sensores\service\serviceImpl\SensorServiceImp.java. Using fallback presentation compiler.
2026.04.07 15:02:43 INFO  no build target found for C:\Users\carol\Desktop\PROYETOS\PROYECTO_SENSORES_FABRICA\sensores\src\main\java\com\example\sensores\service\serviceImpl\SensorServiceImp.java. Using fallback presentation compiler.
2026.04.07 15:02:43 INFO  no build target found for C:\Users\carol\Desktop\PROYETOS\PROYECTO_SENSORES_FABRICA\sensores\src\main\java\com\example\sensores\service\serviceImpl\SensorServiceImp.java. Using fallback presentation compiler.
2026.04.07 15:02:44 INFO  no build target found for C:\Users\carol\Desktop\PROYETOS\PROYECTO_SENSORES_FABRICA\sensores\src\main\java\com\example\sensores\service\serviceImpl\SensorServiceImp.java. Using fallback presentation compiler.
2026.04.07 15:02:44 WARN  no build target for: C:\Users\carol\Desktop\PROYETOS\PROYECTO_SENSORES_FABRICA\sensores\src\main\java\com\example\sensores\service\serviceImpl\SensorServiceImp.java
2026.04.07 15:02:44 INFO  no build target found for C:\Users\carol\Desktop\PROYETOS\PROYECTO_SENSORES_FABRICA\sensores\src\main\java\com\example\sensores\service\serviceImpl\SensorServiceImp.java. Using fallback presentation compiler.
2026.04.07 15:02:44 WARN  Running javac-semanticdb failed for file:///C:/Users/carol/Desktop/PROYETOS/PROYECTO_SENSORES_FABRICA/sensores/src/main/java/com/example/sensores/service/serviceImpl/SensorServiceImp.java. Output:

2026.04.07 15:02:45 INFO  no build target found for C:\Users\carol\Desktop\PROYETOS\PROYECTO_SENSORES_FABRICA\sensores\src\main\java\com\example\sensores\service\serviceImpl\SensorServiceImp.java. Using fallback presentation compiler.
2026.04.07 15:02:49 INFO  no build target found for C:\Users\carol\Desktop\PROYETOS\PROYECTO_SENSORES_FABRICA\sensores\src\main\java\com\example\sensores\service\serviceImpl\SensorServiceImp.java. Using fallback presentation compiler.
2026.04.07 15:02:49 INFO  no build target found for C:\Users\carol\Desktop\PROYETOS\PROYECTO_SENSORES_FABRICA\sensores\src\main\java\com\example\sensores\service\serviceImpl\SensorServiceImp.java. Using fallback presentation compiler.
2026.04.07 15:02:49 INFO  no build target found for C:\Users\carol\Desktop\PROYETOS\PROYECTO_SENSORES_FABRICA\sensores\src\main\java\com\example\sensores\service\serviceImpl\SensorServiceImp.java. Using fallback presentation compiler.
2026.04.07 15:02:49 INFO  no build target found for C:\Users\carol\Desktop\PROYETOS\PROYECTO_SENSORES_FABRICA\sensores\src\main\java\com\example\sensores\service\serviceImpl\SensorServiceImp.java. Using fallback presentation compiler.
2026.04.07 15:02:50 WARN  no build target for: C:\Users\carol\Desktop\PROYETOS\PROYECTO_SENSORES_FABRICA\sensores\src\main\java\com\example\sensores\service\serviceImpl\SensorServiceImp.java
2026.04.07 15:02:49 INFO  no build target found for C:\Users\carol\Desktop\PROYETOS\PROYECTO_SENSORES_FABRICA\sensores\src\main\java\com\example\sensores\service\serviceImpl\SensorServiceImp.java. Using fallback presentation compiler.
2026.04.07 15:02:50 WARN  Running javac-semanticdb failed for file:///C:/Users/carol/Desktop/PROYETOS/PROYECTO_SENSORES_FABRICA/sensores/src/main/java/com/example/sensores/service/serviceImpl/SensorServiceImp.java. Output:

2026.04.07 15:02:50 INFO  no build target found for C:\Users\carol\Desktop\PROYETOS\PROYECTO_SENSORES_FABRICA\sensores\src\main\java\com\example\sensores\service\serviceImpl\SensorServiceImp.java. Using fallback presentation compiler.
2026.04.07 15:02:50 INFO  no build target found for C:\Users\carol\Desktop\PROYETOS\PROYECTO_SENSORES_FABRICA\sensores\src\main\java\com\example\sensores\service\serviceImpl\SensorServiceImp.java. Using fallback presentation compiler.
2026.04.07 15:02:50 INFO  no build target found for C:\Users\carol\Desktop\PROYETOS\PROYECTO_SENSORES_FABRICA\sensores\src\main\java\com\example\sensores\service\serviceImpl\SensorServiceImp.java. Using fallback presentation compiler.
2026.04.07 15:02:51 INFO  no build target found for C:\Users\carol\Desktop\PROYETOS\PROYECTO_SENSORES_FABRICA\sensores\src\main\java\com\example\sensores\service\serviceImpl\SensorServiceImp.java. Using fallback presentation compiler.
2026.04.07 15:02:51 INFO  no build target found for C:\Users\carol\Desktop\PROYETOS\PROYECTO_SENSORES_FABRICA\sensores\src\main\java\com\example\sensores\service\serviceImpl\SensorServiceImp.java. Using fallback presentation compiler.
2026.04.07 15:02:51 INFO  no build target found for C:\Users\carol\Desktop\PROYETOS\PROYECTO_SENSORES_FABRICA\sensores\src\main\java\com\example\sensores\service\serviceImpl\SensorServiceImp.java. Using fallback presentation compiler.
2026.04.07 15:02:51 INFO  no build target found for C:\Users\carol\Desktop\PROYETOS\PROYECTO_SENSORES_FABRICA\sensores\src\main\java\com\example\sensores\service\serviceImpl\SensorServiceImp.java. Using fallback presentation compiler.
2026.04.07 15:02:51 INFO  no build target found for C:\Users\carol\Desktop\PROYETOS\PROYECTO_SENSORES_FABRICA\sensores\src\main\java\com\example\sensores\service\serviceImpl\SensorServiceImp.java. Using fallback presentation compiler.
2026.04.07 15:02:53 INFO  no build target found for C:\Users\carol\Desktop\PROYETOS\PROYECTO_SENSORES_FABRICA\sensores\src\main\java\com\example\sensores\service\serviceImpl\SensorServiceImp.java. Using fallback presentation compiler.
2026.04.07 15:02:53 INFO  no build target found for C:\Users\carol\Desktop\PROYETOS\PROYECTO_SENSORES_FABRICA\sensores\src\main\java\com\example\sensores\service\serviceImpl\SensorServiceImp.java. Using fallback presentation compiler.
2026.04.07 15:02:53 INFO  no build target found for C:\Users\carol\Desktop\PROYETOS\PROYECTO_SENSORES_FABRICA\sensores\src\main\java\com\example\sensores\service\serviceImpl\SensorServiceImp.java. Using fallback presentation compiler.
2026.04.07 15:02:55 INFO  no build target found for C:\Users\carol\Desktop\PROYETOS\PROYECTO_SENSORES_FABRICA\sensores\src\main\java\com\example\sensores\service\serviceImpl\SensorServiceImp.java. Using fallback presentation compiler.
2026.04.07 15:02:55 INFO  no build target found for C:\Users\carol\Desktop\PROYETOS\PROYECTO_SENSORES_FABRICA\sensores\src\main\java\com\example\sensores\service\serviceImpl\SensorServiceImp.java. Using fallback presentation compiler.
2026.04.07 15:02:55 INFO  no build target found for C:\Users\carol\Desktop\PROYETOS\PROYECTO_SENSORES_FABRICA\sensores\src\main\java\com\example\sensores\service\serviceImpl\SensorServiceImp.java. Using fallback presentation compiler.
2026.04.07 15:02:56 INFO  no build target found for C:\Users\carol\Desktop\PROYETOS\PROYECTO_SENSORES_FABRICA\sensores\src\main\java\com\example\sensores\service\serviceImpl\SensorServiceImp.java. Using fallback presentation compiler.
2026.04.07 15:02:58 INFO  no build target found for C:\Users\carol\Desktop\PROYETOS\PROYECTO_SENSORES_FABRICA\sensores\src\main\java\com\example\sensores\service\serviceImpl\SensorServiceImp.java. Using fallback presentation compiler.
2026.04.07 15:02:58 INFO  no build target found for C:\Users\carol\Desktop\PROYETOS\PROYECTO_SENSORES_FABRICA\sensores\src\main\java\com\example\sensores\service\serviceImpl\SensorServiceImp.java. Using fallback presentation compiler.
2026.04.07 15:02:58 INFO  no build target found for C:\Users\carol\Desktop\PROYETOS\PROYECTO_SENSORES_FABRICA\sensores\src\main\java\com\example\sensores\service\serviceImpl\SensorServiceImp.java. Using fallback presentation compiler.
2026.04.07 15:02:58 INFO  no build target found for C:\Users\carol\Desktop\PROYETOS\PROYECTO_SENSORES_FABRICA\sensores\src\main\java\com\example\sensores\service\serviceImpl\SensorServiceImp.java. Using fallback presentation compiler.
2026.04.07 15:02:59 INFO  no build target found for C:\Users\carol\Desktop\PROYETOS\PROYECTO_SENSORES_FABRICA\sensores\src\main\java\com\example\sensores\service\serviceImpl\SensorServiceImp.java. Using fallback presentation compiler.
2026.04.07 15:03:00 INFO  no build target found for C:\Users\carol\Desktop\PROYETOS\PROYECTO_SENSORES_FABRICA\sensores\src\main\java\com\example\sensores\service\serviceImpl\SensorServiceImp.java. Using fallback presentation compiler.
2026.04.07 15:03:00 WARN  no build target for: C:\Users\carol\Desktop\PROYETOS\PROYECTO_SENSORES_FABRICA\sensores\src\main\java\com\example\sensores\service\serviceImpl\SensorServiceImp.java
2026.04.07 15:03:00 INFO  no build target found for C:\Users\carol\Desktop\PROYETOS\PROYECTO_SENSORES_FABRICA\sensores\src\main\java\com\example\sensores\service\serviceImpl\SensorServiceImp.java. Using fallback presentation compiler.
2026.04.07 15:03:00 WARN  Running javac-semanticdb failed for file:///C:/Users/carol/Desktop/PROYETOS/PROYECTO_SENSORES_FABRICA/sensores/src/main/java/com/example/sensores/service/serviceImpl/SensorServiceImp.java. Output:

2026.04.07 15:03:00 INFO  no build target found for C:\Users\carol\Desktop\PROYETOS\PROYECTO_SENSORES_FABRICA\sensores\src\main\java\com\example\sensores\service\serviceImpl\SensorServiceImp.java. Using fallback presentation compiler.
2026.04.07 15:03:00 INFO  no build target found for C:\Users\carol\Desktop\PROYETOS\PROYECTO_SENSORES_FABRICA\sensores\src\main\java\com\example\sensores\service\serviceImpl\SensorServiceImp.java. Using fallback presentation compiler.
2026.04.07 15:03:00 INFO  no build target found for C:\Users\carol\Desktop\PROYETOS\PROYECTO_SENSORES_FABRICA\sensores\src\main\java\com\example\sensores\service\serviceImpl\SensorServiceImp.java. Using fallback presentation compiler.
2026.04.07 15:03:00 INFO  no build target found for C:\Users\carol\Desktop\PROYETOS\PROYECTO_SENSORES_FABRICA\sensores\src\main\java\com\example\sensores\service\serviceImpl\SensorServiceImp.java. Using fallback presentation compiler.
2026.04.07 15:03:00 INFO  no build target found for C:\Users\carol\Desktop\PROYETOS\PROYECTO_SENSORES_FABRICA\sensores\src\main\java\com\example\sensores\service\serviceImpl\SensorServiceImp.java. Using fallback presentation compiler.
2026.04.07 15:03:00 INFO  no build target found for C:\Users\carol\Desktop\PROYETOS\PROYECTO_SENSORES_FABRICA\sensores\src\main\java\com\example\sensores\service\serviceImpl\SensorServiceImp.java. Using fallback presentation compiler.
2026.04.07 15:03:00 INFO  no build target found for C:\Users\carol\Desktop\PROYETOS\PROYECTO_SENSORES_FABRICA\sensores\src\main\java\com\example\sensores\service\serviceImpl\SensorServiceImp.java. Using fallback presentation compiler.
2026.04.07 15:03:01 INFO  no build target found for C:\Users\carol\Desktop\PROYETOS\PROYECTO_SENSORES_FABRICA\sensores\src\main\java\com\example\sensores\service\serviceImpl\SensorServiceImp.java. Using fallback presentation compiler.
2026.04.07 15:03:01 INFO  no build target found for C:\Users\carol\Desktop\PROYETOS\PROYECTO_SENSORES_FABRICA\sensores\src\main\java\com\example\sensores\service\serviceImpl\SensorServiceImp.java. Using fallback presentation compiler.
2026.04.07 15:03:01 INFO  no build target found for C:\Users\carol\Desktop\PROYETOS\PROYECTO_SENSORES_FABRICA\sensores\src\main\java\com\example\sensores\service\serviceImpl\SensorServiceImp.java. Using fallback presentation compiler.
2026.04.07 15:03:01 INFO  no build target found for C:\Users\carol\Desktop\PROYETOS\PROYECTO_SENSORES_FABRICA\sensores\src\main\java\com\example\sensores\service\serviceImpl\SensorServiceImp.java. Using fallback presentation compiler.
2026.04.07 15:03:01 INFO  no build target found for C:\Users\carol\Desktop\PROYETOS\PROYECTO_SENSORES_FABRICA\sensores\src\main\java\com\example\sensores\service\serviceImpl\SensorServiceImp.java. Using fallback presentation compiler.
2026.04.07 15:03:01 INFO  no build target found for C:\Users\carol\Desktop\PROYETOS\PROYECTO_SENSORES_FABRICA\sensores\src\main\java\com\example\sensores\service\serviceImpl\SensorServiceImp.java. Using fallback presentation compiler.
2026.04.07 15:03:02 INFO  no build target found for C:\Users\carol\Desktop\PROYETOS\PROYECTO_SENSORES_FABRICA\sensores\src\main\java\com\example\sensores\service\serviceImpl\SensorServiceImp.java. Using fallback presentation compiler.
2026.04.07 15:03:01 INFO  no build target found for C:\Users\carol\Desktop\PROYETOS\PROYECTO_SENSORES_FABRICA\sensores\src\main\java\com\example\sensores\service\serviceImpl\SensorServiceImp.java. Using fallback presentation compiler.
2026.04.07 15:03:02 INFO  no build target found for C:\Users\carol\Desktop\PROYETOS\PROYECTO_SENSORES_FABRICA\sensores\src\main\java\com\example\sensores\service\serviceImpl\SensorServiceImp.java. Using fallback presentation compiler.
2026.04.07 15:03:02 INFO  no build target found for C:\Users\carol\Desktop\PROYETOS\PROYECTO_SENSORES_FABRICA\sensores\src\main\java\com\example\sensores\service\serviceImpl\SensorServiceImp.java. Using fallback presentation compiler.
2026.04.07 15:03:02 WARN  no build target for: C:\Users\carol\Desktop\PROYETOS\PROYECTO_SENSORES_FABRICA\sensores\src\main\java\com\example\sensores\service\serviceImpl\SensorServiceImp.java
2026.04.07 15:03:02 INFO  no build target found for C:\Users\carol\Desktop\PROYETOS\PROYECTO_SENSORES_FABRICA\sensores\src\main\java\com\example\sensores\service\serviceImpl\SensorServiceImp.java. Using fallback presentation compiler.
2026.04.07 15:03:02 WARN  Running javac-semanticdb failed for file:///C:/Users/carol/Desktop/PROYETOS/PROYECTO_SENSORES_FABRICA/sensores/src/main/java/com/example/sensores/service/serviceImpl/SensorServiceImp.java. Output:

2026.04.07 15:03:02 INFO  no build target found for C:\Users\carol\Desktop\PROYETOS\PROYECTO_SENSORES_FABRICA\sensores\src\main\java\com\example\sensores\service\serviceImpl\SensorServiceImp.java. Using fallback presentation compiler.
2026.04.07 15:03:02 INFO  no build target found for C:\Users\carol\Desktop\PROYETOS\PROYECTO_SENSORES_FABRICA\sensores\src\main\java\com\example\sensores\service\serviceImpl\SensorServiceImp.java. Using fallback presentation compiler.
2026.04.07 15:03:02 INFO  no build target found for C:\Users\carol\Desktop\PROYETOS\PROYECTO_SENSORES_FABRICA\sensores\src\main\java\com\example\sensores\service\serviceImpl\SensorServiceImp.java. Using fallback presentation compiler.
2026.04.07 15:03:03 INFO  no build target found for C:\Users\carol\Desktop\PROYETOS\PROYECTO_SENSORES_FABRICA\sensores\src\main\java\com\example\sensores\service\serviceImpl\SensorServiceImp.java. Using fallback presentation compiler.
2026.04.07 15:03:03 INFO  no build target found for C:\Users\carol\Desktop\PROYETOS\PROYECTO_SENSORES_FABRICA\sensores\src\main\java\com\example\sensores\service\serviceImpl\SensorServiceImp.java. Using fallback presentation compiler.
2026.04.07 15:03:03 INFO  no build target found for C:\Users\carol\Desktop\PROYETOS\PROYECTO_SENSORES_FABRICA\sensores\src\main\java\com\example\sensores\service\serviceImpl\SensorServiceImp.java. Using fallback presentation compiler.
2026.04.07 15:03:03 INFO  no build target found for C:\Users\carol\Desktop\PROYETOS\PROYECTO_SENSORES_FABRICA\sensores\src\main\java\com\example\sensores\service\serviceImpl\SensorServiceImp.java. Using fallback presentation compiler.
2026.04.07 15:03:04 WARN  no build target for: C:\Users\carol\Desktop\PROYETOS\PROYECTO_SENSORES_FABRICA\sensores\src\main\java\com\example\sensores\service\serviceImpl\SensorServiceImp.java
2026.04.07 15:03:03 INFO  no build target found for C:\Users\carol\Desktop\PROYETOS\PROYECTO_SENSORES_FABRICA\sensores\src\main\java\com\example\sensores\service\serviceImpl\SensorServiceImp.java. Using fallback presentation compiler.
2026.04.07 15:03:04 INFO  no build target found for C:\Users\carol\Desktop\PROYETOS\PROYECTO_SENSORES_FABRICA\sensores\src\main\java\com\example\sensores\service\serviceImpl\SensorServiceImp.java. Using fallback presentation compiler.
2026.04.07 15:03:04 INFO  no build target found for C:\Users\carol\Desktop\PROYETOS\PROYECTO_SENSORES_FABRICA\sensores\src\main\java\com\example\sensores\service\serviceImpl\SensorServiceImp.java. Using fallback presentation compiler.
2026.04.07 15:03:04 INFO  no build target found for C:\Users\carol\Desktop\PROYETOS\PROYECTO_SENSORES_FABRICA\sensores\src\main\java\com\example\sensores\service\serviceImpl\SensorServiceImp.java. Using fallback presentation compiler.
2026.04.07 15:03:04 INFO  no build target found for C:\Users\carol\Desktop\PROYETOS\PROYECTO_SENSORES_FABRICA\sensores\src\main\java\com\example\sensores\service\serviceImpl\SensorServiceImp.java. Using fallback presentation compiler.
2026.04.07 15:03:04 INFO  no build target found for C:\Users\carol\Desktop\PROYETOS\PROYECTO_SENSORES_FABRICA\sensores\src\main\java\com\example\sensores\service\serviceImpl\SensorServiceImp.java. Using fallback presentation compiler.
2026.04.07 15:03:05 INFO  no build target found for C:\Users\carol\Desktop\PROYETOS\PROYECTO_SENSORES_FABRICA\sensores\src\main\java\com\example\sensores\service\serviceImpl\SensorServiceImp.java. Using fallback presentation compiler.
2026.04.07 15:03:05 INFO  no build target found for C:\Users\carol\Desktop\PROYETOS\PROYECTO_SENSORES_FABRICA\sensores\src\main\java\com\example\sensores\service\serviceImpl\SensorServiceImp.java. Using fallback presentation compiler.
2026.04.07 15:03:05 INFO  no build target found for C:\Users\carol\Desktop\PROYETOS\PROYECTO_SENSORES_FABRICA\sensores\src\main\java\com\example\sensores\service\serviceImpl\SensorServiceImp.java. Using fallback presentation compiler.
2026.04.07 15:03:06 WARN  no build target for: C:\Users\carol\Desktop\PROYETOS\PROYECTO_SENSORES_FABRICA\sensores\src\main\java\com\example\sensores\service\serviceImpl\SensorServiceImp.java
2026.04.07 15:03:06 INFO  no build target found for C:\Users\carol\Desktop\PROYETOS\PROYECTO_SENSORES_FABRICA\sensores\src\main\java\com\example\sensores\service\serviceImpl\SensorServiceImp.java. Using fallback presentation compiler.
2026.04.07 15:03:07 INFO  no build target found for C:\Users\carol\Desktop\PROYETOS\PROYECTO_SENSORES_FABRICA\sensores\src\main\java\com\example\sensores\service\serviceImpl\SensorServiceImp.java. Using fallback presentation compiler.
2026.04.07 15:03:07 INFO  no build target found for C:\Users\carol\Desktop\PROYETOS\PROYECTO_SENSORES_FABRICA\sensores\src\main\java\com\example\sensores\service\serviceImpl\SensorServiceImp.java. Using fallback presentation compiler.
2026.04.07 15:03:08 INFO  no build target found for C:\Users\carol\Desktop\PROYETOS\PROYECTO_SENSORES_FABRICA\sensores\src\main\java\com\example\sensores\service\serviceImpl\SensorServiceImp.java. Using fallback presentation compiler.
2026.04.07 15:03:08 INFO  no build target found for C:\Users\carol\Desktop\PROYETOS\PROYECTO_SENSORES_FABRICA\sensores\src\main\java\com\example\sensores\service\serviceImpl\SensorServiceImp.java. Using fallback presentation compiler.
2026.04.07 15:03:08 INFO  no build target found for C:\Users\carol\Desktop\PROYETOS\PROYECTO_SENSORES_FABRICA\sensores\src\main\java\com\example\sensores\service\serviceImpl\SensorServiceImp.java. Using fallback presentation compiler.
2026.04.07 15:03:11 INFO  no build target found for C:\Users\carol\Desktop\PROYETOS\PROYECTO_SENSORES_FABRICA\sensores\src\main\java\com\example\sensores\service\serviceImpl\SensorServiceImp.java. Using fallback presentation compiler.
2026.04.07 15:03:11 INFO  no build target found for C:\Users\carol\Desktop\PROYETOS\PROYECTO_SENSORES_FABRICA\sensores\src\main\java\com\example\sensores\service\serviceImpl\SensorServiceImp.java. Using fallback presentation compiler.
2026.04.07 15:03:13 INFO  no build target found for C:\Users\carol\Desktop\PROYETOS\PROYECTO_SENSORES_FABRICA\sensores\src\main\java\com\example\sensores\service\serviceImpl\SensorServiceImp.java. Using fallback presentation compiler.
2026.04.07 15:03:13 INFO  no build target found for C:\Users\carol\Desktop\PROYETOS\PROYECTO_SENSORES_FABRICA\sensores\src\main\java\com\example\sensores\service\serviceImpl\SensorServiceImp.java. Using fallback presentation compiler.
2026.04.07 15:03:13 INFO  no build target found for C:\Users\carol\Desktop\PROYETOS\PROYECTO_SENSORES_FABRICA\sensores\src\main\java\com\example\sensores\service\serviceImpl\SensorServiceImp.java. Using fallback presentation compiler.
2026.04.07 15:03:13 INFO  no build target found for C:\Users\carol\Desktop\PROYETOS\PROYECTO_SENSORES_FABRICA\sensores\src\main\java\com\example\sensores\service\serviceImpl\SensorServiceImp.java. Using fallback presentation compiler.
2026.04.07 15:03:14 INFO  no build target found for C:\Users\carol\Desktop\PROYETOS\PROYECTO_SENSORES_FABRICA\sensores\src\main\java\com\example\sensores\service\serviceImpl\SensorServiceImp.java. Using fallback presentation compiler.
2026.04.07 15:03:14 INFO  no build target found for C:\Users\carol\Desktop\PROYETOS\PROYECTO_SENSORES_FABRICA\sensores\src\main\java\com\example\sensores\service\serviceImpl\SensorServiceImp.java. Using fallback presentation compiler.
2026.04.07 15:03:14 INFO  no build target found for C:\Users\carol\Desktop\PROYETOS\PROYECTO_SENSORES_FABRICA\sensores\src\main\java\com\example\sensores\service\serviceImpl\SensorServiceImp.java. Using fallback presentation compiler.
2026.04.07 15:03:15 INFO  no build target found for C:\Users\carol\Desktop\PROYETOS\PROYECTO_SENSORES_FABRICA\sensores\src\main\java\com\example\sensores\service\serviceImpl\SensorServiceImp.java. Using fallback presentation compiler.
2026.04.07 15:03:15 INFO  no build target found for C:\Users\carol\Desktop\PROYETOS\PROYECTO_SENSORES_FABRICA\sensores\src\main\java\com\example\sensores\service\serviceImpl\SensorServiceImp.java. Using fallback presentation compiler.
2026.04.07 15:03:15 INFO  no build target found for C:\Users\carol\Desktop\PROYETOS\PROYECTO_SENSORES_FABRICA\sensores\src\main\java\com\example\sensores\service\serviceImpl\SensorServiceImp.java. Using fallback presentation compiler.
2026.04.07 15:03:15 INFO  no build target found for C:\Users\carol\Desktop\PROYETOS\PROYECTO_SENSORES_FABRICA\sensores\src\main\java\com\example\sensores\service\serviceImpl\SensorServiceImp.java. Using fallback presentation compiler.
2026.04.07 15:03:15 INFO  no build target found for C:\Users\carol\Desktop\PROYETOS\PROYECTO_SENSORES_FABRICA\sensores\src\main\java\com\example\sensores\service\serviceImpl\SensorServiceImp.java. Using fallback presentation compiler.
2026.04.07 15:03:15 INFO  no build target found for C:\Users\carol\Desktop\PROYETOS\PROYECTO_SENSORES_FABRICA\sensores\src\main\java\com\example\sensores\service\serviceImpl\SensorServiceImp.java. Using fallback presentation compiler.
2026.04.07 15:03:15 INFO  no build target found for C:\Users\carol\Desktop\PROYETOS\PROYECTO_SENSORES_FABRICA\sensores\src\main\java\com\example\sensores\service\serviceImpl\SensorServiceImp.java. Using fallback presentation compiler.
2026.04.07 15:03:16 WARN  no build target for: C:\Users\carol\Desktop\PROYETOS\PROYECTO_SENSORES_FABRICA\sensores\src\main\java\com\example\sensores\service\serviceImpl\SensorServiceImp.java
2026.04.07 15:03:16 INFO  no build target found for C:\Users\carol\Desktop\PROYETOS\PROYECTO_SENSORES_FABRICA\sensores\src\main\java\com\example\sensores\service\serviceImpl\SensorServiceImp.java. Using fallback presentation compiler.
2026.04.07 15:03:16 WARN  Running javac-semanticdb failed for file:///C:/Users/carol/Desktop/PROYETOS/PROYECTO_SENSORES_FABRICA/sensores/src/main/java/com/example/sensores/service/serviceImpl/SensorServiceImp.java. Output:

2026.04.07 15:03:16 INFO  no build target found for C:\Users\carol\Desktop\PROYETOS\PROYECTO_SENSORES_FABRICA\sensores\src\main\java\com\example\sensores\service\serviceImpl\SensorServiceImp.java. Using fallback presentation compiler.
2026.04.07 15:03:16 INFO  no build target found for C:\Users\carol\Desktop\PROYETOS\PROYECTO_SENSORES_FABRICA\sensores\src\main\java\com\example\sensores\service\serviceImpl\SensorServiceImp.java. Using fallback presentation compiler.
2026.04.07 15:03:16 INFO  no build target found for C:\Users\carol\Desktop\PROYETOS\PROYECTO_SENSORES_FABRICA\sensores\src\main\java\com\example\sensores\service\serviceImpl\SensorServiceImp.java. Using fallback presentation compiler.
2026.04.07 15:03:18 INFO  no build target found for C:\Users\carol\Desktop\PROYETOS\PROYECTO_SENSORES_FABRICA\sensores\src\main\java\com\example\sensores\service\serviceImpl\SensorServiceImp.java. Using fallback presentation compiler.
2026.04.07 15:03:18 INFO  no build target found for C:\Users\carol\Desktop\PROYETOS\PROYECTO_SENSORES_FABRICA\sensores\src\main\java\com\example\sensores\service\serviceImpl\SensorServiceImp.java. Using fallback presentation compiler.
2026.04.07 15:03:18 INFO  no build target found for C:\Users\carol\Desktop\PROYETOS\PROYECTO_SENSORES_FABRICA\sensores\src\main\java\com\example\sensores\service\serviceImpl\SensorServiceImp.java. Using fallback presentation compiler.
2026.04.07 15:03:18 INFO  no build target found for C:\Users\carol\Desktop\PROYETOS\PROYECTO_SENSORES_FABRICA\sensores\src\main\java\com\example\sensores\service\serviceImpl\SensorServiceImp.java. Using fallback presentation compiler.
2026.04.07 15:03:19 WARN  no build target for: C:\Users\carol\Desktop\PROYETOS\PROYECTO_SENSORES_FABRICA\sensores\src\main\java\com\example\sensores\service\serviceImpl\SensorServiceImp.java
2026.04.07 15:03:19 INFO  no build target found for C:\Users\carol\Desktop\PROYETOS\PROYECTO_SENSORES_FABRICA\sensores\src\main\java\com\example\sensores\service\serviceImpl\SensorServiceImp.java. Using fallback presentation compiler.
2026.04.07 15:03:19 WARN  Running javac-semanticdb failed for file:///C:/Users/carol/Desktop/PROYETOS/PROYECTO_SENSORES_FABRICA/sensores/src/main/java/com/example/sensores/service/serviceImpl/SensorServiceImp.java. Output:

2026.04.07 15:03:20 INFO  no build target found for C:\Users\carol\Desktop\PROYETOS\PROYECTO_SENSORES_FABRICA\sensores\src\main\java\com\example\sensores\service\serviceImpl\SensorServiceImp.java. Using fallback presentation compiler.
2026.04.07 15:03:20 INFO  no build target found for C:\Users\carol\Desktop\PROYETOS\PROYECTO_SENSORES_FABRICA\sensores\src\main\java\com\example\sensores\service\serviceImpl\SensorServiceImp.java. Using fallback presentation compiler.
2026.04.07 15:03:20 INFO  no build target found for C:\Users\carol\Desktop\PROYETOS\PROYECTO_SENSORES_FABRICA\sensores\src\main\java\com\example\sensores\service\serviceImpl\SensorServiceImp.java. Using fallback presentation compiler.
2026.04.07 15:03:20 INFO  no build target found for C:\Users\carol\Desktop\PROYETOS\PROYECTO_SENSORES_FABRICA\sensores\src\main\java\com\example\sensores\service\serviceImpl\SensorServiceImp.java. Using fallback presentation compiler.
2026.04.07 15:03:20 INFO  no build target found for C:\Users\carol\Desktop\PROYETOS\PROYECTO_SENSORES_FABRICA\sensores\src\main\java\com\example\sensores\service\serviceImpl\SensorServiceImp.java. Using fallback presentation compiler.
2026.04.07 15:03:20 INFO  no build target found for C:\Users\carol\Desktop\PROYETOS\PROYECTO_SENSORES_FABRICA\sensores\src\main\java\com\example\sensores\service\serviceImpl\SensorServiceImp.java. Using fallback presentation compiler.
2026.04.07 15:03:20 INFO  no build target found for C:\Users\carol\Desktop\PROYETOS\PROYECTO_SENSORES_FABRICA\sensores\src\main\java\com\example\sensores\service\serviceImpl\SensorServiceImp.java. Using fallback presentation compiler.
2026.04.07 15:03:21 INFO  no build target found for C:\Users\carol\Desktop\PROYETOS\PROYECTO_SENSORES_FABRICA\sensores\src\main\java\com\example\sensores\service\serviceImpl\SensorServiceImp.java. Using fallback presentation compiler.
2026.04.07 15:03:21 INFO  no build target found for C:\Users\carol\Desktop\PROYETOS\PROYECTO_SENSORES_FABRICA\sensores\src\main\java\com\example\sensores\service\serviceImpl\SensorServiceImp.java. Using fallback presentation compiler.
2026.04.07 15:03:21 INFO  no build target found for C:\Users\carol\Desktop\PROYETOS\PROYECTO_SENSORES_FABRICA\sensores\src\main\java\com\example\sensores\service\serviceImpl\SensorServiceImp.java. Using fallback presentation compiler.
2026.04.07 15:03:21 INFO  no build target found for C:\Users\carol\Desktop\PROYETOS\PROYECTO_SENSORES_FABRICA\sensores\src\main\java\com\example\sensores\service\serviceImpl\SensorServiceImp.java. Using fallback presentation compiler.
2026.04.07 15:03:21 INFO  no build target found for C:\Users\carol\Desktop\PROYETOS\PROYECTO_SENSORES_FABRICA\sensores\src\main\java\com\example\sensores\service\serviceImpl\SensorServiceImp.java. Using fallback presentation compiler.
2026.04.07 15:03:22 INFO  no build target found for C:\Users\carol\Desktop\PROYETOS\PROYECTO_SENSORES_FABRICA\sensores\src\main\java\com\example\sensores\service\serviceImpl\SensorServiceImp.java. Using fallback presentation compiler.
2026.04.07 15:03:22 INFO  no build target found for C:\Users\carol\Desktop\PROYETOS\PROYECTO_SENSORES_FABRICA\sensores\src\main\java\com\example\sensores\service\serviceImpl\SensorServiceImp.java. Using fallback presentation compiler.
2026.04.07 15:03:22 INFO  no build target found for C:\Users\carol\Desktop\PROYETOS\PROYECTO_SENSORES_FABRICA\sensores\src\main\java\com\example\sensores\service\serviceImpl\SensorServiceImp.java. Using fallback presentation compiler.
2026.04.07 15:03:25 INFO  no build target found for C:\Users\carol\Desktop\PROYETOS\PROYECTO_SENSORES_FABRICA\sensores\src\main\java\com\example\sensores\service\serviceImpl\SensorServiceImp.java. Using fallback presentation compiler.
2026.04.07 15:03:25 INFO  no build target found for C:\Users\carol\Desktop\PROYETOS\PROYECTO_SENSORES_FABRICA\sensores\src\main\java\com\example\sensores\service\serviceImpl\SensorServiceImp.java. Using fallback presentation compiler.
2026.04.07 15:03:25 INFO  no build target found for C:\Users\carol\Desktop\PROYETOS\PROYECTO_SENSORES_FABRICA\sensores\src\main\java\com\example\sensores\service\serviceImpl\SensorServiceImp.java. Using fallback presentation compiler.
2026.04.07 15:03:25 INFO  no build target found for C:\Users\carol\Desktop\PROYETOS\PROYECTO_SENSORES_FABRICA\sensores\src\main\java\com\example\sensores\service\serviceImpl\SensorServiceImp.java. Using fallback presentation compiler.
2026.04.07 15:03:25 INFO  no build target found for C:\Users\carol\Desktop\PROYETOS\PROYECTO_SENSORES_FABRICA\sensores\src\main\java\com\example\sensores\service\serviceImpl\SensorServiceImp.java. Using fallback presentation compiler.
2026.04.07 15:03:25 INFO  no build target found for C:\Users\carol\Desktop\PROYETOS\PROYECTO_SENSORES_FABRICA\sensores\src\main\java\com\example\sensores\service\serviceImpl\SensorServiceImp.java. Using fallback presentation compiler.
2026.04.07 15:03:25 INFO  no build target found for C:\Users\carol\Desktop\PROYETOS\PROYECTO_SENSORES_FABRICA\sensores\src\main\java\com\example\sensores\service\serviceImpl\SensorServiceImp.java. Using fallback presentation compiler.
2026.04.07 15:03:25 INFO  no build target found for C:\Users\carol\Desktop\PROYETOS\PROYECTO_SENSORES_FABRICA\sensores\src\main\java\com\example\sensores\service\serviceImpl\SensorServiceImp.java. Using fallback presentation compiler.
2026.04.07 15:03:25 INFO  no build target found for C:\Users\carol\Desktop\PROYETOS\PROYECTO_SENSORES_FABRICA\sensores\src\main\java\com\example\sensores\service\serviceImpl\SensorServiceImp.java. Using fallback presentation compiler.
2026.04.07 15:03:25 INFO  no build target found for C:\Users\carol\Desktop\PROYETOS\PROYECTO_SENSORES_FABRICA\sensores\src\main\java\com\example\sensores\service\serviceImpl\SensorServiceImp.java. Using fallback presentation compiler.
2026.04.07 15:03:26 INFO  no build target found for C:\Users\carol\Desktop\PROYETOS\PROYECTO_SENSORES_FABRICA\sensores\src\main\java\com\example\sensores\service\serviceImpl\SensorServiceImp.java. Using fallback presentation compiler.
2026.04.07 15:03:26 INFO  no build target found for C:\Users\carol\Desktop\PROYETOS\PROYECTO_SENSORES_FABRICA\sensores\src\main\java\com\example\sensores\service\serviceImpl\SensorServiceImp.java. Using fallback presentation compiler.
2026.04.07 15:03:26 INFO  no build target found for C:\Users\carol\Desktop\PROYETOS\PROYECTO_SENSORES_FABRICA\sensores\src\main\java\com\example\sensores\service\serviceImpl\SensorServiceImp.java. Using fallback presentation compiler.
2026.04.07 15:03:26 INFO  no build target found for C:\Users\carol\Desktop\PROYETOS\PROYECTO_SENSORES_FABRICA\sensores\src\main\java\com\example\sensores\service\serviceImpl\SensorServiceImp.java. Using fallback presentation compiler.
2026.04.07 15:03:26 INFO  no build target found for C:\Users\carol\Desktop\PROYETOS\PROYECTO_SENSORES_FABRICA\sensores\src\main\java\com\example\sensores\service\serviceImpl\SensorServiceImp.java. Using fallback presentation compiler.
2026.04.07 15:03:27 INFO  no build target found for C:\Users\carol\Desktop\PROYETOS\PROYECTO_SENSORES_FABRICA\sensores\src\main\java\com\example\sensores\service\serviceImpl\SensorServiceImp.java. Using fallback presentation compiler.
2026.04.07 15:03:27 INFO  no build target found for C:\Users\carol\Desktop\PROYETOS\PROYECTO_SENSORES_FABRICA\sensores\src\main\java\com\example\sensores\service\serviceImpl\SensorServiceImp.java. Using fallback presentation compiler.
2026.04.07 15:03:27 INFO  no build target found for C:\Users\carol\Desktop\PROYETOS\PROYECTO_SENSORES_FABRICA\sensores\src\main\java\com\example\sensores\service\serviceImpl\SensorServiceImp.java. Using fallback presentation compiler.
2026.04.07 15:03:27 INFO  no build target found for C:\Users\carol\Desktop\PROYETOS\PROYECTO_SENSORES_FABRICA\sensores\src\main\java\com\example\sensores\service\serviceImpl\SensorServiceImp.java. Using fallback presentation compiler.
2026.04.07 15:03:27 INFO  no build target found for C:\Users\carol\Desktop\PROYETOS\PROYECTO_SENSORES_FABRICA\sensores\src\main\java\com\example\sensores\service\serviceImpl\SensorServiceImp.java. Using fallback presentation compiler.
2026.04.07 15:03:27 WARN  no build target for: C:\Users\carol\Desktop\PROYETOS\PROYECTO_SENSORES_FABRICA\sensores\src\main\java\com\example\sensores\service\serviceImpl\SensorServiceImp.java
2026.04.07 15:03:27 INFO  no build target found for C:\Users\carol\Desktop\PROYETOS\PROYECTO_SENSORES_FABRICA\sensores\src\main\java\com\example\sensores\service\serviceImpl\SensorServiceImp.java. Using fallback presentation compiler.
2026.04.07 15:03:28 WARN  Running javac-semanticdb failed for file:///C:/Users/carol/Desktop/PROYETOS/PROYECTO_SENSORES_FABRICA/sensores/src/main/java/com/example/sensores/service/serviceImpl/SensorServiceImp.java. Output:

2026.04.07 15:03:29 INFO  no build target found for C:\Users\carol\Desktop\PROYETOS\PROYECTO_SENSORES_FABRICA\sensores\src\main\java\com\example\sensores\service\serviceImpl\SensorServiceImp.java. Using fallback presentation compiler.
2026.04.07 15:03:29 INFO  no build target found for C:\Users\carol\Desktop\PROYETOS\PROYECTO_SENSORES_FABRICA\sensores\src\main\java\com\example\sensores\service\serviceImpl\SensorServiceImp.java. Using fallback presentation compiler.
2026.04.07 15:03:29 INFO  no build target found for C:\Users\carol\Desktop\PROYETOS\PROYECTO_SENSORES_FABRICA\sensores\src\main\java\com\example\sensores\service\serviceImpl\SensorServiceImp.java. Using fallback presentation compiler.
2026.04.07 15:03:29 INFO  no build target found for C:\Users\carol\Desktop\PROYETOS\PROYECTO_SENSORES_FABRICA\sensores\src\main\java\com\example\sensores\service\serviceImpl\SensorServiceImp.java. Using fallback presentation compiler.
2026.04.07 15:03:30 INFO  no build target found for C:\Users\carol\Desktop\PROYETOS\PROYECTO_SENSORES_FABRICA\sensores\src\main\java\com\example\sensores\service\serviceImpl\SensorServiceImp.java. Using fallback presentation compiler.
2026.04.07 15:03:30 INFO  no build target found for C:\Users\carol\Desktop\PROYETOS\PROYECTO_SENSORES_FABRICA\sensores\src\main\java\com\example\sensores\service\serviceImpl\SensorServiceImp.java. Using fallback presentation compiler.
2026.04.07 15:03:30 INFO  no build target found for C:\Users\carol\Desktop\PROYETOS\PROYECTO_SENSORES_FABRICA\sensores\src\main\java\com\example\sensores\service\serviceImpl\SensorServiceImp.java. Using fallback presentation compiler.
2026.04.07 15:03:30 INFO  no build target found for C:\Users\carol\Desktop\PROYETOS\PROYECTO_SENSORES_FABRICA\sensores\src\main\java\com\example\sensores\service\serviceImpl\SensorServiceImp.java. Using fallback presentation compiler.
2026.04.07 15:03:30 INFO  no build target found for C:\Users\carol\Desktop\PROYETOS\PROYECTO_SENSORES_FABRICA\sensores\src\main\java\com\example\sensores\service\serviceImpl\SensorServiceImp.java. Using fallback presentation compiler.
2026.04.07 15:03:31 INFO  no build target found for C:\Users\carol\Desktop\PROYETOS\PROYECTO_SENSORES_FABRICA\sensores\src\main\java\com\example\sensores\service\serviceImpl\SensorServiceImp.java. Using fallback presentation compiler.
2026.04.07 15:03:32 INFO  no build target found for C:\Users\carol\Desktop\PROYETOS\PROYECTO_SENSORES_FABRICA\sensores\src\main\java\com\example\sensores\service\serviceImpl\SensorServiceImp.java. Using fallback presentation compiler.
2026.04.07 15:03:32 INFO  no build target found for C:\Users\carol\Desktop\PROYETOS\PROYECTO_SENSORES_FABRICA\sensores\src\main\java\com\example\sensores\service\serviceImpl\SensorServiceImp.java. Using fallback presentation compiler.
2026.04.07 15:03:32 INFO  no build target found for C:\Users\carol\Desktop\PROYETOS\PROYECTO_SENSORES_FABRICA\sensores\src\main\java\com\example\sensores\service\serviceImpl\SensorServiceImp.java. Using fallback presentation compiler.
2026.04.07 15:03:34 INFO  no build target found for C:\Users\carol\Desktop\PROYETOS\PROYECTO_SENSORES_FABRICA\sensores\src\main\java\com\example\sensores\service\serviceImpl\SensorServiceImp.java. Using fallback presentation compiler.
2026.04.07 15:03:34 INFO  no build target found for C:\Users\carol\Desktop\PROYETOS\PROYECTO_SENSORES_FABRICA\sensores\src\main\java\com\example\sensores\service\serviceImpl\SensorServiceImp.java. Using fallback presentation compiler.
2026.04.07 15:03:34 INFO  no build target found for C:\Users\carol\Desktop\PROYETOS\PROYECTO_SENSORES_FABRICA\sensores\src\main\java\com\example\sensores\service\serviceImpl\SensorServiceImp.java. Using fallback presentation compiler.
2026.04.07 15:03:35 INFO  no build target found for C:\Users\carol\Desktop\PROYETOS\PROYECTO_SENSORES_FABRICA\sensores\src\main\java\com\example\sensores\service\serviceImpl\SensorServiceImp.java. Using fallback presentation compiler.
2026.04.07 15:03:35 INFO  no build target found for C:\Users\carol\Desktop\PROYETOS\PROYECTO_SENSORES_FABRICA\sensores\src\main\java\com\example\sensores\service\serviceImpl\SensorServiceImp.java. Using fallback presentation compiler.
2026.04.07 15:03:35 INFO  no build target found for C:\Users\carol\Desktop\PROYETOS\PROYECTO_SENSORES_FABRICA\sensores\src\main\java\com\example\sensores\service\serviceImpl\SensorServiceImp.java. Using fallback presentation compiler.
2026.04.07 15:03:35 INFO  no build target found for C:\Users\carol\Desktop\PROYETOS\PROYECTO_SENSORES_FABRICA\sensores\src\main\java\com\example\sensores\service\serviceImpl\SensorServiceImp.java. Using fallback presentation compiler.
2026.04.07 15:03:37 INFO  no build target found for C:\Users\carol\Desktop\PROYETOS\PROYECTO_SENSORES_FABRICA\sensores\src\main\java\com\example\sensores\service\serviceImpl\SensorServiceImp.java. Using fallback presentation compiler.
2026.04.07 15:03:37 INFO  no build target found for C:\Users\carol\Desktop\PROYETOS\PROYECTO_SENSORES_FABRICA\sensores\src\main\java\com\example\sensores\service\serviceImpl\SensorServiceImp.java. Using fallback presentation compiler.
2026.04.07 15:03:38 INFO  no build target found for C:\Users\carol\Desktop\PROYETOS\PROYECTO_SENSORES_FABRICA\sensores\src\main\java\com\example\sensores\service\serviceImpl\SensorServiceImp.java. Using fallback presentation compiler.
2026.04.07 15:03:37 INFO  no build target found for C:\Users\carol\Desktop\PROYETOS\PROYECTO_SENSORES_FABRICA\sensores\src\main\java\com\example\sensores\service\serviceImpl\SensorServiceImp.java. Using fallback presentation compiler.
2026.04.07 15:03:37 INFO  no build target found for C:\Users\carol\Desktop\PROYETOS\PROYECTO_SENSORES_FABRICA\sensores\src\main\java\com\example\sensores\service\serviceImpl\SensorServiceImp.java. Using fallback presentation compiler.
2026.04.07 15:03:38 INFO  no build target found for C:\Users\carol\Desktop\PROYETOS\PROYECTO_SENSORES_FABRICA\sensores\src\main\java\com\example\sensores\service\serviceImpl\SensorServiceImp.java. Using fallback presentation compiler.
2026.04.07 15:03:38 INFO  no build target found for C:\Users\carol\Desktop\PROYETOS\PROYECTO_SENSORES_FABRICA\sensores\src\main\java\com\example\sensores\service\serviceImpl\SensorServiceImp.java. Using fallback presentation compiler.
2026.04.07 15:03:39 WARN  no build target for: C:\Users\carol\Desktop\PROYETOS\PROYECTO_SENSORES_FABRICA\sensores\src\main\java\com\example\sensores\service\serviceImpl\SensorServiceImp.java
2026.04.07 15:03:39 INFO  no build target found for C:\Users\carol\Desktop\PROYETOS\PROYECTO_SENSORES_FABRICA\sensores\src\main\java\com\example\sensores\service\serviceImpl\SensorServiceImp.java. Using fallback presentation compiler.
2026.04.07 15:03:39 WARN  Running javac-semanticdb failed for file:///C:/Users/carol/Desktop/PROYETOS/PROYECTO_SENSORES_FABRICA/sensores/src/main/java/com/example/sensores/service/serviceImpl/SensorServiceImp.java. Output:

2026.04.07 15:03:40 INFO  no build target found for C:\Users\carol\Desktop\PROYETOS\PROYECTO_SENSORES_FABRICA\sensores\src\main\java\com\example\sensores\service\serviceImpl\SensorServiceImp.java. Using fallback presentation compiler.
2026.04.07 15:03:40 INFO  no build target found for C:\Users\carol\Desktop\PROYETOS\PROYECTO_SENSORES_FABRICA\sensores\src\main\java\com\example\sensores\service\serviceImpl\SensorServiceImp.java. Using fallback presentation compiler.
2026.04.07 15:03:40 INFO  no build target found for C:\Users\carol\Desktop\PROYETOS\PROYECTO_SENSORES_FABRICA\sensores\src\main\java\com\example\sensores\service\serviceImpl\SensorServiceImp.java. Using fallback presentation compiler.
2026.04.07 15:03:40 INFO  no build target found for C:\Users\carol\Desktop\PROYETOS\PROYECTO_SENSORES_FABRICA\sensores\src\main\java\com\example\sensores\service\serviceImpl\SensorServiceImp.java. Using fallback presentation compiler.
2026.04.07 15:03:41 INFO  no build target found for C:\Users\carol\Desktop\PROYETOS\PROYECTO_SENSORES_FABRICA\sensores\src\main\java\com\example\sensores\service\serviceImpl\SensorServiceImp.java. Using fallback presentation compiler.
2026.04.07 15:03:41 INFO  no build target found for C:\Users\carol\Desktop\PROYETOS\PROYECTO_SENSORES_FABRICA\sensores\src\main\java\com\example\sensores\service\serviceImpl\SensorServiceImp.java. Using fallback presentation compiler.
2026.04.07 15:03:42 INFO  no build target found for C:\Users\carol\Desktop\PROYETOS\PROYECTO_SENSORES_FABRICA\sensores\src\main\java\com\example\sensores\service\serviceImpl\SensorServiceImp.java. Using fallback presentation compiler.
2026.04.07 15:03:42 INFO  no build target found for C:\Users\carol\Desktop\PROYETOS\PROYECTO_SENSORES_FABRICA\sensores\src\main\java\com\example\sensores\service\serviceImpl\SensorServiceImp.java. Using fallback presentation compiler.
2026.04.07 15:03:42 INFO  no build target found for C:\Users\carol\Desktop\PROYETOS\PROYECTO_SENSORES_FABRICA\sensores\src\main\java\com\example\sensores\service\serviceImpl\SensorServiceImp.java. Using fallback presentation compiler.
2026.04.07 15:03:43 INFO  no build target found for C:\Users\carol\Desktop\PROYETOS\PROYECTO_SENSORES_FABRICA\sensores\src\main\java\com\example\sensores\service\serviceImpl\SensorServiceImp.java. Using fallback presentation compiler.
2026.04.07 15:03:43 INFO  no build target found for C:\Users\carol\Desktop\PROYETOS\PROYECTO_SENSORES_FABRICA\sensores\src\main\java\com\example\sensores\service\serviceImpl\SensorServiceImp.java. Using fallback presentation compiler.
2026.04.07 15:03:43 INFO  no build target found for C:\Users\carol\Desktop\PROYETOS\PROYECTO_SENSORES_FABRICA\sensores\src\main\java\com\example\sensores\service\serviceImpl\SensorServiceImp.java. Using fallback presentation compiler.
2026.04.07 15:03:43 INFO  no build target found for C:\Users\carol\Desktop\PROYETOS\PROYECTO_SENSORES_FABRICA\sensores\src\main\java\com\example\sensores\service\serviceImpl\SensorServiceImp.java. Using fallback presentation compiler.
2026.04.07 15:03:44 INFO  no build target found for C:\Users\carol\Desktop\PROYETOS\PROYECTO_SENSORES_FABRICA\sensores\src\main\java\com\example\sensores\service\serviceImpl\SensorServiceImp.java. Using fallback presentation compiler.
2026.04.07 15:03:44 INFO  no build target found for C:\Users\carol\Desktop\PROYETOS\PROYECTO_SENSORES_FABRICA\sensores\src\main\java\com\example\sensores\service\serviceImpl\SensorServiceImp.java. Using fallback presentation compiler.
2026.04.07 15:03:44 INFO  no build target found for C:\Users\carol\Desktop\PROYETOS\PROYECTO_SENSORES_FABRICA\sensores\src\main\java\com\example\sensores\service\serviceImpl\SensorServiceImp.java. Using fallback presentation compiler.
2026.04.07 15:03:45 WARN  no build target for: C:\Users\carol\Desktop\PROYETOS\PROYECTO_SENSORES_FABRICA\sensores\src\main\java\com\example\sensores\service\serviceImpl\SensorServiceImp.java
2026.04.07 15:03:45 INFO  no build target found for C:\Users\carol\Desktop\PROYETOS\PROYECTO_SENSORES_FABRICA\sensores\src\main\java\com\example\sensores\service\serviceImpl\SensorServiceImp.java. Using fallback presentation compiler.
2026.04.07 15:03:45 WARN  Running javac-semanticdb failed for file:///C:/Users/carol/Desktop/PROYETOS/PROYECTO_SENSORES_FABRICA/sensores/src/main/java/com/example/sensores/service/serviceImpl/SensorServiceImp.java. Output:

2026.04.07 15:03:46 INFO  no build target found for C:\Users\carol\Desktop\PROYETOS\PROYECTO_SENSORES_FABRICA\sensores\src\main\java\com\example\sensores\service\serviceImpl\SensorServiceImp.java. Using fallback presentation compiler.
2026.04.07 15:03:46 INFO  no build target found for C:\Users\carol\Desktop\PROYETOS\PROYECTO_SENSORES_FABRICA\sensores\src\main\java\com\example\sensores\service\serviceImpl\SensorServiceImp.java. Using fallback presentation compiler.
2026.04.07 15:03:46 INFO  no build target found for C:\Users\carol\Desktop\PROYETOS\PROYECTO_SENSORES_FABRICA\sensores\src\main\java\com\example\sensores\service\serviceImpl\SensorServiceImp.java. Using fallback presentation compiler.
2026.04.07 15:03:47 INFO  no build target found for C:\Users\carol\Desktop\PROYETOS\PROYECTO_SENSORES_FABRICA\sensores\src\main\java\com\example\sensores\service\serviceImpl\SensorServiceImp.java. Using fallback presentation compiler.
2026.04.07 15:03:47 INFO  no build target found for C:\Users\carol\Desktop\PROYETOS\PROYECTO_SENSORES_FABRICA\sensores\src\main\java\com\example\sensores\service\serviceImpl\SensorServiceImp.java. Using fallback presentation compiler.
2026.04.07 15:03:47 INFO  no build target found for C:\Users\carol\Desktop\PROYETOS\PROYECTO_SENSORES_FABRICA\sensores\src\main\java\com\example\sensores\service\serviceImpl\SensorServiceImp.java. Using fallback presentation compiler.
2026.04.07 15:03:48 INFO  no build target found for C:\Users\carol\Desktop\PROYETOS\PROYECTO_SENSORES_FABRICA\sensores\src\main\java\com\example\sensores\service\serviceImpl\SensorServiceImp.java. Using fallback presentation compiler.
2026.04.07 15:03:48 INFO  no build target found for C:\Users\carol\Desktop\PROYETOS\PROYECTO_SENSORES_FABRICA\sensores\src\main\java\com\example\sensores\service\serviceImpl\SensorServiceImp.java. Using fallback presentation compiler.
2026.04.07 15:03:48 INFO  no build target found for C:\Users\carol\Desktop\PROYETOS\PROYECTO_SENSORES_FABRICA\sensores\src\main\java\com\example\sensores\service\serviceImpl\SensorServiceImp.java. Using fallback presentation compiler.
2026.04.07 15:03:49 INFO  no build target found for C:\Users\carol\Desktop\PROYETOS\PROYECTO_SENSORES_FABRICA\sensores\src\main\java\com\example\sensores\service\serviceImpl\SensorServiceImp.java. Using fallback presentation compiler.
2026.04.07 15:03:49 INFO  no build target found for C:\Users\carol\Desktop\PROYETOS\PROYECTO_SENSORES_FABRICA\sensores\src\main\java\com\example\sensores\service\serviceImpl\SensorServiceImp.java. Using fallback presentation compiler.
2026.04.07 15:03:50 INFO  no build target found for C:\Users\carol\Desktop\PROYETOS\PROYECTO_SENSORES_FABRICA\sensores\src\main\java\com\example\sensores\service\serviceImpl\SensorServiceImp.java. Using fallback presentation compiler.
2026.04.07 15:03:49 INFO  no build target found for C:\Users\carol\Desktop\PROYETOS\PROYECTO_SENSORES_FABRICA\sensores\src\main\java\com\example\sensores\service\serviceImpl\SensorServiceImp.java. Using fallback presentation compiler.
2026.04.07 15:03:49 INFO  no build target found for C:\Users\carol\Desktop\PROYETOS\PROYECTO_SENSORES_FABRICA\sensores\src\main\java\com\example\sensores\service\serviceImpl\SensorServiceImp.java. Using fallback presentation compiler.
2026.04.07 15:03:50 INFO  no build target found for C:\Users\carol\Desktop\PROYETOS\PROYECTO_SENSORES_FABRICA\sensores\src\main\java\com\example\sensores\service\serviceImpl\SensorServiceImp.java. Using fallback presentation compiler.
2026.04.07 15:03:51 INFO  no build target found for C:\Users\carol\Desktop\PROYETOS\PROYECTO_SENSORES_FABRICA\sensores\src\main\java\com\example\sensores\service\serviceImpl\SensorServiceImp.java. Using fallback presentation compiler.
2026.04.07 15:03:51 WARN  no build target for: C:\Users\carol\Desktop\PROYETOS\PROYECTO_SENSORES_FABRICA\sensores\src\main\java\com\example\sensores\service\serviceImpl\SensorServiceImp.java
2026.04.07 15:03:51 INFO  no build target found for C:\Users\carol\Desktop\PROYETOS\PROYECTO_SENSORES_FABRICA\sensores\src\main\java\com\example\sensores\service\serviceImpl\SensorServiceImp.java. Using fallback presentation compiler.
2026.04.07 15:03:51 WARN  Running javac-semanticdb failed for file:///C:/Users/carol/Desktop/PROYETOS/PROYECTO_SENSORES_FABRICA/sensores/src/main/java/com/example/sensores/service/serviceImpl/SensorServiceImp.java. Output:

2026.04.07 15:03:52 INFO  no build target found for C:\Users\carol\Desktop\PROYETOS\PROYECTO_SENSORES_FABRICA\sensores\src\main\java\com\example\sensores\service\serviceImpl\SensorServiceImp.java. Using fallback presentation compiler.
2026.04.07 15:03:52 INFO  no build target found for C:\Users\carol\Desktop\PROYETOS\PROYECTO_SENSORES_FABRICA\sensores\src\main\java\com\example\sensores\service\serviceImpl\SensorServiceImp.java. Using fallback presentation compiler.
2026.04.07 15:03:54 INFO  no build target found for C:\Users\carol\Desktop\PROYETOS\PROYECTO_SENSORES_FABRICA\sensores\src\main\java\com\example\sensores\service\serviceImpl\SensorServiceImp.java. Using fallback presentation compiler.
2026.04.07 15:03:54 INFO  no build target found for C:\Users\carol\Desktop\PROYETOS\PROYECTO_SENSORES_FABRICA\sensores\src\main\java\com\example\sensores\service\serviceImpl\SensorServiceImp.java. Using fallback presentation compiler.
2026.04.07 15:03:54 INFO  no build target found for C:\Users\carol\Desktop\PROYETOS\PROYECTO_SENSORES_FABRICA\sensores\src\main\java\com\example\sensores\service\serviceImpl\SensorServiceImp.java. Using fallback presentation compiler.
2026.04.07 15:03:55 INFO  no build target found for C:\Users\carol\Desktop\PROYETOS\PROYECTO_SENSORES_FABRICA\sensores\src\main\java\com\example\sensores\service\serviceImpl\SensorServiceImp.java. Using fallback presentation compiler.
2026.04.07 15:03:55 INFO  no build target found for C:\Users\carol\Desktop\PROYETOS\PROYECTO_SENSORES_FABRICA\sensores\src\main\java\com\example\sensores\service\serviceImpl\SensorServiceImp.java. Using fallback presentation compiler.
2026.04.07 15:03:55 INFO  no build target found for C:\Users\carol\Desktop\PROYETOS\PROYECTO_SENSORES_FABRICA\sensores\src\main\java\com\example\sensores\service\serviceImpl\SensorServiceImp.java. Using fallback presentation compiler.
2026.04.07 15:03:55 INFO  no build target found for C:\Users\carol\Desktop\PROYETOS\PROYECTO_SENSORES_FABRICA\sensores\src\main\java\com\example\sensores\service\serviceImpl\SensorServiceImp.java. Using fallback presentation compiler.
2026.04.07 15:03:55 INFO  no build target found for C:\Users\carol\Desktop\PROYETOS\PROYECTO_SENSORES_FABRICA\sensores\src\main\java\com\example\sensores\service\serviceImpl\SensorServiceImp.java. Using fallback presentation compiler.
2026.04.07 15:03:56 INFO  no build target found for C:\Users\carol\Desktop\PROYETOS\PROYECTO_SENSORES_FABRICA\sensores\src\main\java\com\example\sensores\service\serviceImpl\SensorServiceImp.java. Using fallback presentation compiler.
2026.04.07 15:03:57 INFO  no build target found for C:\Users\carol\Desktop\PROYETOS\PROYECTO_SENSORES_FABRICA\sensores\src\main\java\com\example\sensores\service\serviceImpl\SensorServiceImp.java. Using fallback presentation compiler.
2026.04.07 15:03:56 INFO  no build target found for C:\Users\carol\Desktop\PROYETOS\PROYECTO_SENSORES_FABRICA\sensores\src\main\java\com\example\sensores\service\serviceImpl\SensorServiceImp.java. Using fallback presentation compiler.
2026.04.07 15:03:57 INFO  no build target found for C:\Users\carol\Desktop\PROYETOS\PROYECTO_SENSORES_FABRICA\sensores\src\main\java\com\example\sensores\service\serviceImpl\SensorServiceImp.java. Using fallback presentation compiler.
2026.04.07 15:03:58 INFO  no build target found for C:\Users\carol\Desktop\PROYETOS\PROYECTO_SENSORES_FABRICA\sensores\src\main\java\com\example\sensores\service\serviceImpl\SensorServiceImp.java. Using fallback presentation compiler.
2026.04.07 15:03:58 INFO  no build target found for C:\Users\carol\Desktop\PROYETOS\PROYECTO_SENSORES_FABRICA\sensores\src\main\java\com\example\sensores\service\serviceImpl\SensorServiceImp.java. Using fallback presentation compiler.
2026.04.07 15:03:58 INFO  no build target found for C:\Users\carol\Desktop\PROYETOS\PROYECTO_SENSORES_FABRICA\sensores\src\main\java\com\example\sensores\service\serviceImpl\SensorServiceImp.java. Using fallback presentation compiler.
2026.04.07 15:03:58 INFO  no build target found for C:\Users\carol\Desktop\PROYETOS\PROYECTO_SENSORES_FABRICA\sensores\src\main\java\com\example\sensores\service\serviceImpl\SensorServiceImp.java. Using fallback presentation compiler.
2026.04.07 15:03:58 INFO  no build target found for C:\Users\carol\Desktop\PROYETOS\PROYECTO_SENSORES_FABRICA\sensores\src\main\java\com\example\sensores\service\serviceImpl\SensorServiceImp.java. Using fallback presentation compiler.
2026.04.07 15:03:59 WARN  no build target for: C:\Users\carol\Desktop\PROYETOS\PROYECTO_SENSORES_FABRICA\sensores\src\main\java\com\example\sensores\service\serviceImpl\SensorServiceImp.java
2026.04.07 15:03:59 INFO  no build target found for C:\Users\carol\Desktop\PROYETOS\PROYECTO_SENSORES_FABRICA\sensores\src\main\java\com\example\sensores\service\serviceImpl\SensorServiceImp.java. Using fallback presentation compiler.
2026.04.07 15:03:59 WARN  Running javac-semanticdb failed for file:///C:/Users/carol/Desktop/PROYETOS/PROYECTO_SENSORES_FABRICA/sensores/src/main/java/com/example/sensores/service/serviceImpl/SensorServiceImp.java. Output:

2026.04.07 15:04:00 INFO  no build target found for C:\Users\carol\Desktop\PROYETOS\PROYECTO_SENSORES_FABRICA\sensores\src\main\java\com\example\sensores\service\serviceImpl\SensorServiceImp.java. Using fallback presentation compiler.
2026.04.07 15:04:00 INFO  no build target found for C:\Users\carol\Desktop\PROYETOS\PROYECTO_SENSORES_FABRICA\sensores\src\main\java\com\example\sensores\service\serviceImpl\SensorServiceImp.java. Using fallback presentation compiler.
2026.04.07 15:04:00 INFO  no build target found for C:\Users\carol\Desktop\PROYETOS\PROYECTO_SENSORES_FABRICA\sensores\src\main\java\com\example\sensores\service\serviceImpl\SensorServiceImp.java. Using fallback presentation compiler.
2026.04.07 15:04:00 INFO  no build target found for C:\Users\carol\Desktop\PROYETOS\PROYECTO_SENSORES_FABRICA\sensores\src\main\java\com\example\sensores\service\serviceImpl\SensorServiceImp.java. Using fallback presentation compiler.
2026.04.07 15:04:01 INFO  no build target found for C:\Users\carol\Desktop\PROYETOS\PROYECTO_SENSORES_FABRICA\sensores\src\main\java\com\example\sensores\service\serviceImpl\SensorServiceImp.java. Using fallback presentation compiler.
2026.04.07 15:04:01 INFO  no build target found for C:\Users\carol\Desktop\PROYETOS\PROYECTO_SENSORES_FABRICA\sensores\src\main\java\com\example\sensores\service\serviceImpl\SensorServiceImp.java. Using fallback presentation compiler.
2026.04.07 15:04:01 INFO  no build target found for C:\Users\carol\Desktop\PROYETOS\PROYECTO_SENSORES_FABRICA\sensores\src\main\java\com\example\sensores\service\serviceImpl\SensorServiceImp.java. Using fallback presentation compiler.
2026.04.07 15:04:01 INFO  no build target found for C:\Users\carol\Desktop\PROYETOS\PROYECTO_SENSORES_FABRICA\sensores\src\main\java\com\example\sensores\service\serviceImpl\SensorServiceImp.java. Using fallback presentation compiler.
2026.04.07 15:04:01 INFO  no build target found for C:\Users\carol\Desktop\PROYETOS\PROYECTO_SENSORES_FABRICA\sensores\src\main\java\com\example\sensores\service\serviceImpl\SensorServiceImp.java. Using fallback presentation compiler.
2026.04.07 15:04:02 INFO  no build target found for C:\Users\carol\Desktop\PROYETOS\PROYECTO_SENSORES_FABRICA\sensores\src\main\java\com\example\sensores\service\serviceImpl\SensorServiceImp.java. Using fallback presentation compiler.
2026.04.07 15:04:02 INFO  no build target found for C:\Users\carol\Desktop\PROYETOS\PROYECTO_SENSORES_FABRICA\sensores\src\main\java\com\example\sensores\service\serviceImpl\SensorServiceImp.java. Using fallback presentation compiler.
2026.04.07 15:04:03 INFO  no build target found for C:\Users\carol\Desktop\PROYETOS\PROYECTO_SENSORES_FABRICA\sensores\src\main\java\com\example\sensores\service\serviceImpl\SensorServiceImp.java. Using fallback presentation compiler.
2026.04.07 15:04:03 INFO  no build target found for C:\Users\carol\Desktop\PROYETOS\PROYECTO_SENSORES_FABRICA\sensores\src\main\java\com\example\sensores\service\serviceImpl\SensorServiceImp.java. Using fallback presentation compiler.
2026.04.07 15:04:04 INFO  no build target found for C:\Users\carol\Desktop\PROYETOS\PROYECTO_SENSORES_FABRICA\sensores\src\main\java\com\example\sensores\service\serviceImpl\SensorServiceImp.java. Using fallback presentation compiler.
2026.04.07 15:04:03 INFO  no build target found for C:\Users\carol\Desktop\PROYETOS\PROYECTO_SENSORES_FABRICA\sensores\src\main\java\com\example\sensores\service\serviceImpl\SensorServiceImp.java. Using fallback presentation compiler.
2026.04.07 15:04:04 INFO  no build target found for C:\Users\carol\Desktop\PROYETOS\PROYECTO_SENSORES_FABRICA\sensores\src\main\java\com\example\sensores\service\serviceImpl\SensorServiceImp.java. Using fallback presentation compiler.
2026.04.07 15:04:04 INFO  no build target found for C:\Users\carol\Desktop\PROYETOS\PROYECTO_SENSORES_FABRICA\sensores\src\main\java\com\example\sensores\service\serviceImpl\SensorServiceImp.java. Using fallback presentation compiler.
2026.04.07 15:04:04 INFO  no build target found for C:\Users\carol\Desktop\PROYETOS\PROYECTO_SENSORES_FABRICA\sensores\src\main\java\com\example\sensores\service\serviceImpl\SensorServiceImp.java. Using fallback presentation compiler.
2026.04.07 15:04:04 INFO  no build target found for C:\Users\carol\Desktop\PROYETOS\PROYECTO_SENSORES_FABRICA\sensores\src\main\java\com\example\sensores\service\serviceImpl\SensorServiceImp.java. Using fallback presentation compiler.
2026.04.07 15:04:04 WARN  no build target for: C:\Users\carol\Desktop\PROYETOS\PROYECTO_SENSORES_FABRICA\sensores\src\main\java\com\example\sensores\service\serviceImpl\SensorServiceImp.java
2026.04.07 15:04:04 INFO  no build target found for C:\Users\carol\Desktop\PROYETOS\PROYECTO_SENSORES_FABRICA\sensores\src\main\java\com\example\sensores\service\serviceImpl\SensorServiceImp.java. Using fallback presentation compiler.
2026.04.07 15:04:05 WARN  Running javac-semanticdb failed for file:///C:/Users/carol/Desktop/PROYETOS/PROYECTO_SENSORES_FABRICA/sensores/src/main/java/com/example/sensores/service/serviceImpl/SensorServiceImp.java. Output:

2026.04.07 15:04:06 INFO  no build target found for C:\Users\carol\Desktop\PROYETOS\PROYECTO_SENSORES_FABRICA\sensores\src\main\java\com\example\sensores\service\serviceImpl\SensorServiceImp.java. Using fallback presentation compiler.
2026.04.07 15:04:14 INFO  no build target found for C:\Users\carol\Desktop\PROYETOS\PROYECTO_SENSORES_FABRICA\sensores\src\main\java\com\example\sensores\service\serviceImpl\SensorServiceImp.java. Using fallback presentation compiler.
2026.04.07 15:04:14 INFO  no build target found for C:\Users\carol\Desktop\PROYETOS\PROYECTO_SENSORES_FABRICA\sensores\src\main\java\com\example\sensores\service\serviceImpl\SensorServiceImp.java. Using fallback presentation compiler.
2026.04.07 15:04:14 INFO  no build target found for C:\Users\carol\Desktop\PROYETOS\PROYECTO_SENSORES_FABRICA\sensores\src\main\java\com\example\sensores\service\serviceImpl\SensorServiceImp.java. Using fallback presentation compiler.
2026.04.07 15:04:14 INFO  no build target found for C:\Users\carol\Desktop\PROYETOS\PROYECTO_SENSORES_FABRICA\sensores\src\main\java\com\example\sensores\service\serviceImpl\SensorServiceImp.java. Using fallback presentation compiler.
2026.04.07 15:04:15 INFO  no build target found for C:\Users\carol\Desktop\PROYETOS\PROYECTO_SENSORES_FABRICA\sensores\src\main\java\com\example\sensores\service\serviceImpl\SensorServiceImp.java. Using fallback presentation compiler.
2026.04.07 15:04:15 INFO  no build target found for C:\Users\carol\Desktop\PROYETOS\PROYECTO_SENSORES_FABRICA\sensores\src\main\java\com\example\sensores\service\serviceImpl\SensorServiceImp.java. Using fallback presentation compiler.
2026.04.07 15:04:15 INFO  no build target found for C:\Users\carol\Desktop\PROYETOS\PROYECTO_SENSORES_FABRICA\sensores\src\main\java\com\example\sensores\service\serviceImpl\SensorServiceImp.java. Using fallback presentation compiler.
2026.04.07 15:04:16 INFO  no build target found for C:\Users\carol\Desktop\PROYETOS\PROYECTO_SENSORES_FABRICA\sensores\src\main\java\com\example\sensores\service\serviceImpl\SensorServiceImp.java. Using fallback presentation compiler.
2026.04.07 15:04:16 INFO  no build target found for C:\Users\carol\Desktop\PROYETOS\PROYECTO_SENSORES_FABRICA\sensores\src\main\java\com\example\sensores\service\serviceImpl\SensorServiceImp.java. Using fallback presentation compiler.
2026.04.07 15:04:18 INFO  no build target found for C:\Users\carol\Desktop\PROYETOS\PROYECTO_SENSORES_FABRICA\sensores\src\main\java\com\example\sensores\service\serviceImpl\SensorServiceImp.java. Using fallback presentation compiler.
2026.04.07 15:04:19 INFO  no build target found for C:\Users\carol\Desktop\PROYETOS\PROYECTO_SENSORES_FABRICA\sensores\src\main\java\com\example\sensores\service\serviceImpl\SensorServiceImp.java. Using fallback presentation compiler.
2026.04.07 15:04:18 INFO  no build target found for C:\Users\carol\Desktop\PROYETOS\PROYECTO_SENSORES_FABRICA\sensores\src\main\java\com\example\sensores\service\serviceImpl\SensorServiceImp.java. Using fallback presentation compiler.
2026.04.07 15:04:19 INFO  no build target found for C:\Users\carol\Desktop\PROYETOS\PROYECTO_SENSORES_FABRICA\sensores\src\main\java\com\example\sensores\service\serviceImpl\SensorServiceImp.java. Using fallback presentation compiler.
2026.04.07 15:04:20 WARN  no build target for: C:\Users\carol\Desktop\PROYETOS\PROYECTO_SENSORES_FABRICA\sensores\src\main\java\com\example\sensores\service\serviceImpl\SensorServiceImp.java
2026.04.07 15:04:20 INFO  no build target found for C:\Users\carol\Desktop\PROYETOS\PROYECTO_SENSORES_FABRICA\sensores\src\main\java\com\example\sensores\service\serviceImpl\SensorServiceImp.java. Using fallback presentation compiler.
2026.04.07 15:04:20 WARN  Running javac-semanticdb failed for file:///C:/Users/carol/Desktop/PROYETOS/PROYECTO_SENSORES_FABRICA/sensores/src/main/java/com/example/sensores/service/serviceImpl/SensorServiceImp.java. Output:

2026.04.07 15:04:21 INFO  no build target found for C:\Users\carol\Desktop\PROYETOS\PROYECTO_SENSORES_FABRICA\sensores\src\main\java\com\example\sensores\service\serviceImpl\SensorServiceImp.java. Using fallback presentation compiler.
2026.04.07 15:04:21 INFO  no build target found for C:\Users\carol\Desktop\PROYETOS\PROYECTO_SENSORES_FABRICA\sensores\src\main\java\com\example\sensores\service\serviceImpl\SensorServiceImp.java. Using fallback presentation compiler.
2026.04.07 15:04:21 INFO  no build target found for C:\Users\carol\Desktop\PROYETOS\PROYECTO_SENSORES_FABRICA\sensores\src\main\java\com\example\sensores\service\serviceImpl\SensorServiceImp.java. Using fallback presentation compiler.
2026.04.07 15:04:21 INFO  no build target found for C:\Users\carol\Desktop\PROYETOS\PROYECTO_SENSORES_FABRICA\sensores\src\main\java\com\example\sensores\service\serviceImpl\SensorServiceImp.java. Using fallback presentation compiler.
2026.04.07 15:04:22 WARN  no build target for: C:\Users\carol\Desktop\PROYETOS\PROYECTO_SENSORES_FABRICA\sensores\src\main\java\com\example\sensores\service\serviceImpl\SensorServiceImp.java
2026.04.07 15:04:22 INFO  no build target found for C:\Users\carol\Desktop\PROYETOS\PROYECTO_SENSORES_FABRICA\sensores\src\main\java\com\example\sensores\service\serviceImpl\SensorServiceImp.java. Using fallback presentation compiler.
2026.04.07 15:04:22 WARN  Running javac-semanticdb failed for file:///C:/Users/carol/Desktop/PROYETOS/PROYECTO_SENSORES_FABRICA/sensores/src/main/java/com/example/sensores/service/serviceImpl/SensorServiceImp.java. Output:

2026.04.07 15:04:23 INFO  no build target found for C:\Users\carol\Desktop\PROYETOS\PROYECTO_SENSORES_FABRICA\sensores\src\main\java\com\example\sensores\service\serviceImpl\SensorServiceImp.java. Using fallback presentation compiler.
2026.04.07 15:04:25 INFO  no build target found for C:\Users\carol\Desktop\PROYETOS\PROYECTO_SENSORES_FABRICA\sensores\src\main\java\com\example\sensores\service\serviceImpl\SensorServiceImp.java. Using fallback presentation compiler.
2026.04.07 15:04:25 INFO  no build target found for C:\Users\carol\Desktop\PROYETOS\PROYECTO_SENSORES_FABRICA\sensores\src\main\java\com\example\sensores\service\serviceImpl\SensorServiceImp.java. Using fallback presentation compiler.
2026.04.07 15:04:26 INFO  no build target found for C:\Users\carol\Desktop\PROYETOS\PROYECTO_SENSORES_FABRICA\sensores\src\main\java\com\example\sensores\service\serviceImpl\SensorServiceImp.java. Using fallback presentation compiler.
2026.04.07 15:04:29 INFO  no build target found for C:\Users\carol\Desktop\PROYETOS\PROYECTO_SENSORES_FABRICA\sensores\src\main\java\com\example\sensores\service\serviceImpl\SensorServiceImp.java. Using fallback presentation compiler.
2026.04.07 15:04:29 INFO  no build target found for C:\Users\carol\Desktop\PROYETOS\PROYECTO_SENSORES_FABRICA\sensores\src\main\java\com\example\sensores\service\serviceImpl\SensorServiceImp.java. Using fallback presentation compiler.
2026.04.07 15:04:30 INFO  no build target found for C:\Users\carol\Desktop\PROYETOS\PROYECTO_SENSORES_FABRICA\sensores\src\main\java\com\example\sensores\service\serviceImpl\SensorServiceImp.java. Using fallback presentation compiler.
2026.04.07 15:04:30 INFO  no build target found for C:\Users\carol\Desktop\PROYETOS\PROYECTO_SENSORES_FABRICA\sensores\src\main\java\com\example\sensores\service\serviceImpl\SensorServiceImp.java. Using fallback presentation compiler.
2026.04.07 15:04:32 INFO  no build target found for C:\Users\carol\Desktop\PROYETOS\PROYECTO_SENSORES_FABRICA\sensores\src\main\java\com\example\sensores\service\serviceImpl\SensorServiceImp.java. Using fallback presentation compiler.
2026.04.07 15:06:05 INFO  no build target found for C:\Users\carol\Desktop\PROYETOS\PROYECTO_SENSORES_FABRICA\sensores\src\main\java\com\example\sensores\service\serviceImpl\SensorServiceImp.java. Using fallback presentation compiler.
2026.04.07 15:06:05 INFO  no build target found for C:\Users\carol\Desktop\PROYETOS\PROYECTO_SENSORES_FABRICA\sensores\src\main\java\com\example\sensores\service\serviceImpl\SensorServiceImp.java. Using fallback presentation compiler.
2026.04.07 15:06:05 INFO  no build target found for C:\Users\carol\Desktop\PROYETOS\PROYECTO_SENSORES_FABRICA\sensores\src\main\java\com\example\sensores\service\serviceImpl\SensorServiceImp.java. Using fallback presentation compiler.
2026.04.07 15:06:06 INFO  no build target found for C:\Users\carol\Desktop\PROYETOS\PROYECTO_SENSORES_FABRICA\sensores\src\main\java\com\example\sensores\service\serviceImpl\SensorServiceImp.java. Using fallback presentation compiler.
2026.04.07 15:06:06 INFO  no build target found for C:\Users\carol\Desktop\PROYETOS\PROYECTO_SENSORES_FABRICA\sensores\src\main\java\com\example\sensores\service\serviceImpl\SensorServiceImp.java. Using fallback presentation compiler.
2026.04.07 15:06:07 INFO  no build target found for C:\Users\carol\Desktop\PROYETOS\PROYECTO_SENSORES_FABRICA\sensores\src\main\java\com\example\sensores\service\serviceImpl\SensorServiceImp.java. Using fallback presentation compiler.
2026.04.07 15:06:07 INFO  no build target found for C:\Users\carol\Desktop\PROYETOS\PROYECTO_SENSORES_FABRICA\sensores\src\main\java\com\example\sensores\service\serviceImpl\SensorServiceImp.java. Using fallback presentation compiler.
2026.04.07 15:06:07 INFO  no build target found for C:\Users\carol\Desktop\PROYETOS\PROYECTO_SENSORES_FABRICA\sensores\src\main\java\com\example\sensores\service\serviceImpl\SensorServiceImp.java. Using fallback presentation compiler.
2026.04.07 15:06:07 INFO  no build target found for C:\Users\carol\Desktop\PROYETOS\PROYECTO_SENSORES_FABRICA\sensores\src\main\java\com\example\sensores\service\serviceImpl\SensorServiceImp.java. Using fallback presentation compiler.
2026.04.07 15:06:07 INFO  no build target found for C:\Users\carol\Desktop\PROYETOS\PROYECTO_SENSORES_FABRICA\sensores\src\main\java\com\example\sensores\service\serviceImpl\SensorServiceImp.java. Using fallback presentation compiler.
2026.04.07 15:06:08 WARN  no build target for: C:\Users\carol\Desktop\PROYETOS\PROYECTO_SENSORES_FABRICA\sensores\src\main\java\com\example\sensores\service\serviceImpl\SensorServiceImp.java
2026.04.07 15:06:08 INFO  no build target found for C:\Users\carol\Desktop\PROYETOS\PROYECTO_SENSORES_FABRICA\sensores\src\main\java\com\example\sensores\service\serviceImpl\SensorServiceImp.java. Using fallback presentation compiler.
2026.04.07 15:06:08 INFO  no build target found for C:\Users\carol\Desktop\PROYETOS\PROYECTO_SENSORES_FABRICA\sensores\src\main\java\com\example\sensores\service\serviceImpl\SensorServiceImp.java. Using fallback presentation compiler.
2026.04.07 15:06:08 INFO  no build target found for C:\Users\carol\Desktop\PROYETOS\PROYECTO_SENSORES_FABRICA\sensores\src\main\java\com\example\sensores\service\serviceImpl\SensorServiceImp.java. Using fallback presentation compiler.
2026.04.07 15:06:08 INFO  no build target found for C:\Users\carol\Desktop\PROYETOS\PROYECTO_SENSORES_FABRICA\sensores\src\main\java\com\example\sensores\service\serviceImpl\SensorServiceImp.java. Using fallback presentation compiler.
2026.04.07 15:06:14 INFO  no build target found for C:\Users\carol\Desktop\PROYETOS\PROYECTO_SENSORES_FABRICA\sensores\src\main\java\com\example\sensores\service\serviceImpl\SensorServiceImp.java. Using fallback presentation compiler.
2026.04.07 15:06:14 INFO  no build target found for C:\Users\carol\Desktop\PROYETOS\PROYECTO_SENSORES_FABRICA\sensores\src\main\java\com\example\sensores\service\serviceImpl\SensorServiceImp.java. Using fallback presentation compiler.
2026.04.07 15:06:18 INFO  no build target found for C:\Users\carol\Desktop\PROYETOS\PROYECTO_SENSORES_FABRICA\sensores\src\main\java\com\example\sensores\service\serviceImpl\SensorServiceImp.java. Using fallback presentation compiler.
2026.04.07 15:06:18 INFO  no build target found for C:\Users\carol\Desktop\PROYETOS\PROYECTO_SENSORES_FABRICA\sensores\src\main\java\com\example\sensores\service\serviceImpl\SensorServiceImp.java. Using fallback presentation compiler.
2026.04.07 15:06:20 INFO  no build target found for C:\Users\carol\Desktop\PROYETOS\PROYECTO_SENSORES_FABRICA\sensores\src\main\java\com\example\sensores\service\serviceImpl\SensorServiceImp.java. Using fallback presentation compiler.
2026.04.07 15:06:22 INFO  no build target found for C:\Users\carol\Desktop\PROYETOS\PROYECTO_SENSORES_FABRICA\sensores\src\main\java\com\example\sensores\service\serviceImpl\SensorServiceImp.java. Using fallback presentation compiler.
2026.04.07 15:06:22 INFO  no build target found for C:\Users\carol\Desktop\PROYETOS\PROYECTO_SENSORES_FABRICA\sensores\src\main\java\com\example\sensores\service\serviceImpl\SensorServiceImp.java. Using fallback presentation compiler.
2026.04.07 15:06:22 INFO  no build target found for C:\Users\carol\Desktop\PROYETOS\PROYECTO_SENSORES_FABRICA\sensores\src\main\java\com\example\sensores\service\serviceImpl\SensorServiceImp.java. Using fallback presentation compiler.
2026.04.07 15:06:22 INFO  no build target found for C:\Users\carol\Desktop\PROYETOS\PROYECTO_SENSORES_FABRICA\sensores\src\main\java\com\example\sensores\service\serviceImpl\SensorServiceImp.java. Using fallback presentation compiler.
2026.04.07 15:06:22 INFO  no build target found for C:\Users\carol\Desktop\PROYETOS\PROYECTO_SENSORES_FABRICA\sensores\src\main\java\com\example\sensores\service\serviceImpl\SensorServiceImp.java. Using fallback presentation compiler.
2026.04.07 15:06:23 WARN  no build target for: C:\Users\carol\Desktop\PROYETOS\PROYECTO_SENSORES_FABRICA\sensores\src\main\java\com\example\sensores\service\serviceImpl\SensorServiceImp.java
2026.04.07 15:06:23 INFO  no build target found for C:\Users\carol\Desktop\PROYETOS\PROYECTO_SENSORES_FABRICA\sensores\src\main\java\com\example\sensores\service\serviceImpl\SensorServiceImp.java. Using fallback presentation compiler.
2026.04.07 15:06:23 INFO  no build target found for C:\Users\carol\Desktop\PROYETOS\PROYECTO_SENSORES_FABRICA\sensores\src\main\java\com\example\sensores\service\serviceImpl\SensorServiceImp.java. Using fallback presentation compiler.
2026.04.07 15:12:17 INFO  no build target found for C:\Users\carol\Desktop\PROYETOS\PROYECTO_SENSORES_FABRICA\sensores\src\main\java\com\example\sensores\service\serviceImpl\SensorServiceImp.java. Using fallback presentation compiler.
2026.04.07 15:12:20 INFO  no build target found for C:\Users\carol\Desktop\PROYETOS\PROYECTO_SENSORES_FABRICA\sensores\src\main\java\com\example\sensores\service\SensorService.java. Using fallback presentation compiler.
2026.04.07 15:12:20 WARN  no build target for: C:\Users\carol\Desktop\PROYETOS\PROYECTO_SENSORES_FABRICA\sensores\src\main\java\com\example\sensores\service\SensorService.java
abr 07, 2026 3:12:20 P. M. org.eclipse.lsp4j.jsonrpc.RemoteEndpoint handleCancellation
WARNING: Unmatched cancel notification for request id 2242
2026.04.07 15:12:20 INFO  no build target found for C:\Users\carol\Desktop\PROYETOS\PROYECTO_SENSORES_FABRICA\sensores\src\main\java\com\example\sensores\service\SensorService.java. Using fallback presentation compiler.
abr 07, 2026 3:12:20 P. M. org.eclipse.lsp4j.jsonrpc.RemoteEndpoint handleCancellation
WARNING: Unmatched cancel notification for request id 2243
2026.04.07 15:12:20 INFO  no build target found for C:\Users\carol\Desktop\PROYETOS\PROYECTO_SENSORES_FABRICA\sensores\src\main\java\com\example\sensores\service\SensorService.java. Using fallback presentation compiler.
2026.04.07 15:12:20 INFO  no build target found for C:\Users\carol\Desktop\PROYETOS\PROYECTO_SENSORES_FABRICA\sensores\src\main\java\com\example\sensores\service\SensorService.java. Using fallback presentation compiler.
2026.04.07 15:12:21 INFO  no build target found for C:\Users\carol\Desktop\PROYETOS\PROYECTO_SENSORES_FABRICA\sensores\src\main\java\com\example\sensores\service\SensorService.java. Using fallback presentation compiler.
2026.04.07 15:12:22 INFO  no build target found for C:\Users\carol\Desktop\PROYETOS\PROYECTO_SENSORES_FABRICA\sensores\src\main\java\com\example\sensores\service\SensorService.java. Using fallback presentation compiler.
2026.04.07 15:12:26 INFO  no build target found for C:\Users\carol\Desktop\PROYETOS\PROYECTO_SENSORES_FABRICA\sensores\src\main\java\com\example\sensores\service\SensorService.java. Using fallback presentation compiler.
2026.04.07 15:12:26 INFO  no build target found for C:\Users\carol\Desktop\PROYETOS\PROYECTO_SENSORES_FABRICA\sensores\src\main\java\com\example\sensores\service\SensorService.java. Using fallback presentation compiler.
2026.04.07 15:12:27 INFO  no build target found for C:\Users\carol\Desktop\PROYETOS\PROYECTO_SENSORES_FABRICA\sensores\src\main\java\com\example\sensores\service\SensorService.java. Using fallback presentation compiler.
2026.04.07 15:12:27 INFO  no build target found for C:\Users\carol\Desktop\PROYETOS\PROYECTO_SENSORES_FABRICA\sensores\src\main\java\com\example\sensores\service\SensorService.java. Using fallback presentation compiler.
2026.04.07 15:12:27 INFO  no build target found for C:\Users\carol\Desktop\PROYETOS\PROYECTO_SENSORES_FABRICA\sensores\src\main\java\com\example\sensores\service\SensorService.java. Using fallback presentation compiler.
2026.04.07 15:12:27 INFO  no build target found for C:\Users\carol\Desktop\PROYETOS\PROYECTO_SENSORES_FABRICA\sensores\src\main\java\com\example\sensores\service\SensorService.java. Using fallback presentation compiler.
2026.04.07 15:12:27 INFO  no build target found for C:\Users\carol\Desktop\PROYETOS\PROYECTO_SENSORES_FABRICA\sensores\src\main\java\com\example\sensores\service\SensorService.java. Using fallback presentation compiler.
2026.04.07 15:12:28 INFO  no build target found for C:\Users\carol\Desktop\PROYETOS\PROYECTO_SENSORES_FABRICA\sensores\src\main\java\com\example\sensores\service\SensorService.java. Using fallback presentation compiler.
2026.04.07 15:12:28 INFO  no build target found for C:\Users\carol\Desktop\PROYETOS\PROYECTO_SENSORES_FABRICA\sensores\src\main\java\com\example\sensores\service\SensorService.java. Using fallback presentation compiler.
2026.04.07 15:12:28 INFO  no build target found for C:\Users\carol\Desktop\PROYETOS\PROYECTO_SENSORES_FABRICA\sensores\src\main\java\com\example\sensores\service\SensorService.java. Using fallback presentation compiler.
2026.04.07 15:12:28 INFO  no build target found for C:\Users\carol\Desktop\PROYETOS\PROYECTO_SENSORES_FABRICA\sensores\src\main\java\com\example\sensores\service\SensorService.java. Using fallback presentation compiler.
2026.04.07 15:12:29 INFO  no build target found for C:\Users\carol\Desktop\PROYETOS\PROYECTO_SENSORES_FABRICA\sensores\src\main\java\com\example\sensores\service\SensorService.java. Using fallback presentation compiler.
2026.04.07 15:12:29 INFO  no build target found for C:\Users\carol\Desktop\PROYETOS\PROYECTO_SENSORES_FABRICA\sensores\src\main\java\com\example\sensores\service\SensorService.java. Using fallback presentation compiler.
2026.04.07 15:12:29 INFO  no build target found for C:\Users\carol\Desktop\PROYETOS\PROYECTO_SENSORES_FABRICA\sensores\src\main\java\com\example\sensores\service\SensorService.java. Using fallback presentation compiler.
2026.04.07 15:12:30 INFO  no build target found for C:\Users\carol\Desktop\PROYETOS\PROYECTO_SENSORES_FABRICA\sensores\src\main\java\com\example\sensores\service\SensorService.java. Using fallback presentation compiler.
2026.04.07 15:12:30 WARN  no build target for: C:\Users\carol\Desktop\PROYETOS\PROYECTO_SENSORES_FABRICA\sensores\src\main\java\com\example\sensores\service\SensorService.java
2026.04.07 15:12:30 INFO  no build target found for C:\Users\carol\Desktop\PROYETOS\PROYECTO_SENSORES_FABRICA\sensores\src\main\java\com\example\sensores\service\SensorService.java. Using fallback presentation compiler.
2026.04.07 15:12:31 INFO  no build target found for C:\Users\carol\Desktop\PROYETOS\PROYECTO_SENSORES_FABRICA\sensores\src\main\java\com\example\sensores\service\SensorService.java. Using fallback presentation compiler.
2026.04.07 15:12:31 INFO  no build target found for C:\Users\carol\Desktop\PROYETOS\PROYECTO_SENSORES_FABRICA\sensores\src\main\java\com\example\sensores\service\SensorService.java. Using fallback presentation compiler.
2026.04.07 15:12:31 INFO  no build target found for C:\Users\carol\Desktop\PROYETOS\PROYECTO_SENSORES_FABRICA\sensores\src\main\java\com\example\sensores\service\SensorService.java. Using fallback presentation compiler.
2026.04.07 15:12:31 INFO  no build target found for C:\Users\carol\Desktop\PROYETOS\PROYECTO_SENSORES_FABRICA\sensores\src\main\java\com\example\sensores\service\SensorService.java. Using fallback presentation compiler.
2026.04.07 15:12:31 INFO  no build target found for C:\Users\carol\Desktop\PROYETOS\PROYECTO_SENSORES_FABRICA\sensores\src\main\java\com\example\sensores\service\SensorService.java. Using fallback presentation compiler.
2026.04.07 15:12:32 INFO  no build target found for C:\Users\carol\Desktop\PROYETOS\PROYECTO_SENSORES_FABRICA\sensores\src\main\java\com\example\sensores\service\SensorService.java. Using fallback presentation compiler.
2026.04.07 15:12:32 INFO  no build target found for C:\Users\carol\Desktop\PROYETOS\PROYECTO_SENSORES_FABRICA\sensores\src\main\java\com\example\sensores\service\SensorService.java. Using fallback presentation compiler.
2026.04.07 15:12:32 INFO  no build target found for C:\Users\carol\Desktop\PROYETOS\PROYECTO_SENSORES_FABRICA\sensores\src\main\java\com\example\sensores\service\SensorService.java. Using fallback presentation compiler.
2026.04.07 15:12:32 INFO  no build target found for C:\Users\carol\Desktop\PROYETOS\PROYECTO_SENSORES_FABRICA\sensores\src\main\java\com\example\sensores\service\SensorService.java. Using fallback presentation compiler.
2026.04.07 15:12:32 INFO  no build target found for C:\Users\carol\Desktop\PROYETOS\PROYECTO_SENSORES_FABRICA\sensores\src\main\java\com\example\sensores\service\SensorService.java. Using fallback presentation compiler.
2026.04.07 15:12:32 INFO  no build target found for C:\Users\carol\Desktop\PROYETOS\PROYECTO_SENSORES_FABRICA\sensores\src\main\java\com\example\sensores\service\SensorService.java. Using fallback presentation compiler.
2026.04.07 15:12:32 INFO  no build target found for C:\Users\carol\Desktop\PROYETOS\PROYECTO_SENSORES_FABRICA\sensores\src\main\java\com\example\sensores\service\SensorService.java. Using fallback presentation compiler.
2026.04.07 15:12:33 INFO  no build target found for C:\Users\carol\Desktop\PROYETOS\PROYECTO_SENSORES_FABRICA\sensores\src\main\java\com\example\sensores\service\SensorService.java. Using fallback presentation compiler.
2026.04.07 15:12:32 INFO  no build target found for C:\Users\carol\Desktop\PROYETOS\PROYECTO_SENSORES_FABRICA\sensores\src\main\java\com\example\sensores\service\SensorService.java. Using fallback presentation compiler.
2026.04.07 15:12:33 INFO  no build target found for C:\Users\carol\Desktop\PROYETOS\PROYECTO_SENSORES_FABRICA\sensores\src\main\java\com\example\sensores\service\SensorService.java. Using fallback presentation compiler.
2026.04.07 15:12:33 INFO  no build target found for C:\Users\carol\Desktop\PROYETOS\PROYECTO_SENSORES_FABRICA\sensores\src\main\java\com\example\sensores\service\SensorService.java. Using fallback presentation compiler.
2026.04.07 15:12:33 INFO  no build target found for C:\Users\carol\Desktop\PROYETOS\PROYECTO_SENSORES_FABRICA\sensores\src\main\java\com\example\sensores\service\SensorService.java. Using fallback presentation compiler.
2026.04.07 15:12:33 INFO  no build target found for C:\Users\carol\Desktop\PROYETOS\PROYECTO_SENSORES_FABRICA\sensores\src\main\java\com\example\sensores\service\SensorService.java. Using fallback presentation compiler.
2026.04.07 15:12:33 INFO  no build target found for C:\Users\carol\Desktop\PROYETOS\PROYECTO_SENSORES_FABRICA\sensores\src\main\java\com\example\sensores\service\SensorService.java. Using fallback presentation compiler.
2026.04.07 15:12:34 INFO  no build target found for C:\Users\carol\Desktop\PROYETOS\PROYECTO_SENSORES_FABRICA\sensores\src\main\java\com\example\sensores\service\SensorService.java. Using fallback presentation compiler.
2026.04.07 15:12:33 INFO  no build target found for C:\Users\carol\Desktop\PROYETOS\PROYECTO_SENSORES_FABRICA\sensores\src\main\java\com\example\sensores\service\SensorService.java. Using fallback presentation compiler.
2026.04.07 15:12:33 INFO  no build target found for C:\Users\carol\Desktop\PROYETOS\PROYECTO_SENSORES_FABRICA\sensores\src\main\java\com\example\sensores\service\SensorService.java. Using fallback presentation compiler.
2026.04.07 15:12:33 INFO  no build target found for C:\Users\carol\Desktop\PROYETOS\PROYECTO_SENSORES_FABRICA\sensores\src\main\java\com\example\sensores\service\SensorService.java. Using fallback presentation compiler.
2026.04.07 15:12:33 INFO  no build target found for C:\Users\carol\Desktop\PROYETOS\PROYECTO_SENSORES_FABRICA\sensores\src\main\java\com\example\sensores\service\SensorService.java. Using fallback presentation compiler.
2026.04.07 15:12:34 INFO  no build target found for C:\Users\carol\Desktop\PROYETOS\PROYECTO_SENSORES_FABRICA\sensores\src\main\java\com\example\sensores\service\SensorService.java. Using fallback presentation compiler.
2026.04.07 15:12:34 INFO  no build target found for C:\Users\carol\Desktop\PROYETOS\PROYECTO_SENSORES_FABRICA\sensores\src\main\java\com\example\sensores\service\SensorService.java. Using fallback presentation compiler.
2026.04.07 15:12:34 INFO  no build target found for C:\Users\carol\Desktop\PROYETOS\PROYECTO_SENSORES_FABRICA\sensores\src\main\java\com\example\sensores\service\SensorService.java. Using fallback presentation compiler.
2026.04.07 15:12:34 INFO  no build target found for C:\Users\carol\Desktop\PROYETOS\PROYECTO_SENSORES_FABRICA\sensores\src\main\java\com\example\sensores\service\SensorService.java. Using fallback presentation compiler.
2026.04.07 15:12:35 INFO  no build target found for C:\Users\carol\Desktop\PROYETOS\PROYECTO_SENSORES_FABRICA\sensores\src\main\java\com\example\sensores\service\SensorService.java. Using fallback presentation compiler.
2026.04.07 15:12:34 INFO  no build target found for C:\Users\carol\Desktop\PROYETOS\PROYECTO_SENSORES_FABRICA\sensores\src\main\java\com\example\sensores\service\SensorService.java. Using fallback presentation compiler.
2026.04.07 15:12:35 INFO  no build target found for C:\Users\carol\Desktop\PROYETOS\PROYECTO_SENSORES_FABRICA\sensores\src\main\java\com\example\sensores\service\SensorService.java. Using fallback presentation compiler.
2026.04.07 15:12:35 INFO  no build target found for C:\Users\carol\Desktop\PROYETOS\PROYECTO_SENSORES_FABRICA\sensores\src\main\java\com\example\sensores\service\SensorService.java. Using fallback presentation compiler.
2026.04.07 15:12:36 INFO  no build target found for C:\Users\carol\Desktop\PROYETOS\PROYECTO_SENSORES_FABRICA\sensores\src\main\java\com\example\sensores\service\SensorService.java. Using fallback presentation compiler.
2026.04.07 15:12:35 INFO  no build target found for C:\Users\carol\Desktop\PROYETOS\PROYECTO_SENSORES_FABRICA\sensores\src\main\java\com\example\sensores\service\SensorService.java. Using fallback presentation compiler.
2026.04.07 15:12:35 INFO  no build target found for C:\Users\carol\Desktop\PROYETOS\PROYECTO_SENSORES_FABRICA\sensores\src\main\java\com\example\sensores\service\SensorService.java. Using fallback presentation compiler.
2026.04.07 15:12:36 INFO  no build target found for C:\Users\carol\Desktop\PROYETOS\PROYECTO_SENSORES_FABRICA\sensores\src\main\java\com\example\sensores\service\SensorService.java. Using fallback presentation compiler.
2026.04.07 15:12:37 WARN  no build target for: C:\Users\carol\Desktop\PROYETOS\PROYECTO_SENSORES_FABRICA\sensores\src\main\java\com\example\sensores\service\SensorService.java
2026.04.07 15:12:37 INFO  no build target found for C:\Users\carol\Desktop\PROYETOS\PROYECTO_SENSORES_FABRICA\sensores\src\main\java\com\example\sensores\service\SensorService.java. Using fallback presentation compiler.
2026.04.07 15:12:37 INFO  no build target found for C:\Users\carol\Desktop\PROYETOS\PROYECTO_SENSORES_FABRICA\sensores\src\main\java\com\example\sensores\service\SensorService.java. Using fallback presentation compiler.
2026.04.07 15:12:37 INFO  no build target found for C:\Users\carol\Desktop\PROYETOS\PROYECTO_SENSORES_FABRICA\sensores\src\main\java\com\example\sensores\service\SensorService.java. Using fallback presentation compiler.
2026.04.07 15:12:37 INFO  no build target found for C:\Users\carol\Desktop\PROYETOS\PROYECTO_SENSORES_FABRICA\sensores\src\main\java\com\example\sensores\service\SensorService.java. Using fallback presentation compiler.
2026.04.07 15:12:37 INFO  no build target found for C:\Users\carol\Desktop\PROYETOS\PROYECTO_SENSORES_FABRICA\sensores\src\main\java\com\example\sensores\service\SensorService.java. Using fallback presentation compiler.
2026.04.07 15:12:37 INFO  no build target found for C:\Users\carol\Desktop\PROYETOS\PROYECTO_SENSORES_FABRICA\sensores\src\main\java\com\example\sensores\service\SensorService.java. Using fallback presentation compiler.
2026.04.07 15:12:37 INFO  no build target found for C:\Users\carol\Desktop\PROYETOS\PROYECTO_SENSORES_FABRICA\sensores\src\main\java\com\example\sensores\service\SensorService.java. Using fallback presentation compiler.
2026.04.07 15:12:38 INFO  no build target found for C:\Users\carol\Desktop\PROYETOS\PROYECTO_SENSORES_FABRICA\sensores\src\main\java\com\example\sensores\service\SensorService.java. Using fallback presentation compiler.
2026.04.07 15:12:37 INFO  no build target found for C:\Users\carol\Desktop\PROYETOS\PROYECTO_SENSORES_FABRICA\sensores\src\main\java\com\example\sensores\service\SensorService.java. Using fallback presentation compiler.
2026.04.07 15:12:38 INFO  no build target found for C:\Users\carol\Desktop\PROYETOS\PROYECTO_SENSORES_FABRICA\sensores\src\main\java\com\example\sensores\service\SensorService.java. Using fallback presentation compiler.
2026.04.07 15:12:39 WARN  no build target for: C:\Users\carol\Desktop\PROYETOS\PROYECTO_SENSORES_FABRICA\sensores\src\main\java\com\example\sensores\service\SensorService.java
2026.04.07 15:12:39 INFO  no build target found for C:\Users\carol\Desktop\PROYETOS\PROYECTO_SENSORES_FABRICA\sensores\src\main\java\com\example\sensores\service\SensorService.java. Using fallback presentation compiler.
2026.04.07 15:12:39 INFO  no build target found for C:\Users\carol\Desktop\PROYETOS\PROYECTO_SENSORES_FABRICA\sensores\src\main\java\com\example\sensores\service\SensorService.java. Using fallback presentation compiler.
2026.04.07 15:12:39 INFO  no build target found for C:\Users\carol\Desktop\PROYETOS\PROYECTO_SENSORES_FABRICA\sensores\src\main\java\com\example\sensores\service\SensorService.java. Using fallback presentation compiler.
2026.04.07 15:12:39 INFO  no build target found for C:\Users\carol\Desktop\PROYETOS\PROYECTO_SENSORES_FABRICA\sensores\src\main\java\com\example\sensores\service\SensorService.java. Using fallback presentation compiler.
2026.04.07 15:12:40 WARN  no build target for: C:\Users\carol\Desktop\PROYETOS\PROYECTO_SENSORES_FABRICA\sensores\src\main\java\com\example\sensores\service\SensorService.java
2026.04.07 15:12:40 INFO  no build target found for C:\Users\carol\Desktop\PROYETOS\PROYECTO_SENSORES_FABRICA\sensores\src\main\java\com\example\sensores\service\SensorService.java. Using fallback presentation compiler.
2026.04.07 15:12:45 INFO  no build target found for C:\Users\carol\Desktop\PROYETOS\PROYECTO_SENSORES_FABRICA\sensores\src\main\java\com\example\sensores\service\serviceImpl\SensorServiceImp.java. Using fallback presentation compiler.
2026.04.07 15:12:45 WARN  no build target for: C:\Users\carol\Desktop\PROYETOS\PROYECTO_SENSORES_FABRICA\sensores\src\main\java\com\example\sensores\service\serviceImpl\SensorServiceImp.java
2026.04.07 15:12:45 INFO  no build target found for C:\Users\carol\Desktop\PROYETOS\PROYECTO_SENSORES_FABRICA\sensores\src\main\java\com\example\sensores\service\serviceImpl\SensorServiceImp.java. Using fallback presentation compiler.
2026.04.07 15:12:45 INFO  no build target found for C:\Users\carol\Desktop\PROYETOS\PROYECTO_SENSORES_FABRICA\sensores\src\main\java\com\example\sensores\service\serviceImpl\SensorServiceImp.java. Using fallback presentation compiler.
2026.04.07 15:12:45 INFO  no build target found for C:\Users\carol\Desktop\PROYETOS\PROYECTO_SENSORES_FABRICA\sensores\src\main\java\com\example\sensores\service\serviceImpl\SensorServiceImp.java. Using fallback presentation compiler.
2026.04.07 15:12:45 INFO  no build target found for C:\Users\carol\Desktop\PROYETOS\PROYECTO_SENSORES_FABRICA\sensores\src\main\java\com\example\sensores\service\serviceImpl\SensorServiceImp.java. Using fallback presentation compiler.
2026.04.07 15:12:45 INFO  no build target found for C:\Users\carol\Desktop\PROYETOS\PROYECTO_SENSORES_FABRICA\sensores\src\main\java\com\example\sensores\service\serviceImpl\SensorServiceImp.java. Using fallback presentation compiler.
2026.04.07 15:12:52 INFO  no build target found for C:\Users\carol\Desktop\PROYETOS\PROYECTO_SENSORES_FABRICA\sensores\src\main\java\com\example\sensores\service\serviceImpl\SensorServiceImp.java. Using fallback presentation compiler.
2026.04.07 15:12:52 INFO  no build target found for C:\Users\carol\Desktop\PROYETOS\PROYECTO_SENSORES_FABRICA\sensores\src\main\java\com\example\sensores\service\serviceImpl\SensorServiceImp.java. Using fallback presentation compiler.
2026.04.07 15:13:03 INFO  no build target found for C:\Users\carol\Desktop\PROYETOS\PROYECTO_SENSORES_FABRICA\sensores\src\main\java\com\example\sensores\service\SensorService.java. Using fallback presentation compiler.
2026.04.07 15:13:03 WARN  no build target for: C:\Users\carol\Desktop\PROYETOS\PROYECTO_SENSORES_FABRICA\sensores\src\main\java\com\example\sensores\service\SensorService.java
2026.04.07 15:13:03 INFO  no build target found for C:\Users\carol\Desktop\PROYETOS\PROYECTO_SENSORES_FABRICA\sensores\src\main\java\com\example\sensores\service\SensorService.java. Using fallback presentation compiler.
2026.04.07 15:13:04 INFO  no build target found for C:\Users\carol\Desktop\PROYETOS\PROYECTO_SENSORES_FABRICA\sensores\src\main\java\com\example\sensores\service\SensorService.java. Using fallback presentation compiler.
2026.04.07 15:13:03 INFO  no build target found for C:\Users\carol\Desktop\PROYETOS\PROYECTO_SENSORES_FABRICA\sensores\src\main\java\com\example\sensores\service\SensorService.java. Using fallback presentation compiler.
2026.04.07 15:13:05 INFO  no build target found for C:\Users\carol\Desktop\PROYETOS\PROYECTO_SENSORES_FABRICA\sensores\src\main\java\com\example\sensores\service\SensorService.java. Using fallback presentation compiler.
2026.04.07 15:13:06 INFO  no build target found for C:\Users\carol\Desktop\PROYETOS\PROYECTO_SENSORES_FABRICA\sensores\src\main\java\com\example\sensores\service\SensorService.java. Using fallback presentation compiler.
2026.04.07 15:13:06 INFO  no build target found for C:\Users\carol\Desktop\PROYETOS\PROYECTO_SENSORES_FABRICA\sensores\src\main\java\com\example\sensores\service\SensorService.java. Using fallback presentation compiler.
2026.04.07 15:13:06 INFO  no build target found for C:\Users\carol\Desktop\PROYETOS\PROYECTO_SENSORES_FABRICA\sensores\src\main\java\com\example\sensores\service\SensorService.java. Using fallback presentation compiler.
2026.04.07 15:13:07 INFO  no build target found for C:\Users\carol\Desktop\PROYETOS\PROYECTO_SENSORES_FABRICA\sensores\src\main\java\com\example\sensores\service\SensorService.java. Using fallback presentation compiler.
2026.04.07 15:13:07 INFO  no build target found for C:\Users\carol\Desktop\PROYETOS\PROYECTO_SENSORES_FABRICA\sensores\src\main\java\com\example\sensores\service\SensorService.java. Using fallback presentation compiler.
2026.04.07 15:13:07 INFO  no build target found for C:\Users\carol\Desktop\PROYETOS\PROYECTO_SENSORES_FABRICA\sensores\src\main\java\com\example\sensores\service\SensorService.java. Using fallback presentation compiler.
2026.04.07 15:13:08 INFO  no build target found for C:\Users\carol\Desktop\PROYETOS\PROYECTO_SENSORES_FABRICA\sensores\src\main\java\com\example\sensores\service\SensorService.java. Using fallback presentation compiler.
2026.04.07 15:13:07 INFO  no build target found for C:\Users\carol\Desktop\PROYETOS\PROYECTO_SENSORES_FABRICA\sensores\src\main\java\com\example\sensores\service\SensorService.java. Using fallback presentation compiler.
2026.04.07 15:13:08 WARN  no build target for: C:\Users\carol\Desktop\PROYETOS\PROYECTO_SENSORES_FABRICA\sensores\src\main\java\com\example\sensores\service\SensorService.java
2026.04.07 15:13:08 INFO  no build target found for C:\Users\carol\Desktop\PROYETOS\PROYECTO_SENSORES_FABRICA\sensores\src\main\java\com\example\sensores\service\SensorService.java. Using fallback presentation compiler.
2026.04.07 15:13:09 INFO  no build target found for C:\Users\carol\Desktop\PROYETOS\PROYECTO_SENSORES_FABRICA\sensores\src\main\java\com\example\sensores\service\SensorService.java. Using fallback presentation compiler.
2026.04.07 15:13:09 INFO  no build target found for C:\Users\carol\Desktop\PROYETOS\PROYECTO_SENSORES_FABRICA\sensores\src\main\java\com\example\sensores\service\SensorService.java. Using fallback presentation compiler.
2026.04.07 15:13:09 INFO  no build target found for C:\Users\carol\Desktop\PROYETOS\PROYECTO_SENSORES_FABRICA\sensores\src\main\java\com\example\sensores\service\SensorService.java. Using fallback presentation compiler.
2026.04.07 15:13:09 INFO  no build target found for C:\Users\carol\Desktop\PROYETOS\PROYECTO_SENSORES_FABRICA\sensores\src\main\java\com\example\sensores\service\SensorService.java. Using fallback presentation compiler.
2026.04.07 15:13:09 INFO  no build target found for C:\Users\carol\Desktop\PROYETOS\PROYECTO_SENSORES_FABRICA\sensores\src\main\java\com\example\sensores\service\SensorService.java. Using fallback presentation compiler.
2026.04.07 15:13:09 INFO  no build target found for C:\Users\carol\Desktop\PROYETOS\PROYECTO_SENSORES_FABRICA\sensores\src\main\java\com\example\sensores\service\SensorService.java. Using fallback presentation compiler.
2026.04.07 15:13:09 INFO  no build target found for C:\Users\carol\Desktop\PROYETOS\PROYECTO_SENSORES_FABRICA\sensores\src\main\java\com\example\sensores\service\SensorService.java. Using fallback presentation compiler.
2026.04.07 15:13:09 INFO  no build target found for C:\Users\carol\Desktop\PROYETOS\PROYECTO_SENSORES_FABRICA\sensores\src\main\java\com\example\sensores\service\SensorService.java. Using fallback presentation compiler.
2026.04.07 15:13:09 INFO  no build target found for C:\Users\carol\Desktop\PROYETOS\PROYECTO_SENSORES_FABRICA\sensores\src\main\java\com\example\sensores\service\SensorService.java. Using fallback presentation compiler.
2026.04.07 15:13:10 INFO  no build target found for C:\Users\carol\Desktop\PROYETOS\PROYECTO_SENSORES_FABRICA\sensores\src\main\java\com\example\sensores\service\SensorService.java. Using fallback presentation compiler.
2026.04.07 15:13:09 INFO  no build target found for C:\Users\carol\Desktop\PROYETOS\PROYECTO_SENSORES_FABRICA\sensores\src\main\java\com\example\sensores\service\SensorService.java. Using fallback presentation compiler.
2026.04.07 15:13:10 INFO  no build target found for C:\Users\carol\Desktop\PROYETOS\PROYECTO_SENSORES_FABRICA\sensores\src\main\java\com\example\sensores\service\SensorService.java. Using fallback presentation compiler.
2026.04.07 15:13:10 INFO  no build target found for C:\Users\carol\Desktop\PROYETOS\PROYECTO_SENSORES_FABRICA\sensores\src\main\java\com\example\sensores\service\SensorService.java. Using fallback presentation compiler.
2026.04.07 15:13:10 INFO  no build target found for C:\Users\carol\Desktop\PROYETOS\PROYECTO_SENSORES_FABRICA\sensores\src\main\java\com\example\sensores\service\SensorService.java. Using fallback presentation compiler.
2026.04.07 15:13:10 INFO  no build target found for C:\Users\carol\Desktop\PROYETOS\PROYECTO_SENSORES_FABRICA\sensores\src\main\java\com\example\sensores\service\SensorService.java. Using fallback presentation compiler.
2026.04.07 15:13:11 INFO  no build target found for C:\Users\carol\Desktop\PROYETOS\PROYECTO_SENSORES_FABRICA\sensores\src\main\java\com\example\sensores\service\SensorService.java. Using fallback presentation compiler.
2026.04.07 15:13:10 INFO  no build target found for C:\Users\carol\Desktop\PROYETOS\PROYECTO_SENSORES_FABRICA\sensores\src\main\java\com\example\sensores\service\SensorService.java. Using fallback presentation compiler.
2026.04.07 15:13:11 INFO  no build target found for C:\Users\carol\Desktop\PROYETOS\PROYECTO_SENSORES_FABRICA\sensores\src\main\java\com\example\sensores\service\SensorService.java. Using fallback presentation compiler.
2026.04.07 15:13:11 INFO  no build target found for C:\Users\carol\Desktop\PROYETOS\PROYECTO_SENSORES_FABRICA\sensores\src\main\java\com\example\sensores\service\SensorService.java. Using fallback presentation compiler.
2026.04.07 15:13:11 INFO  no build target found for C:\Users\carol\Desktop\PROYETOS\PROYECTO_SENSORES_FABRICA\sensores\src\main\java\com\example\sensores\service\SensorService.java. Using fallback presentation compiler.
2026.04.07 15:13:11 INFO  no build target found for C:\Users\carol\Desktop\PROYETOS\PROYECTO_SENSORES_FABRICA\sensores\src\main\java\com\example\sensores\service\SensorService.java. Using fallback presentation compiler.
2026.04.07 15:13:11 INFO  no build target found for C:\Users\carol\Desktop\PROYETOS\PROYECTO_SENSORES_FABRICA\sensores\src\main\java\com\example\sensores\service\SensorService.java. Using fallback presentation compiler.
2026.04.07 15:13:11 INFO  no build target found for C:\Users\carol\Desktop\PROYETOS\PROYECTO_SENSORES_FABRICA\sensores\src\main\java\com\example\sensores\service\SensorService.java. Using fallback presentation compiler.
2026.04.07 15:13:12 INFO  no build target found for C:\Users\carol\Desktop\PROYETOS\PROYECTO_SENSORES_FABRICA\sensores\src\main\java\com\example\sensores\service\SensorService.java. Using fallback presentation compiler.
2026.04.07 15:13:12 INFO  no build target found for C:\Users\carol\Desktop\PROYETOS\PROYECTO_SENSORES_FABRICA\sensores\src\main\java\com\example\sensores\service\SensorService.java. Using fallback presentation compiler.
2026.04.07 15:13:12 INFO  no build target found for C:\Users\carol\Desktop\PROYETOS\PROYECTO_SENSORES_FABRICA\sensores\src\main\java\com\example\sensores\service\SensorService.java. Using fallback presentation compiler.
2026.04.07 15:13:12 INFO  no build target found for C:\Users\carol\Desktop\PROYETOS\PROYECTO_SENSORES_FABRICA\sensores\src\main\java\com\example\sensores\service\SensorService.java. Using fallback presentation compiler.
2026.04.07 15:13:12 INFO  no build target found for C:\Users\carol\Desktop\PROYETOS\PROYECTO_SENSORES_FABRICA\sensores\src\main\java\com\example\sensores\service\SensorService.java. Using fallback presentation compiler.
2026.04.07 15:13:12 INFO  no build target found for C:\Users\carol\Desktop\PROYETOS\PROYECTO_SENSORES_FABRICA\sensores\src\main\java\com\example\sensores\service\SensorService.java. Using fallback presentation compiler.
2026.04.07 15:13:12 INFO  no build target found for C:\Users\carol\Desktop\PROYETOS\PROYECTO_SENSORES_FABRICA\sensores\src\main\java\com\example\sensores\service\SensorService.java. Using fallback presentation compiler.
2026.04.07 15:13:12 INFO  no build target found for C:\Users\carol\Desktop\PROYETOS\PROYECTO_SENSORES_FABRICA\sensores\src\main\java\com\example\sensores\service\SensorService.java. Using fallback presentation compiler.
2026.04.07 15:13:12 INFO  no build target found for C:\Users\carol\Desktop\PROYETOS\PROYECTO_SENSORES_FABRICA\sensores\src\main\java\com\example\sensores\service\SensorService.java. Using fallback presentation compiler.
2026.04.07 15:13:12 INFO  no build target found for C:\Users\carol\Desktop\PROYETOS\PROYECTO_SENSORES_FABRICA\sensores\src\main\java\com\example\sensores\service\SensorService.java. Using fallback presentation compiler.
2026.04.07 15:13:13 INFO  no build target found for C:\Users\carol\Desktop\PROYETOS\PROYECTO_SENSORES_FABRICA\sensores\src\main\java\com\example\sensores\service\SensorService.java. Using fallback presentation compiler.
2026.04.07 15:13:13 INFO  no build target found for C:\Users\carol\Desktop\PROYETOS\PROYECTO_SENSORES_FABRICA\sensores\src\main\java\com\example\sensores\service\SensorService.java. Using fallback presentation compiler.
2026.04.07 15:13:13 INFO  no build target found for C:\Users\carol\Desktop\PROYETOS\PROYECTO_SENSORES_FABRICA\sensores\src\main\java\com\example\sensores\service\SensorService.java. Using fallback presentation compiler.
2026.04.07 15:13:14 INFO  no build target found for C:\Users\carol\Desktop\PROYETOS\PROYECTO_SENSORES_FABRICA\sensores\src\main\java\com\example\sensores\service\SensorService.java. Using fallback presentation compiler.
2026.04.07 15:13:13 INFO  no build target found for C:\Users\carol\Desktop\PROYETOS\PROYECTO_SENSORES_FABRICA\sensores\src\main\java\com\example\sensores\service\SensorService.java. Using fallback presentation compiler.
2026.04.07 15:13:13 INFO  no build target found for C:\Users\carol\Desktop\PROYETOS\PROYECTO_SENSORES_FABRICA\sensores\src\main\java\com\example\sensores\service\SensorService.java. Using fallback presentation compiler.
2026.04.07 15:13:14 INFO  no build target found for C:\Users\carol\Desktop\PROYETOS\PROYECTO_SENSORES_FABRICA\sensores\src\main\java\com\example\sensores\service\SensorService.java. Using fallback presentation compiler.
2026.04.07 15:13:14 INFO  no build target found for C:\Users\carol\Desktop\PROYETOS\PROYECTO_SENSORES_FABRICA\sensores\src\main\java\com\example\sensores\service\SensorService.java. Using fallback presentation compiler.
2026.04.07 15:13:14 INFO  no build target found for C:\Users\carol\Desktop\PROYETOS\PROYECTO_SENSORES_FABRICA\sensores\src\main\java\com\example\sensores\service\SensorService.java. Using fallback presentation compiler.
2026.04.07 15:13:14 INFO  no build target found for C:\Users\carol\Desktop\PROYETOS\PROYECTO_SENSORES_FABRICA\sensores\src\main\java\com\example\sensores\service\SensorService.java. Using fallback presentation compiler.
2026.04.07 15:13:15 INFO  no build target found for C:\Users\carol\Desktop\PROYETOS\PROYECTO_SENSORES_FABRICA\sensores\src\main\java\com\example\sensores\service\SensorService.java. Using fallback presentation compiler.
2026.04.07 15:13:16 WARN  no build target for: C:\Users\carol\Desktop\PROYETOS\PROYECTO_SENSORES_FABRICA\sensores\src\main\java\com\example\sensores\service\SensorService.java
2026.04.07 15:13:16 INFO  no build target found for C:\Users\carol\Desktop\PROYETOS\PROYECTO_SENSORES_FABRICA\sensores\src\main\java\com\example\sensores\service\SensorService.java. Using fallback presentation compiler.
2026.04.07 15:13:16 INFO  no build target found for C:\Users\carol\Desktop\PROYETOS\PROYECTO_SENSORES_FABRICA\sensores\src\main\java\com\example\sensores\service\SensorService.java. Using fallback presentation compiler.
2026.04.07 15:13:16 INFO  no build target found for C:\Users\carol\Desktop\PROYETOS\PROYECTO_SENSORES_FABRICA\sensores\src\main\java\com\example\sensores\service\SensorService.java. Using fallback presentation compiler.
2026.04.07 15:13:17 WARN  no build target for: C:\Users\carol\Desktop\PROYETOS\PROYECTO_SENSORES_FABRICA\sensores\src\main\java\com\example\sensores\service\SensorService.java
2026.04.07 15:13:17 INFO  no build target found for C:\Users\carol\Desktop\PROYETOS\PROYECTO_SENSORES_FABRICA\sensores\src\main\java\com\example\sensores\service\SensorService.java. Using fallback presentation compiler.
2026.04.07 15:13:17 INFO  no build target found for C:\Users\carol\Desktop\PROYETOS\PROYECTO_SENSORES_FABRICA\sensores\src\main\java\com\example\sensores\service\SensorService.java. Using fallback presentation compiler.
2026.04.07 15:13:17 INFO  no build target found for C:\Users\carol\Desktop\PROYETOS\PROYECTO_SENSORES_FABRICA\sensores\src\main\java\com\example\sensores\service\SensorService.java. Using fallback presentation compiler.
2026.04.07 15:13:17 INFO  no build target found for C:\Users\carol\Desktop\PROYETOS\PROYECTO_SENSORES_FABRICA\sensores\src\main\java\com\example\sensores\service\SensorService.java. Using fallback presentation compiler.
2026.04.07 15:13:18 WARN  no build target for: C:\Users\carol\Desktop\PROYETOS\PROYECTO_SENSORES_FABRICA\sensores\src\main\java\com\example\sensores\service\SensorService.java
2026.04.07 15:13:18 INFO  no build target found for C:\Users\carol\Desktop\PROYETOS\PROYECTO_SENSORES_FABRICA\sensores\src\main\java\com\example\sensores\service\SensorService.java. Using fallback presentation compiler.
2026.04.07 15:13:20 INFO  no build target found for C:\Users\carol\Desktop\PROYETOS\PROYECTO_SENSORES_FABRICA\sensores\src\main\java\com\example\sensores\service\serviceImpl\SensorServiceImp.java. Using fallback presentation compiler.
2026.04.07 15:13:20 WARN  no build target for: C:\Users\carol\Desktop\PROYETOS\PROYECTO_SENSORES_FABRICA\sensores\src\main\java\com\example\sensores\service\serviceImpl\SensorServiceImp.java
2026.04.07 15:13:20 INFO  no build target found for C:\Users\carol\Desktop\PROYETOS\PROYECTO_SENSORES_FABRICA\sensores\src\main\java\com\example\sensores\service\serviceImpl\SensorServiceImp.java. Using fallback presentation compiler.
2026.04.07 15:13:21 INFO  no build target found for C:\Users\carol\Desktop\PROYETOS\PROYECTO_SENSORES_FABRICA\sensores\src\main\java\com\example\sensores\service\serviceImpl\SensorServiceImp.java. Using fallback presentation compiler.
2026.04.07 15:13:20 INFO  no build target found for C:\Users\carol\Desktop\PROYETOS\PROYECTO_SENSORES_FABRICA\sensores\src\main\java\com\example\sensores\service\serviceImpl\SensorServiceImp.java. Using fallback presentation compiler.
2026.04.07 15:13:20 INFO  no build target found for C:\Users\carol\Desktop\PROYETOS\PROYECTO_SENSORES_FABRICA\sensores\src\main\java\com\example\sensores\service\serviceImpl\SensorServiceImp.java. Using fallback presentation compiler.
2026.04.07 15:13:20 INFO  no build target found for C:\Users\carol\Desktop\PROYETOS\PROYECTO_SENSORES_FABRICA\sensores\src\main\java\com\example\sensores\service\serviceImpl\SensorServiceImp.java. Using fallback presentation compiler.
2026.04.07 15:13:30 INFO  no build target found for C:\Users\carol\Desktop\PROYETOS\PROYECTO_SENSORES_FABRICA\sensores\src\main\java\com\example\sensores\service\serviceImpl\SensorServiceImp.java. Using fallback presentation compiler.
2026.04.07 15:13:30 INFO  no build target found for C:\Users\carol\Desktop\PROYETOS\PROYECTO_SENSORES_FABRICA\sensores\src\main\java\com\example\sensores\service\serviceImpl\SensorServiceImp.java. Using fallback presentation compiler.
2026.04.07 15:13:30 INFO  no build target found for C:\Users\carol\Desktop\PROYETOS\PROYECTO_SENSORES_FABRICA\sensores\src\main\java\com\example\sensores\service\serviceImpl\SensorServiceImp.java. Using fallback presentation compiler.
2026.04.07 15:13:30 INFO  no build target found for C:\Users\carol\Desktop\PROYETOS\PROYECTO_SENSORES_FABRICA\sensores\src\main\java\com\example\sensores\service\serviceImpl\SensorServiceImp.java. Using fallback presentation compiler.
2026.04.07 15:13:31 INFO  no build target found for C:\Users\carol\Desktop\PROYETOS\PROYECTO_SENSORES_FABRICA\sensores\src\main\java\com\example\sensores\service\serviceImpl\SensorServiceImp.java. Using fallback presentation compiler.
2026.04.07 15:13:31 INFO  no build target found for C:\Users\carol\Desktop\PROYETOS\PROYECTO_SENSORES_FABRICA\sensores\src\main\java\com\example\sensores\service\serviceImpl\SensorServiceImp.java. Using fallback presentation compiler.
2026.04.07 15:13:31 INFO  no build target found for C:\Users\carol\Desktop\PROYETOS\PROYECTO_SENSORES_FABRICA\sensores\src\main\java\com\example\sensores\service\serviceImpl\SensorServiceImp.java. Using fallback presentation compiler.
2026.04.07 15:13:31 INFO  no build target found for C:\Users\carol\Desktop\PROYETOS\PROYECTO_SENSORES_FABRICA\sensores\src\main\java\com\example\sensores\service\serviceImpl\SensorServiceImp.java. Using fallback presentation compiler.
2026.04.07 15:13:32 WARN  no build target for: C:\Users\carol\Desktop\PROYETOS\PROYECTO_SENSORES_FABRICA\sensores\src\main\java\com\example\sensores\service\serviceImpl\SensorServiceImp.java
2026.04.07 15:13:31 INFO  no build target found for C:\Users\carol\Desktop\PROYETOS\PROYECTO_SENSORES_FABRICA\sensores\src\main\java\com\example\sensores\service\serviceImpl\SensorServiceImp.java. Using fallback presentation compiler.
2026.04.07 15:13:34 INFO  no build target found for C:\Users\carol\Desktop\PROYETOS\PROYECTO_SENSORES_FABRICA\sensores\src\main\java\com\example\sensores\service\serviceImpl\SensorServiceImp.java. Using fallback presentation compiler.
2026.04.07 15:13:34 INFO  no build target found for C:\Users\carol\Desktop\PROYETOS\PROYECTO_SENSORES_FABRICA\sensores\src\main\java\com\example\sensores\service\serviceImpl\SensorServiceImp.java. Using fallback presentation compiler.
2026.04.07 15:13:34 INFO  no build target found for C:\Users\carol\Desktop\PROYETOS\PROYECTO_SENSORES_FABRICA\sensores\src\main\java\com\example\sensores\service\serviceImpl\SensorServiceImp.java. Using fallback presentation compiler.
2026.04.07 15:13:35 INFO  no build target found for C:\Users\carol\Desktop\PROYETOS\PROYECTO_SENSORES_FABRICA\sensores\src\main\java\com\example\sensores\service\serviceImpl\SensorServiceImp.java. Using fallback presentation compiler.
2026.04.07 15:13:35 INFO  no build target found for C:\Users\carol\Desktop\PROYETOS\PROYECTO_SENSORES_FABRICA\sensores\src\main\java\com\example\sensores\service\serviceImpl\SensorServiceImp.java. Using fallback presentation compiler.
2026.04.07 15:13:35 INFO  no build target found for C:\Users\carol\Desktop\PROYETOS\PROYECTO_SENSORES_FABRICA\sensores\src\main\java\com\example\sensores\service\serviceImpl\SensorServiceImp.java. Using fallback presentation compiler.
2026.04.07 15:13:36 INFO  no build target found for C:\Users\carol\Desktop\PROYETOS\PROYECTO_SENSORES_FABRICA\sensores\src\main\java\com\example\sensores\service\serviceImpl\SensorServiceImp.java. Using fallback presentation compiler.
2026.04.07 15:13:36 WARN  no build target for: C:\Users\carol\Desktop\PROYETOS\PROYECTO_SENSORES_FABRICA\sensores\src\main\java\com\example\sensores\service\serviceImpl\SensorServiceImp.java
2026.04.07 15:13:36 INFO  no build target found for C:\Users\carol\Desktop\PROYETOS\PROYECTO_SENSORES_FABRICA\sensores\src\main\java\com\example\sensores\service\serviceImpl\SensorServiceImp.java. Using fallback presentation compiler.
2026.04.07 15:13:37 INFO  no build target found for C:\Users\carol\Desktop\PROYETOS\PROYECTO_SENSORES_FABRICA\sensores\src\main\java\com\example\sensores\service\serviceImpl\SensorServiceImp.java. Using fallback presentation compiler.
2026.04.07 15:13:37 INFO  no build target found for C:\Users\carol\Desktop\PROYETOS\PROYECTO_SENSORES_FABRICA\sensores\src\main\java\com\example\sensores\service\serviceImpl\SensorServiceImp.java. Using fallback presentation compiler.
2026.04.07 15:14:03 INFO  no build target found for C:\Users\carol\Desktop\PROYETOS\PROYECTO_SENSORES_FABRICA\sensores\src\main\java\com\example\sensores\service\serviceImpl\SensorServiceImp.java. Using fallback presentation compiler.
2026.04.07 15:14:09 INFO  no build target found for C:\Users\carol\Desktop\PROYETOS\PROYECTO_SENSORES_FABRICA\sensores\src\main\java\com\example\sensores\service\serviceImpl\SensorServiceImp.java. Using fallback presentation compiler.
2026.04.07 15:14:33 INFO  no build target found for C:\Users\carol\Desktop\PROYETOS\PROYECTO_SENSORES_FABRICA\sensores\src\main\java\com\example\sensores\controller\rest\sensorRestController.java. Using fallback presentation compiler.
2026.04.07 15:14:41 INFO  no build target found for C:\Users\carol\Desktop\PROYETOS\PROYECTO_SENSORES_FABRICA\sensores\src\main\java\com\example\sensores\controller\rest\sensorRestController.java. Using fallback presentation compiler.
2026.04.07 15:14:41 INFO  no build target found for C:\Users\carol\Desktop\PROYETOS\PROYECTO_SENSORES_FABRICA\sensores\src\main\java\com\example\sensores\controller\rest\sensorRestController.java. Using fallback presentation compiler.
2026.04.07 15:14:41 INFO  no build target found for C:\Users\carol\Desktop\PROYETOS\PROYECTO_SENSORES_FABRICA\sensores\src\main\java\com\example\sensores\controller\rest\sensorRestController.java. Using fallback presentation compiler.
2026.04.07 15:14:41 INFO  no build target found for C:\Users\carol\Desktop\PROYETOS\PROYECTO_SENSORES_FABRICA\sensores\src\main\java\com\example\sensores\controller\rest\sensorRestController.java. Using fallback presentation compiler.
2026.04.07 15:14:43 WARN  no build target for: C:\Users\carol\Desktop\PROYETOS\PROYECTO_SENSORES_FABRICA\sensores\src\main\java\com\example\sensores\controller\rest\sensorRestController.java
2026.04.07 15:14:43 INFO  no build target found for C:\Users\carol\Desktop\PROYETOS\PROYECTO_SENSORES_FABRICA\sensores\src\main\java\com\example\sensores\controller\rest\sensorRestController.java. Using fallback presentation compiler.
2026.04.07 15:14:43 INFO  Created report: Optional[file:///C:/Users/carol/Desktop/PROYETOS/PROYECTO_SENSORES_FABRICA/sensores/src/main/java/com/example/sensores/controller/rest/sensorRestController.java]
2026.04.07 15:14:43 INFO  QDox parse error in file:///C:/Users/carol/Desktop/PROYETOS/PROYECTO_SENSORES_FABRICA/sensores/src/main/java/com/example/sensores/controller/rest/sensorRestController.java (full report at: "C:\Users\carol\Desktop\PROYETOS\PROYECTO_SENSORES_FABRICA\sensores\.metals\.reports\metals-full\2026-04-07\r_qdox-error_15-14-43-107.md")
2026.04.07 15:14:43 WARN  Running javac-semanticdb failed for file:///C:/Users/carol/Desktop/PROYETOS/PROYECTO_SENSORES_FABRICA/sensores/src/main/java/com/example/sensores/controller/rest/sensorRestController.java. Output:

2026.04.07 15:14:49 INFO  no build target found for c:\Users\carol\Desktop\PROYETOS\PROYECTO_SENSORES_FABRICA\sensores\src\main\java\com\example\sensores\controller\rest\sensorRestController.java. Using fallback presentation compiler.
2026.04.07 15:14:49 INFO  no build target found for C:\Users\carol\Desktop\PROYETOS\PROYECTO_SENSORES_FABRICA\sensores\src\main\java\com\example\sensores\service\serviceImpl\SensorServiceImp.java. Using fallback presentation compiler.
2026.04.07 15:14:49 WARN  no build target for: C:\Users\carol\Desktop\PROYETOS\PROYECTO_SENSORES_FABRICA\sensores\src\main\java\com\example\sensores\service\serviceImpl\SensorServiceImp.java
2026.04.07 15:14:49 INFO  no build target found for C:\Users\carol\Desktop\PROYETOS\PROYECTO_SENSORES_FABRICA\sensores\src\main\java\com\example\sensores\service\serviceImpl\SensorServiceImp.java. Using fallback presentation compiler.
2026.04.07 15:14:49 INFO  no build target found for C:\Users\carol\Desktop\PROYETOS\PROYECTO_SENSORES_FABRICA\sensores\src\main\java\com\example\sensores\service\serviceImpl\SensorServiceImp.java. Using fallback presentation compiler.
2026.04.07 15:14:49 INFO  no build target found for C:\Users\carol\Desktop\PROYETOS\PROYECTO_SENSORES_FABRICA\sensores\src\main\java\com\example\sensores\service\serviceImpl\SensorServiceImp.java. Using fallback presentation compiler.
2026.04.07 15:15:02 INFO  no build target found for C:\Users\carol\Desktop\PROYETOS\PROYECTO_SENSORES_FABRICA\sensores\src\main\java\com\example\sensores\controller\rest\SensorRestController.java. Using fallback presentation compiler.
2026.04.07 15:15:02 INFO  no build target found for C:\Users\carol\Desktop\PROYETOS\PROYECTO_SENSORES_FABRICA\sensores\src\main\java\com\example\sensores\controller\rest\SensorRestController.java. Using fallback presentation compiler.
2026.04.07 15:15:02 INFO  no build target found for C:\Users\carol\Desktop\PROYETOS\PROYECTO_SENSORES_FABRICA\sensores\src\main\java\com\example\sensores\controller\rest\SensorRestController.java. Using fallback presentation compiler.
2026.04.07 15:15:02 INFO  no build target found for C:\Users\carol\Desktop\PROYETOS\PROYECTO_SENSORES_FABRICA\sensores\src\main\java\com\example\sensores\controller\rest\SensorRestController.java. Using fallback presentation compiler.
2026.04.07 15:15:03 INFO  no build target found for C:\Users\carol\Desktop\PROYETOS\PROYECTO_SENSORES_FABRICA\sensores\src\main\java\com\example\sensores\controller\rest\SensorRestController.java. Using fallback presentation compiler.
2026.04.07 15:15:03 WARN  no build target for: C:\Users\carol\Desktop\PROYETOS\PROYECTO_SENSORES_FABRICA\sensores\src\main\java\com\example\sensores\controller\rest\SensorRestController.java
2026.04.07 15:15:03 INFO  no build target found for C:\Users\carol\Desktop\PROYETOS\PROYECTO_SENSORES_FABRICA\sensores\src\main\java\com\example\sensores\controller\rest\SensorRestController.java. Using fallback presentation compiler.
2026.04.07 15:15:05 INFO  no build target found for C:\Users\carol\Desktop\PROYETOS\PROYECTO_SENSORES_FABRICA\sensores\src\main\java\com\example\sensores\controller\rest\SensorRestController.java. Using fallback presentation compiler.
2026.04.07 15:15:05 INFO  no build target found for C:\Users\carol\Desktop\PROYETOS\PROYECTO_SENSORES_FABRICA\sensores\src\main\java\com\example\sensores\controller\rest\SensorRestController.java. Using fallback presentation compiler.
2026.04.07 15:15:05 INFO  no build target found for C:\Users\carol\Desktop\PROYETOS\PROYECTO_SENSORES_FABRICA\sensores\src\main\java\com\example\sensores\controller\rest\SensorRestController.java. Using fallback presentation compiler.
2026.04.07 15:15:06 WARN  no build target for: C:\Users\carol\Desktop\PROYETOS\PROYECTO_SENSORES_FABRICA\sensores\src\main\java\com\example\sensores\controller\rest\SensorRestController.java
2026.04.07 15:15:06 INFO  no build target found for C:\Users\carol\Desktop\PROYETOS\PROYECTO_SENSORES_FABRICA\sensores\src\main\java\com\example\sensores\controller\rest\SensorRestController.java. Using fallback presentation compiler.
2026.04.07 15:15:07 INFO  no build target found for C:\Users\carol\Desktop\PROYETOS\PROYECTO_SENSORES_FABRICA\sensores\src\main\java\com\example\sensores\controller\rest\SensorRestController.java. Using fallback presentation compiler.
2026.04.07 15:15:07 INFO  no build target found for C:\Users\carol\Desktop\PROYETOS\PROYECTO_SENSORES_FABRICA\sensores\src\main\java\com\example\sensores\controller\rest\SensorRestController.java. Using fallback presentation compiler.
2026.04.07 15:15:07 INFO  no build target found for C:\Users\carol\Desktop\PROYETOS\PROYECTO_SENSORES_FABRICA\sensores\src\main\java\com\example\sensores\controller\rest\SensorRestController.java. Using fallback presentation compiler.
2026.04.07 15:15:38 INFO  no build target found for c:\Users\carol\Desktop\PROYETOS\PROYECTO_SENSORES_FABRICA\sensores\src\main\java\com\example\sensores\controller\rest\sensorRestController.java. Using fallback presentation compiler.
2026.04.07 15:15:38 INFO  no build target found for C:\Users\carol\Desktop\PROYETOS\PROYECTO_SENSORES_FABRICA\sensores\src\main\java\com\example\sensores\service\serviceImpl\SensorServiceImp.java. Using fallback presentation compiler.
2026.04.07 15:15:38 WARN  no build target for: C:\Users\carol\Desktop\PROYETOS\PROYECTO_SENSORES_FABRICA\sensores\src\main\java\com\example\sensores\service\serviceImpl\SensorServiceImp.java
2026.04.07 15:15:38 INFO  no build target found for C:\Users\carol\Desktop\PROYETOS\PROYECTO_SENSORES_FABRICA\sensores\src\main\java\com\example\sensores\service\serviceImpl\SensorServiceImp.java. Using fallback presentation compiler.
2026.04.07 15:15:38 INFO  no build target found for C:\Users\carol\Desktop\PROYETOS\PROYECTO_SENSORES_FABRICA\sensores\src\main\java\com\example\sensores\service\serviceImpl\SensorServiceImp.java. Using fallback presentation compiler.
2026.04.07 15:15:38 INFO  no build target found for C:\Users\carol\Desktop\PROYETOS\PROYECTO_SENSORES_FABRICA\sensores\src\main\java\com\example\sensores\service\serviceImpl\SensorServiceImp.java. Using fallback presentation compiler.
2026.04.07 15:15:43 INFO  no build target found for C:\Users\carol\Desktop\PROYETOS\PROYECTO_SENSORES_FABRICA\sensores\src\main\java\com\example\sensores\service\serviceImpl\SensorServiceImp.java. Using fallback presentation compiler.
2026.04.07 15:15:53 INFO  no build target found for C:\Users\carol\Desktop\PROYETOS\PROYECTO_SENSORES_FABRICA\sensores\src\main\java\com\example\sensores\controller\rest\SensorRestController.java. Using fallback presentation compiler.
2026.04.07 15:15:53 INFO  no build target found for C:\Users\carol\Desktop\PROYETOS\PROYECTO_SENSORES_FABRICA\sensores\src\main\java\com\example\sensores\controller\rest\SensorRestController.java. Using fallback presentation compiler.
2026.04.07 15:15:53 INFO  no build target found for C:\Users\carol\Desktop\PROYETOS\PROYECTO_SENSORES_FABRICA\sensores\src\main\java\com\example\sensores\controller\rest\SensorRestController.java. Using fallback presentation compiler.
2026.04.07 15:15:53 INFO  no build target found for C:\Users\carol\Desktop\PROYETOS\PROYECTO_SENSORES_FABRICA\sensores\src\main\java\com\example\sensores\controller\rest\SensorRestController.java. Using fallback presentation compiler.
2026.04.07 15:15:53 INFO  no build target found for C:\Users\carol\Desktop\PROYETOS\PROYECTO_SENSORES_FABRICA\sensores\src\main\java\com\example\sensores\controller\rest\SensorRestController.java. Using fallback presentation compiler.
2026.04.07 15:15:53 INFO  no build target found for C:\Users\carol\Desktop\PROYETOS\PROYECTO_SENSORES_FABRICA\sensores\src\main\java\com\example\sensores\controller\rest\SensorRestController.java. Using fallback presentation compiler.
2026.04.07 15:15:53 INFO  no build target found for C:\Users\carol\Desktop\PROYETOS\PROYECTO_SENSORES_FABRICA\sensores\src\main\java\com\example\sensores\controller\rest\SensorRestController.java. Using fallback presentation compiler.
2026.04.07 15:15:54 WARN  no build target for: C:\Users\carol\Desktop\PROYETOS\PROYECTO_SENSORES_FABRICA\sensores\src\main\java\com\example\sensores\controller\rest\SensorRestController.java
2026.04.07 15:15:54 INFO  no build target found for C:\Users\carol\Desktop\PROYETOS\PROYECTO_SENSORES_FABRICA\sensores\src\main\java\com\example\sensores\controller\rest\SensorRestController.java. Using fallback presentation compiler.
2026.04.07 15:16:02 INFO  no build target found for C:\Users\carol\Desktop\PROYETOS\PROYECTO_SENSORES_FABRICA\sensores\src\main\java\com\example\sensores\controller\rest\SensorRestController.java. Using fallback presentation compiler.
2026.04.07 15:16:02 INFO  no build target found for C:\Users\carol\Desktop\PROYETOS\PROYECTO_SENSORES_FABRICA\sensores\src\main\java\com\example\sensores\controller\rest\SensorRestController.java. Using fallback presentation compiler.
2026.04.07 15:16:02 INFO  no build target found for C:\Users\carol\Desktop\PROYETOS\PROYECTO_SENSORES_FABRICA\sensores\src\main\java\com\example\sensores\controller\rest\SensorRestController.java. Using fallback presentation compiler.
2026.04.07 15:16:02 INFO  no build target found for C:\Users\carol\Desktop\PROYETOS\PROYECTO_SENSORES_FABRICA\sensores\src\main\java\com\example\sensores\controller\rest\SensorRestController.java. Using fallback presentation compiler.
2026.04.07 15:16:03 WARN  no build target for: C:\Users\carol\Desktop\PROYETOS\PROYECTO_SENSORES_FABRICA\sensores\src\main\java\com\example\sensores\controller\rest\SensorRestController.java
2026.04.07 15:16:02 INFO  no build target found for C:\Users\carol\Desktop\PROYETOS\PROYECTO_SENSORES_FABRICA\sensores\src\main\java\com\example\sensores\controller\rest\SensorRestController.java. Using fallback presentation compiler.
2026.04.07 15:16:09 INFO  no build target found for C:\Users\carol\Desktop\PROYETOS\PROYECTO_SENSORES_FABRICA\sensores\src\main\java\com\example\sensores\controller\rest\SensorRestController.java. Using fallback presentation compiler.
2026.04.07 15:16:09 INFO  no build target found for C:\Users\carol\Desktop\PROYETOS\PROYECTO_SENSORES_FABRICA\sensores\src\main\java\com\example\sensores\controller\rest\SensorRestController.java. Using fallback presentation compiler.
2026.04.07 15:16:10 INFO  no build target found for C:\Users\carol\Desktop\PROYETOS\PROYECTO_SENSORES_FABRICA\sensores\src\main\java\com\example\sensores\controller\rest\SensorRestController.java. Using fallback presentation compiler.
2026.04.07 15:16:11 WARN  no build target for: C:\Users\carol\Desktop\PROYETOS\PROYECTO_SENSORES_FABRICA\sensores\src\main\java\com\example\sensores\controller\rest\SensorRestController.java
2026.04.07 15:16:11 INFO  no build target found for C:\Users\carol\Desktop\PROYETOS\PROYECTO_SENSORES_FABRICA\sensores\src\main\java\com\example\sensores\controller\rest\SensorRestController.java. Using fallback presentation compiler.
2026.04.07 15:16:16 INFO  no build target found for C:\Users\carol\Desktop\PROYETOS\PROYECTO_SENSORES_FABRICA\sensores\src\main\java\com\example\sensores\model\SensorData.java. Using fallback presentation compiler.
2026.04.07 15:16:16 WARN  no build target for: C:\Users\carol\Desktop\PROYETOS\PROYECTO_SENSORES_FABRICA\sensores\src\main\java\com\example\sensores\model\SensorData.java
abr 07, 2026 3:16:16 P. M. org.eclipse.lsp4j.jsonrpc.RemoteEndpoint handleCancellation
WARNING: Unmatched cancel notification for request id 2663
2026.04.07 15:16:16 INFO  no build target found for C:\Users\carol\Desktop\PROYETOS\PROYECTO_SENSORES_FABRICA\sensores\src\main\java\com\example\sensores\model\SensorData.java. Using fallback presentation compiler.
2026.04.07 15:16:16 INFO  no build target found for C:\Users\carol\Desktop\PROYETOS\PROYECTO_SENSORES_FABRICA\sensores\src\main\java\com\example\sensores\model\SensorData.java. Using fallback presentation compiler.
2026.04.07 15:16:16 INFO  no build target found for C:\Users\carol\Desktop\PROYETOS\PROYECTO_SENSORES_FABRICA\sensores\src\main\java\com\example\sensores\model\SensorData.java. Using fallback presentation compiler.
abr 07, 2026 3:16:16 P. M. org.eclipse.lsp4j.jsonrpc.RemoteEndpoint handleCancellation
WARNING: Unmatched cancel notification for request id 2664
2026.04.07 15:16:16 INFO  no build target found for C:\Users\carol\Desktop\PROYETOS\PROYECTO_SENSORES_FABRICA\sensores\src\main\java\com\example\sensores\model\SensorData.java. Using fallback presentation compiler.
2026.04.07 15:16:16 INFO  no build target found for C:\Users\carol\Desktop\PROYETOS\PROYECTO_SENSORES_FABRICA\sensores\src\main\java\com\example\sensores\model\SensorData.java. Using fallback presentation compiler.
2026.04.07 15:16:18 INFO  no build target found for C:\Users\carol\Desktop\PROYETOS\PROYECTO_SENSORES_FABRICA\sensores\src\main\java\com\example\sensores\controller\rest\SensorRestController.java. Using fallback presentation compiler.
2026.04.07 15:16:18 WARN  no build target for: C:\Users\carol\Desktop\PROYETOS\PROYECTO_SENSORES_FABRICA\sensores\src\main\java\com\example\sensores\controller\rest\SensorRestController.java
2026.04.07 15:16:18 INFO  no build target found for C:\Users\carol\Desktop\PROYETOS\PROYECTO_SENSORES_FABRICA\sensores\src\main\java\com\example\sensores\controller\rest\SensorRestController.java. Using fallback presentation compiler.
2026.04.07 15:16:24 INFO  no build target found for C:\Users\carol\Desktop\PROYETOS\PROYECTO_SENSORES_FABRICA\sensores\src\main\java\com\example\sensores\controller\rest\SensorRestController.java. Using fallback presentation compiler.
2026.04.07 15:16:24 INFO  no build target found for C:\Users\carol\Desktop\PROYETOS\PROYECTO_SENSORES_FABRICA\sensores\src\main\java\com\example\sensores\controller\rest\SensorRestController.java. Using fallback presentation compiler.
2026.04.07 15:16:24 INFO  no build target found for C:\Users\carol\Desktop\PROYETOS\PROYECTO_SENSORES_FABRICA\sensores\src\main\java\com\example\sensores\controller\rest\SensorRestController.java. Using fallback presentation compiler.
2026.04.07 15:16:24 INFO  no build target found for C:\Users\carol\Desktop\PROYETOS\PROYECTO_SENSORES_FABRICA\sensores\src\main\java\com\example\sensores\controller\rest\SensorRestController.java. Using fallback presentation compiler.
2026.04.07 15:16:25 WARN  no build target for: C:\Users\carol\Desktop\PROYETOS\PROYECTO_SENSORES_FABRICA\sensores\src\main\java\com\example\sensores\controller\rest\SensorRestController.java
2026.04.07 15:16:25 INFO  no build target found for C:\Users\carol\Desktop\PROYETOS\PROYECTO_SENSORES_FABRICA\sensores\src\main\java\com\example\sensores\controller\rest\SensorRestController.java. Using fallback presentation compiler.
2026.04.07 15:16:26 INFO  no build target found for C:\Users\carol\Desktop\PROYETOS\PROYECTO_SENSORES_FABRICA\sensores\src\main\java\com\example\sensores\controller\rest\SensorRestController.java. Using fallback presentation compiler.
abr 07, 2026 3:16:26 P. M. org.eclipse.lsp4j.jsonrpc.RemoteEndpoint handleCancellation
WARNING: Unmatched cancel notification for request id 2698
2026.04.07 15:16:26 INFO  no build target found for C:\Users\carol\Desktop\PROYETOS\PROYECTO_SENSORES_FABRICA\sensores\src\main\java\com\example\sensores\controller\rest\SensorRestController.java. Using fallback presentation compiler.
2026.04.07 15:16:26 INFO  no build target found for C:\Users\carol\Desktop\PROYETOS\PROYECTO_SENSORES_FABRICA\sensores\src\main\java\com\example\sensores\controller\rest\SensorRestController.java. Using fallback presentation compiler.
2026.04.07 15:16:26 INFO  no build target found for C:\Users\carol\Desktop\PROYETOS\PROYECTO_SENSORES_FABRICA\sensores\src\main\java\com\example\sensores\controller\rest\SensorRestController.java. Using fallback presentation compiler.
abr 07, 2026 3:16:26 P. M. org.eclipse.lsp4j.jsonrpc.RemoteEndpoint handleCancellation
WARNING: Unmatched cancel notification for request id 2700
2026.04.07 15:16:26 INFO  no build target found for C:\Users\carol\Desktop\PROYETOS\PROYECTO_SENSORES_FABRICA\sensores\src\main\java\com\example\sensores\controller\rest\SensorRestController.java. Using fallback presentation compiler.
2026.04.07 15:16:26 INFO  no build target found for C:\Users\carol\Desktop\PROYETOS\PROYECTO_SENSORES_FABRICA\sensores\src\main\java\com\example\sensores\controller\rest\SensorRestController.java. Using fallback presentation compiler.
2026.04.07 15:16:27 INFO  no build target found for C:\Users\carol\Desktop\PROYETOS\PROYECTO_SENSORES_FABRICA\sensores\src\main\java\com\example\sensores\controller\rest\SensorRestController.java. Using fallback presentation compiler.
2026.04.07 15:16:31 INFO  no build target found for C:\Users\carol\Desktop\PROYETOS\PROYECTO_SENSORES_FABRICA\sensores\src\main\java\com\example\sensores\controller\rest\SensorRestController.java. Using fallback presentation compiler.
2026.04.07 15:16:31 INFO  no build target found for C:\Users\carol\Desktop\PROYETOS\PROYECTO_SENSORES_FABRICA\sensores\src\main\java\com\example\sensores\controller\rest\SensorRestController.java. Using fallback presentation compiler.
2026.04.07 15:16:31 INFO  no build target found for C:\Users\carol\Desktop\PROYETOS\PROYECTO_SENSORES_FABRICA\sensores\src\main\java\com\example\sensores\controller\rest\SensorRestController.java. Using fallback presentation compiler.
2026.04.07 15:16:32 INFO  no build target found for C:\Users\carol\Desktop\PROYETOS\PROYECTO_SENSORES_FABRICA\sensores\src\main\java\com\example\sensores\controller\rest\SensorRestController.java. Using fallback presentation compiler.
2026.04.07 15:16:31 INFO  no build target found for C:\Users\carol\Desktop\PROYETOS\PROYECTO_SENSORES_FABRICA\sensores\src\main\java\com\example\sensores\controller\rest\SensorRestController.java. Using fallback presentation compiler.
2026.04.07 15:16:31 INFO  no build target found for C:\Users\carol\Desktop\PROYETOS\PROYECTO_SENSORES_FABRICA\sensores\src\main\java\com\example\sensores\controller\rest\SensorRestController.java. Using fallback presentation compiler.
2026.04.07 15:16:31 INFO  no build target found for C:\Users\carol\Desktop\PROYETOS\PROYECTO_SENSORES_FABRICA\sensores\src\main\java\com\example\sensores\controller\rest\SensorRestController.java. Using fallback presentation compiler.
2026.04.07 15:16:31 INFO  no build target found for C:\Users\carol\Desktop\PROYETOS\PROYECTO_SENSORES_FABRICA\sensores\src\main\java\com\example\sensores\controller\rest\SensorRestController.java. Using fallback presentation compiler.
2026.04.07 15:16:32 WARN  no build target for: C:\Users\carol\Desktop\PROYETOS\PROYECTO_SENSORES_FABRICA\sensores\src\main\java\com\example\sensores\controller\rest\SensorRestController.java
2026.04.07 15:16:32 INFO  no build target found for C:\Users\carol\Desktop\PROYETOS\PROYECTO_SENSORES_FABRICA\sensores\src\main\java\com\example\sensores\controller\rest\SensorRestController.java. Using fallback presentation compiler.
2026.04.07 15:16:33 INFO  no build target found for C:\Users\carol\Desktop\PROYETOS\PROYECTO_SENSORES_FABRICA\sensores\src\main\java\com\example\sensores\controller\rest\SensorRestController.java. Using fallback presentation compiler.
2026.04.07 15:16:33 INFO  no build target found for C:\Users\carol\Desktop\PROYETOS\PROYECTO_SENSORES_FABRICA\sensores\src\main\java\com\example\sensores\controller\rest\SensorRestController.java. Using fallback presentation compiler.
2026.04.07 15:16:33 INFO  no build target found for C:\Users\carol\Desktop\PROYETOS\PROYECTO_SENSORES_FABRICA\sensores\src\main\java\com\example\sensores\controller\rest\SensorRestController.java. Using fallback presentation compiler.
2026.04.07 15:16:34 INFO  no build target found for C:\Users\carol\Desktop\PROYETOS\PROYECTO_SENSORES_FABRICA\sensores\src\main\java\com\example\sensores\controller\rest\SensorRestController.java. Using fallback presentation compiler.
2026.04.07 15:16:34 INFO  no build target found for C:\Users\carol\Desktop\PROYETOS\PROYECTO_SENSORES_FABRICA\sensores\src\main\java\com\example\sensores\controller\rest\SensorRestController.java. Using fallback presentation compiler.
2026.04.07 15:16:34 INFO  no build target found for C:\Users\carol\Desktop\PROYETOS\PROYECTO_SENSORES_FABRICA\sensores\src\main\java\com\example\sensores\controller\rest\SensorRestController.java. Using fallback presentation compiler.
2026.04.07 15:16:34 INFO  no build target found for C:\Users\carol\Desktop\PROYETOS\PROYECTO_SENSORES_FABRICA\sensores\src\main\java\com\example\sensores\controller\rest\SensorRestController.java. Using fallback presentation compiler.
2026.04.07 15:16:34 INFO  no build target found for C:\Users\carol\Desktop\PROYETOS\PROYECTO_SENSORES_FABRICA\sensores\src\main\java\com\example\sensores\controller\rest\SensorRestController.java. Using fallback presentation compiler.
2026.04.07 15:16:34 INFO  no build target found for C:\Users\carol\Desktop\PROYETOS\PROYECTO_SENSORES_FABRICA\sensores\src\main\java\com\example\sensores\controller\rest\SensorRestController.java. Using fallback presentation compiler.
2026.04.07 15:16:35 WARN  no build target for: C:\Users\carol\Desktop\PROYETOS\PROYECTO_SENSORES_FABRICA\sensores\src\main\java\com\example\sensores\controller\rest\SensorRestController.java
2026.04.07 15:16:35 INFO  no build target found for C:\Users\carol\Desktop\PROYETOS\PROYECTO_SENSORES_FABRICA\sensores\src\main\java\com\example\sensores\controller\rest\SensorRestController.java. Using fallback presentation compiler.
2026.04.07 15:16:35 INFO  no build target found for C:\Users\carol\Desktop\PROYETOS\PROYECTO_SENSORES_FABRICA\sensores\src\main\java\com\example\sensores\controller\rest\SensorRestController.java. Using fallback presentation compiler.
2026.04.07 15:16:35 INFO  no build target found for C:\Users\carol\Desktop\PROYETOS\PROYECTO_SENSORES_FABRICA\sensores\src\main\java\com\example\sensores\controller\rest\SensorRestController.java. Using fallback presentation compiler.
2026.04.07 15:16:35 INFO  no build target found for C:\Users\carol\Desktop\PROYETOS\PROYECTO_SENSORES_FABRICA\sensores\src\main\java\com\example\sensores\controller\rest\SensorRestController.java. Using fallback presentation compiler.
2026.04.07 15:16:38 INFO  no build target found for C:\Users\carol\Desktop\PROYETOS\PROYECTO_SENSORES_FABRICA\sensores\src\main\java\com\example\sensores\controller\rest\SensorRestController.java. Using fallback presentation compiler.
2026.04.07 15:16:38 INFO  no build target found for C:\Users\carol\Desktop\PROYETOS\PROYECTO_SENSORES_FABRICA\sensores\src\main\java\com\example\sensores\controller\rest\SensorRestController.java. Using fallback presentation compiler.
2026.04.07 15:16:38 INFO  no build target found for C:\Users\carol\Desktop\PROYETOS\PROYECTO_SENSORES_FABRICA\sensores\src\main\java\com\example\sensores\controller\rest\SensorRestController.java. Using fallback presentation compiler.
2026.04.07 15:16:38 INFO  no build target found for C:\Users\carol\Desktop\PROYETOS\PROYECTO_SENSORES_FABRICA\sensores\src\main\java\com\example\sensores\controller\rest\SensorRestController.java. Using fallback presentation compiler.
2026.04.07 15:16:38 INFO  no build target found for C:\Users\carol\Desktop\PROYETOS\PROYECTO_SENSORES_FABRICA\sensores\src\main\java\com\example\sensores\controller\rest\SensorRestController.java. Using fallback presentation compiler.
2026.04.07 15:16:39 INFO  no build target found for C:\Users\carol\Desktop\PROYETOS\PROYECTO_SENSORES_FABRICA\sensores\src\main\java\com\example\sensores\controller\rest\SensorRestController.java. Using fallback presentation compiler.
2026.04.07 15:16:39 WARN  no build target for: C:\Users\carol\Desktop\PROYETOS\PROYECTO_SENSORES_FABRICA\sensores\src\main\java\com\example\sensores\controller\rest\SensorRestController.java
2026.04.07 15:16:39 INFO  no build target found for C:\Users\carol\Desktop\PROYETOS\PROYECTO_SENSORES_FABRICA\sensores\src\main\java\com\example\sensores\controller\rest\SensorRestController.java. Using fallback presentation compiler.
2026.04.07 15:16:39 INFO  no build target found for C:\Users\carol\Desktop\PROYETOS\PROYECTO_SENSORES_FABRICA\sensores\src\main\java\com\example\sensores\controller\rest\SensorRestController.java. Using fallback presentation compiler.
2026.04.07 15:16:39 INFO  no build target found for C:\Users\carol\Desktop\PROYETOS\PROYECTO_SENSORES_FABRICA\sensores\src\main\java\com\example\sensores\controller\rest\SensorRestController.java. Using fallback presentation compiler.
2026.04.07 15:16:39 INFO  no build target found for C:\Users\carol\Desktop\PROYETOS\PROYECTO_SENSORES_FABRICA\sensores\src\main\java\com\example\sensores\controller\rest\SensorRestController.java. Using fallback presentation compiler.
2026.04.07 15:16:40 INFO  no build target found for C:\Users\carol\Desktop\PROYETOS\PROYECTO_SENSORES_FABRICA\sensores\src\main\java\com\example\sensores\controller\rest\SensorRestController.java. Using fallback presentation compiler.
2026.04.07 15:16:44 INFO  no build target found for C:\Users\carol\Desktop\PROYETOS\PROYECTO_SENSORES_FABRICA\sensores\src\main\java\com\example\sensores\controller\rest\SensorRestController.java. Using fallback presentation compiler.
2026.04.07 15:16:44 INFO  no build target found for C:\Users\carol\Desktop\PROYETOS\PROYECTO_SENSORES_FABRICA\sensores\src\main\java\com\example\sensores\controller\rest\SensorRestController.java. Using fallback presentation compiler.
2026.04.07 15:16:44 INFO  no build target found for C:\Users\carol\Desktop\PROYETOS\PROYECTO_SENSORES_FABRICA\sensores\src\main\java\com\example\sensores\controller\rest\SensorRestController.java. Using fallback presentation compiler.
2026.04.07 15:16:45 INFO  no build target found for C:\Users\carol\Desktop\PROYETOS\PROYECTO_SENSORES_FABRICA\sensores\src\main\java\com\example\sensores\controller\rest\SensorRestController.java. Using fallback presentation compiler.
2026.04.07 15:16:44 INFO  no build target found for C:\Users\carol\Desktop\PROYETOS\PROYECTO_SENSORES_FABRICA\sensores\src\main\java\com\example\sensores\controller\rest\SensorRestController.java. Using fallback presentation compiler.
2026.04.07 15:16:45 WARN  no build target for: C:\Users\carol\Desktop\PROYETOS\PROYECTO_SENSORES_FABRICA\sensores\src\main\java\com\example\sensores\controller\rest\SensorRestController.java
2026.04.07 15:16:45 INFO  no build target found for C:\Users\carol\Desktop\PROYETOS\PROYECTO_SENSORES_FABRICA\sensores\src\main\java\com\example\sensores\controller\rest\SensorRestController.java. Using fallback presentation compiler.
2026.04.07 15:16:52 INFO  no build target found for C:\Users\carol\Desktop\PROYETOS\PROYECTO_SENSORES_FABRICA\sensores\src\main\java\com\example\sensores\controller\rest\SensorRestController.java. Using fallback presentation compiler.
2026.04.07 15:16:58 INFO  no build target found for C:\Users\carol\Desktop\PROYETOS\PROYECTO_SENSORES_FABRICA\sensores\src\main\java\com\example\sensores\controller\rest\SensorRestController.java. Using fallback presentation compiler.
2026.04.07 15:16:58 INFO  no build target found for C:\Users\carol\Desktop\PROYETOS\PROYECTO_SENSORES_FABRICA\sensores\src\main\java\com\example\sensores\controller\rest\SensorRestController.java. Using fallback presentation compiler.
2026.04.07 15:16:58 INFO  no build target found for C:\Users\carol\Desktop\PROYETOS\PROYECTO_SENSORES_FABRICA\sensores\src\main\java\com\example\sensores\controller\rest\SensorRestController.java. Using fallback presentation compiler.
2026.04.07 15:17:00 INFO  no build target found for C:\Users\carol\Desktop\PROYETOS\PROYECTO_SENSORES_FABRICA\sensores\src\main\java\com\example\sensores\controller\rest\SensorRestController.java. Using fallback presentation compiler.
2026.04.07 15:17:00 INFO  no build target found for C:\Users\carol\Desktop\PROYETOS\PROYECTO_SENSORES_FABRICA\sensores\src\main\java\com\example\sensores\controller\rest\SensorRestController.java. Using fallback presentation compiler.
2026.04.07 15:17:00 INFO  no build target found for C:\Users\carol\Desktop\PROYETOS\PROYECTO_SENSORES_FABRICA\sensores\src\main\java\com\example\sensores\controller\rest\SensorRestController.java. Using fallback presentation compiler.
2026.04.07 15:17:00 INFO  no build target found for C:\Users\carol\Desktop\PROYETOS\PROYECTO_SENSORES_FABRICA\sensores\src\main\java\com\example\sensores\controller\rest\SensorRestController.java. Using fallback presentation compiler.
2026.04.07 15:17:01 INFO  no build target found for C:\Users\carol\Desktop\PROYETOS\PROYECTO_SENSORES_FABRICA\sensores\src\main\java\com\example\sensores\controller\rest\SensorRestController.java. Using fallback presentation compiler.
2026.04.07 15:17:01 INFO  no build target found for C:\Users\carol\Desktop\PROYETOS\PROYECTO_SENSORES_FABRICA\sensores\src\main\java\com\example\sensores\controller\rest\SensorRestController.java. Using fallback presentation compiler.
2026.04.07 15:17:01 INFO  no build target found for C:\Users\carol\Desktop\PROYETOS\PROYECTO_SENSORES_FABRICA\sensores\src\main\java\com\example\sensores\controller\rest\SensorRestController.java. Using fallback presentation compiler.
2026.04.07 15:17:01 INFO  no build target found for C:\Users\carol\Desktop\PROYETOS\PROYECTO_SENSORES_FABRICA\sensores\src\main\java\com\example\sensores\controller\rest\SensorRestController.java. Using fallback presentation compiler.
2026.04.07 15:17:01 WARN  no build target for: C:\Users\carol\Desktop\PROYETOS\PROYECTO_SENSORES_FABRICA\sensores\src\main\java\com\example\sensores\controller\rest\SensorRestController.java
2026.04.07 15:17:02 INFO  no build target found for C:\Users\carol\Desktop\PROYETOS\PROYECTO_SENSORES_FABRICA\sensores\src\main\java\com\example\sensores\controller\rest\SensorRestController.java. Using fallback presentation compiler.
2026.04.07 15:17:03 INFO  no build target found for C:\Users\carol\Desktop\PROYETOS\PROYECTO_SENSORES_FABRICA\sensores\src\main\java\com\example\sensores\controller\rest\SensorRestController.java. Using fallback presentation compiler.
2026.04.07 15:17:06 INFO  no build target found for C:\Users\carol\Desktop\PROYETOS\PROYECTO_SENSORES_FABRICA\sensores\src\main\java\com\example\sensores\controller\rest\SensorRestController.java. Using fallback presentation compiler.
2026.04.07 15:17:06 INFO  no build target found for C:\Users\carol\Desktop\PROYETOS\PROYECTO_SENSORES_FABRICA\sensores\src\main\java\com\example\sensores\controller\rest\SensorRestController.java. Using fallback presentation compiler.
2026.04.07 15:17:06 INFO  no build target found for C:\Users\carol\Desktop\PROYETOS\PROYECTO_SENSORES_FABRICA\sensores\src\main\java\com\example\sensores\controller\rest\SensorRestController.java. Using fallback presentation compiler.
2026.04.07 15:17:06 INFO  no build target found for C:\Users\carol\Desktop\PROYETOS\PROYECTO_SENSORES_FABRICA\sensores\src\main\java\com\example\sensores\controller\rest\SensorRestController.java. Using fallback presentation compiler.
2026.04.07 15:17:07 INFO  no build target found for C:\Users\carol\Desktop\PROYETOS\PROYECTO_SENSORES_FABRICA\sensores\src\main\java\com\example\sensores\controller\rest\SensorRestController.java. Using fallback presentation compiler.
2026.04.07 15:17:07 INFO  no build target found for C:\Users\carol\Desktop\PROYETOS\PROYECTO_SENSORES_FABRICA\sensores\src\main\java\com\example\sensores\controller\rest\SensorRestController.java. Using fallback presentation compiler.
2026.04.07 15:17:07 INFO  no build target found for C:\Users\carol\Desktop\PROYETOS\PROYECTO_SENSORES_FABRICA\sensores\src\main\java\com\example\sensores\controller\rest\SensorRestController.java. Using fallback presentation compiler.
2026.04.07 15:17:07 INFO  no build target found for C:\Users\carol\Desktop\PROYETOS\PROYECTO_SENSORES_FABRICA\sensores\src\main\java\com\example\sensores\controller\rest\SensorRestController.java. Using fallback presentation compiler.
2026.04.07 15:17:07 INFO  no build target found for C:\Users\carol\Desktop\PROYETOS\PROYECTO_SENSORES_FABRICA\sensores\src\main\java\com\example\sensores\controller\rest\SensorRestController.java. Using fallback presentation compiler.
2026.04.07 15:17:08 INFO  no build target found for C:\Users\carol\Desktop\PROYETOS\PROYECTO_SENSORES_FABRICA\sensores\src\main\java\com\example\sensores\controller\rest\SensorRestController.java. Using fallback presentation compiler.
2026.04.07 15:17:09 INFO  no build target found for C:\Users\carol\Desktop\PROYETOS\PROYECTO_SENSORES_FABRICA\sensores\src\main\java\com\example\sensores\controller\rest\SensorRestController.java. Using fallback presentation compiler.
2026.04.07 15:17:08 INFO  no build target found for C:\Users\carol\Desktop\PROYETOS\PROYECTO_SENSORES_FABRICA\sensores\src\main\java\com\example\sensores\controller\rest\SensorRestController.java. Using fallback presentation compiler.
2026.04.07 15:17:08 INFO  no build target found for C:\Users\carol\Desktop\PROYETOS\PROYECTO_SENSORES_FABRICA\sensores\src\main\java\com\example\sensores\controller\rest\SensorRestController.java. Using fallback presentation compiler.
2026.04.07 15:17:09 WARN  no build target for: C:\Users\carol\Desktop\PROYETOS\PROYECTO_SENSORES_FABRICA\sensores\src\main\java\com\example\sensores\controller\rest\SensorRestController.java
2026.04.07 15:17:09 INFO  no build target found for C:\Users\carol\Desktop\PROYETOS\PROYECTO_SENSORES_FABRICA\sensores\src\main\java\com\example\sensores\controller\rest\SensorRestController.java. Using fallback presentation compiler.
2026.04.07 15:17:23 INFO  no build target found for C:\Users\carol\Desktop\PROYETOS\PROYECTO_SENSORES_FABRICA\sensores\src\main\java\com\example\sensores\controller\rest\SensorRestController.java. Using fallback presentation compiler.
2026.04.07 15:17:24 INFO  no build target found for C:\Users\carol\Desktop\PROYETOS\PROYECTO_SENSORES_FABRICA\sensores\src\main\java\com\example\sensores\controller\rest\SensorRestController.java. Using fallback presentation compiler.
2026.04.07 15:17:24 WARN  no build target for: C:\Users\carol\Desktop\PROYETOS\PROYECTO_SENSORES_FABRICA\sensores\src\main\java\com\example\sensores\controller\rest\SensorRestController.java
2026.04.07 15:17:24 INFO  no build target found for C:\Users\carol\Desktop\PROYETOS\PROYECTO_SENSORES_FABRICA\sensores\src\main\java\com\example\sensores\controller\rest\SensorRestController.java. Using fallback presentation compiler.
2026.04.07 15:17:36 INFO  no build target found for C:\Users\carol\Desktop\PROYETOS\PROYECTO_SENSORES_FABRICA\sensores\src\main\java\com\example\sensores\controller\rest\SensorRestController.java. Using fallback presentation compiler.
2026.04.07 15:17:37 INFO  no build target found for C:\Users\carol\Desktop\PROYETOS\PROYECTO_SENSORES_FABRICA\sensores\src\main\java\com\example\sensores\controller\rest\SensorRestController.java. Using fallback presentation compiler.
2026.04.07 15:17:37 INFO  no build target found for C:\Users\carol\Desktop\PROYETOS\PROYECTO_SENSORES_FABRICA\sensores\src\main\java\com\example\sensores\controller\rest\SensorRestController.java. Using fallback presentation compiler.
2026.04.07 15:17:37 INFO  no build target found for C:\Users\carol\Desktop\PROYETOS\PROYECTO_SENSORES_FABRICA\sensores\src\main\java\com\example\sensores\controller\rest\SensorRestController.java. Using fallback presentation compiler.
2026.04.07 15:17:37 INFO  no build target found for C:\Users\carol\Desktop\PROYETOS\PROYECTO_SENSORES_FABRICA\sensores\src\main\java\com\example\sensores\controller\rest\SensorRestController.java. Using fallback presentation compiler.
2026.04.07 15:17:37 INFO  no build target found for C:\Users\carol\Desktop\PROYETOS\PROYECTO_SENSORES_FABRICA\sensores\src\main\java\com\example\sensores\controller\rest\SensorRestController.java. Using fallback presentation compiler.
2026.04.07 15:17:38 INFO  no build target found for C:\Users\carol\Desktop\PROYETOS\PROYECTO_SENSORES_FABRICA\sensores\src\main\java\com\example\sensores\controller\rest\SensorRestController.java. Using fallback presentation compiler.
2026.04.07 15:17:38 INFO  no build target found for C:\Users\carol\Desktop\PROYETOS\PROYECTO_SENSORES_FABRICA\sensores\src\main\java\com\example\sensores\controller\rest\SensorRestController.java. Using fallback presentation compiler.
2026.04.07 15:17:39 WARN  no build target for: C:\Users\carol\Desktop\PROYETOS\PROYECTO_SENSORES_FABRICA\sensores\src\main\java\com\example\sensores\controller\rest\SensorRestController.java
2026.04.07 15:17:39 INFO  no build target found for C:\Users\carol\Desktop\PROYETOS\PROYECTO_SENSORES_FABRICA\sensores\src\main\java\com\example\sensores\controller\rest\SensorRestController.java. Using fallback presentation compiler.
2026.04.07 15:17:39 INFO  no build target found for C:\Users\carol\Desktop\PROYETOS\PROYECTO_SENSORES_FABRICA\sensores\src\main\java\com\example\sensores\controller\rest\SensorRestController.java. Using fallback presentation compiler.
2026.04.07 15:17:39 INFO  no build target found for C:\Users\carol\Desktop\PROYETOS\PROYECTO_SENSORES_FABRICA\sensores\src\main\java\com\example\sensores\controller\rest\SensorRestController.java. Using fallback presentation compiler.
2026.04.07 15:17:40 INFO  no build target found for C:\Users\carol\Desktop\PROYETOS\PROYECTO_SENSORES_FABRICA\sensores\src\main\java\com\example\sensores\controller\rest\SensorRestController.java. Using fallback presentation compiler.
2026.04.07 15:17:39 INFO  no build target found for C:\Users\carol\Desktop\PROYETOS\PROYECTO_SENSORES_FABRICA\sensores\src\main\java\com\example\sensores\controller\rest\SensorRestController.java. Using fallback presentation compiler.
2026.04.07 15:17:40 WARN  no build target for: C:\Users\carol\Desktop\PROYETOS\PROYECTO_SENSORES_FABRICA\sensores\src\main\java\com\example\sensores\controller\rest\SensorRestController.java
2026.04.07 15:17:40 INFO  no build target found for C:\Users\carol\Desktop\PROYETOS\PROYECTO_SENSORES_FABRICA\sensores\src\main\java\com\example\sensores\controller\rest\SensorRestController.java. Using fallback presentation compiler.
2026.04.07 15:17:58 INFO  no build target found for C:\Users\carol\Desktop\PROYETOS\PROYECTO_SENSORES_FABRICA\sensores\src\main\java\com\example\sensores\controller\rest\SensorRestController.java. Using fallback presentation compiler.
2026.04.07 15:17:58 INFO  no build target found for C:\Users\carol\Desktop\PROYETOS\PROYECTO_SENSORES_FABRICA\sensores\src\main\java\com\example\sensores\controller\rest\SensorRestController.java. Using fallback presentation compiler.
2026.04.07 15:17:58 INFO  no build target found for C:\Users\carol\Desktop\PROYETOS\PROYECTO_SENSORES_FABRICA\sensores\src\main\java\com\example\sensores\controller\rest\SensorRestController.java. Using fallback presentation compiler.
2026.04.07 15:17:58 INFO  no build target found for C:\Users\carol\Desktop\PROYETOS\PROYECTO_SENSORES_FABRICA\sensores\src\main\java\com\example\sensores\controller\rest\SensorRestController.java. Using fallback presentation compiler.
2026.04.07 15:17:59 INFO  no build target found for C:\Users\carol\Desktop\PROYETOS\PROYECTO_SENSORES_FABRICA\sensores\src\main\java\com\example\sensores\controller\rest\SensorRestController.java. Using fallback presentation compiler.
2026.04.07 15:17:59 INFO  no build target found for C:\Users\carol\Desktop\PROYETOS\PROYECTO_SENSORES_FABRICA\sensores\src\main\java\com\example\sensores\controller\rest\SensorRestController.java. Using fallback presentation compiler.
2026.04.07 15:17:59 INFO  no build target found for C:\Users\carol\Desktop\PROYETOS\PROYECTO_SENSORES_FABRICA\sensores\src\main\java\com\example\sensores\controller\rest\SensorRestController.java. Using fallback presentation compiler.
2026.04.07 15:17:59 INFO  no build target found for C:\Users\carol\Desktop\PROYETOS\PROYECTO_SENSORES_FABRICA\sensores\src\main\java\com\example\sensores\controller\rest\SensorRestController.java. Using fallback presentation compiler.
2026.04.07 15:18:00 WARN  no build target for: C:\Users\carol\Desktop\PROYETOS\PROYECTO_SENSORES_FABRICA\sensores\src\main\java\com\example\sensores\controller\rest\SensorRestController.java
2026.04.07 15:18:00 INFO  no build target found for C:\Users\carol\Desktop\PROYETOS\PROYECTO_SENSORES_FABRICA\sensores\src\main\java\com\example\sensores\controller\rest\SensorRestController.java. Using fallback presentation compiler.
2026.04.07 15:18:01 INFO  no build target found for C:\Users\carol\Desktop\PROYETOS\PROYECTO_SENSORES_FABRICA\sensores\src\main\java\com\example\sensores\controller\rest\SensorRestController.java. Using fallback presentation compiler.
2026.04.07 15:18:01 INFO  no build target found for C:\Users\carol\Desktop\PROYETOS\PROYECTO_SENSORES_FABRICA\sensores\src\main\java\com\example\sensores\controller\rest\SensorRestController.java. Using fallback presentation compiler.
2026.04.07 15:18:01 INFO  no build target found for C:\Users\carol\Desktop\PROYETOS\PROYECTO_SENSORES_FABRICA\sensores\src\main\java\com\example\sensores\controller\rest\SensorRestController.java. Using fallback presentation compiler.
2026.04.07 15:18:01 INFO  no build target found for C:\Users\carol\Desktop\PROYETOS\PROYECTO_SENSORES_FABRICA\sensores\src\main\java\com\example\sensores\controller\rest\SensorRestController.java. Using fallback presentation compiler.
2026.04.07 15:18:01 INFO  no build target found for C:\Users\carol\Desktop\PROYETOS\PROYECTO_SENSORES_FABRICA\sensores\src\main\java\com\example\sensores\controller\rest\SensorRestController.java. Using fallback presentation compiler.
2026.04.07 15:18:02 WARN  no build target for: C:\Users\carol\Desktop\PROYETOS\PROYECTO_SENSORES_FABRICA\sensores\src\main\java\com\example\sensores\controller\rest\SensorRestController.java
2026.04.07 15:18:02 INFO  no build target found for C:\Users\carol\Desktop\PROYETOS\PROYECTO_SENSORES_FABRICA\sensores\src\main\java\com\example\sensores\controller\rest\SensorRestController.java. Using fallback presentation compiler.
2026.04.07 15:18:04 INFO  no build target found for C:\Users\carol\Desktop\PROYETOS\PROYECTO_SENSORES_FABRICA\sensores\src\main\java\com\example\sensores\controller\rest\SensorRestController.java. Using fallback presentation compiler.
2026.04.07 15:18:22 INFO  no build target found for C:\Users\carol\Desktop\PROYETOS\PROYECTO_SENSORES_FABRICA\sensores\src\main\java\com\example\sensores\controller\mvc\SensorMvcController.java. Using fallback presentation compiler.
2026.04.07 15:18:23 INFO  no build target found for C:\Users\carol\Desktop\PROYETOS\PROYECTO_SENSORES_FABRICA\sensores\src\main\java\com\example\sensores\controller\mvc\SensorMvcController.java. Using fallback presentation compiler.
2026.04.07 15:18:23 INFO  no build target found for C:\Users\carol\Desktop\PROYETOS\PROYECTO_SENSORES_FABRICA\sensores\src\main\java\com\example\sensores\controller\mvc\SensorMvcController.java. Using fallback presentation compiler.
2026.04.07 15:18:23 INFO  no build target found for C:\Users\carol\Desktop\PROYETOS\PROYECTO_SENSORES_FABRICA\sensores\src\main\java\com\example\sensores\controller\mvc\SensorMvcController.java. Using fallback presentation compiler.
2026.04.07 15:18:24 INFO  no build target found for C:\Users\carol\Desktop\PROYETOS\PROYECTO_SENSORES_FABRICA\sensores\src\main\java\com\example\sensores\controller\mvc\SensorMvcController.java. Using fallback presentation compiler.
2026.04.07 15:18:24 WARN  no build target for: C:\Users\carol\Desktop\PROYETOS\PROYECTO_SENSORES_FABRICA\sensores\src\main\java\com\example\sensores\controller\mvc\SensorMvcController.java
2026.04.07 15:18:24 INFO  no build target found for C:\Users\carol\Desktop\PROYETOS\PROYECTO_SENSORES_FABRICA\sensores\src\main\java\com\example\sensores\controller\mvc\SensorMvcController.java. Using fallback presentation compiler.
2026.04.07 15:18:25 INFO  no build target found for C:\Users\carol\Desktop\PROYETOS\PROYECTO_SENSORES_FABRICA\sensores\src\main\java\com\example\sensores\controller\mvc\SensorMvcController.java. Using fallback presentation compiler.
2026.04.07 15:18:26 INFO  no build target found for C:\Users\carol\Desktop\PROYETOS\PROYECTO_SENSORES_FABRICA\sensores\src\main\java\com\example\sensores\controller\mvc\SensorMvcController.java. Using fallback presentation compiler.
2026.04.07 15:18:26 INFO  no build target found for C:\Users\carol\Desktop\PROYETOS\PROYECTO_SENSORES_FABRICA\sensores\src\main\java\com\example\sensores\controller\mvc\SensorMvcController.java. Using fallback presentation compiler.
2026.04.07 15:18:27 WARN  no build target for: C:\Users\carol\Desktop\PROYETOS\PROYECTO_SENSORES_FABRICA\sensores\src\main\java\com\example\sensores\controller\mvc\SensorMvcController.java
2026.04.07 15:18:27 INFO  no build target found for C:\Users\carol\Desktop\PROYETOS\PROYECTO_SENSORES_FABRICA\sensores\src\main\java\com\example\sensores\controller\mvc\SensorMvcController.java. Using fallback presentation compiler.
2026.04.07 15:18:39 INFO  no build target found for C:\Users\carol\Desktop\PROYETOS\PROYECTO_SENSORES_FABRICA\sensores\src\main\java\com\example\sensores\controller\mvc\SensorMvcController.java. Using fallback presentation compiler.
2026.04.07 15:18:39 INFO  no build target found for C:\Users\carol\Desktop\PROYETOS\PROYECTO_SENSORES_FABRICA\sensores\src\main\java\com\example\sensores\controller\mvc\SensorMvcController.java. Using fallback presentation compiler.
2026.04.07 15:18:39 INFO  no build target found for C:\Users\carol\Desktop\PROYETOS\PROYECTO_SENSORES_FABRICA\sensores\src\main\java\com\example\sensores\controller\mvc\SensorMvcController.java. Using fallback presentation compiler.
2026.04.07 15:18:40 WARN  no build target for: C:\Users\carol\Desktop\PROYETOS\PROYECTO_SENSORES_FABRICA\sensores\src\main\java\com\example\sensores\controller\mvc\SensorMvcController.java
2026.04.07 15:18:40 INFO  no build target found for C:\Users\carol\Desktop\PROYETOS\PROYECTO_SENSORES_FABRICA\sensores\src\main\java\com\example\sensores\controller\mvc\SensorMvcController.java. Using fallback presentation compiler.
2026.04.07 15:18:40 INFO  no build target found for C:\Users\carol\Desktop\PROYETOS\PROYECTO_SENSORES_FABRICA\sensores\src\main\java\com\example\sensores\controller\mvc\SensorMvcController.java. Using fallback presentation compiler.
2026.04.07 15:18:40 INFO  no build target found for C:\Users\carol\Desktop\PROYETOS\PROYECTO_SENSORES_FABRICA\sensores\src\main\java\com\example\sensores\controller\mvc\SensorMvcController.java. Using fallback presentation compiler.
2026.04.07 15:18:41 INFO  no build target found for C:\Users\carol\Desktop\PROYETOS\PROYECTO_SENSORES_FABRICA\sensores\src\main\java\com\example\sensores\controller\mvc\SensorMvcController.java. Using fallback presentation compiler.
2026.04.07 15:18:40 INFO  no build target found for C:\Users\carol\Desktop\PROYETOS\PROYECTO_SENSORES_FABRICA\sensores\src\main\java\com\example\sensores\controller\mvc\SensorMvcController.java. Using fallback presentation compiler.
2026.04.07 15:18:41 WARN  no build target for: C:\Users\carol\Desktop\PROYETOS\PROYECTO_SENSORES_FABRICA\sensores\src\main\java\com\example\sensores\controller\mvc\SensorMvcController.java
2026.04.07 15:18:41 INFO  no build target found for C:\Users\carol\Desktop\PROYETOS\PROYECTO_SENSORES_FABRICA\sensores\src\main\java\com\example\sensores\controller\mvc\SensorMvcController.java. Using fallback presentation compiler.
2026.04.07 15:18:42 INFO  no build target found for C:\Users\carol\Desktop\PROYETOS\PROYECTO_SENSORES_FABRICA\sensores\src\main\java\com\example\sensores\controller\mvc\SensorMvcController.java. Using fallback presentation compiler.
2026.04.07 15:18:47 INFO  no build target found for C:\Users\carol\Desktop\PROYETOS\PROYECTO_SENSORES_FABRICA\sensores\src\main\java\com\example\sensores\controller\mvc\SensorMvcController.java. Using fallback presentation compiler.
2026.04.07 15:18:47 INFO  no build target found for C:\Users\carol\Desktop\PROYETOS\PROYECTO_SENSORES_FABRICA\sensores\src\main\java\com\example\sensores\controller\mvc\SensorMvcController.java. Using fallback presentation compiler.
2026.04.07 15:18:47 INFO  no build target found for C:\Users\carol\Desktop\PROYETOS\PROYECTO_SENSORES_FABRICA\sensores\src\main\java\com\example\sensores\controller\mvc\SensorMvcController.java. Using fallback presentation compiler.
2026.04.07 15:18:49 INFO  no build target found for C:\Users\carol\Desktop\PROYETOS\PROYECTO_SENSORES_FABRICA\sensores\src\main\java\com\example\sensores\controller\mvc\SensorMvcController.java. Using fallback presentation compiler.
2026.04.07 15:18:49 INFO  no build target found for C:\Users\carol\Desktop\PROYETOS\PROYECTO_SENSORES_FABRICA\sensores\src\main\java\com\example\sensores\controller\mvc\SensorMvcController.java. Using fallback presentation compiler.
2026.04.07 15:18:49 INFO  no build target found for C:\Users\carol\Desktop\PROYETOS\PROYECTO_SENSORES_FABRICA\sensores\src\main\java\com\example\sensores\controller\mvc\SensorMvcController.java. Using fallback presentation compiler.
2026.04.07 15:18:49 INFO  no build target found for C:\Users\carol\Desktop\PROYETOS\PROYECTO_SENSORES_FABRICA\sensores\src\main\java\com\example\sensores\controller\mvc\SensorMvcController.java. Using fallback presentation compiler.
2026.04.07 15:18:50 INFO  no build target found for C:\Users\carol\Desktop\PROYETOS\PROYECTO_SENSORES_FABRICA\sensores\src\main\java\com\example\sensores\controller\mvc\SensorMvcController.java. Using fallback presentation compiler.
2026.04.07 15:18:50 INFO  no build target found for C:\Users\carol\Desktop\PROYETOS\PROYECTO_SENSORES_FABRICA\sensores\src\main\java\com\example\sensores\controller\mvc\SensorMvcController.java. Using fallback presentation compiler.
2026.04.07 15:18:51 WARN  no build target for: C:\Users\carol\Desktop\PROYETOS\PROYECTO_SENSORES_FABRICA\sensores\src\main\java\com\example\sensores\controller\mvc\SensorMvcController.java
2026.04.07 15:18:51 INFO  no build target found for C:\Users\carol\Desktop\PROYETOS\PROYECTO_SENSORES_FABRICA\sensores\src\main\java\com\example\sensores\controller\mvc\SensorMvcController.java. Using fallback presentation compiler.
2026.04.07 15:18:52 INFO  no build target found for C:\Users\carol\Desktop\PROYETOS\PROYECTO_SENSORES_FABRICA\sensores\src\main\java\com\example\sensores\controller\mvc\SensorMvcController.java. Using fallback presentation compiler.
2026.04.07 15:18:53 INFO  no build target found for C:\Users\carol\Desktop\PROYETOS\PROYECTO_SENSORES_FABRICA\sensores\src\main\java\com\example\sensores\controller\rest\SensorRestController.java. Using fallback presentation compiler.
2026.04.07 15:18:53 WARN  no build target for: C:\Users\carol\Desktop\PROYETOS\PROYECTO_SENSORES_FABRICA\sensores\src\main\java\com\example\sensores\controller\rest\SensorRestController.java
2026.04.07 15:18:53 INFO  no build target found for C:\Users\carol\Desktop\PROYETOS\PROYECTO_SENSORES_FABRICA\sensores\src\main\java\com\example\sensores\controller\rest\SensorRestController.java. Using fallback presentation compiler.
2026.04.07 15:18:53 INFO  no build target found for C:\Users\carol\Desktop\PROYETOS\PROYECTO_SENSORES_FABRICA\sensores\src\main\java\com\example\sensores\controller\rest\SensorRestController.java. Using fallback presentation compiler.
2026.04.07 15:18:55 INFO  no build target found for C:\Users\carol\Desktop\PROYETOS\PROYECTO_SENSORES_FABRICA\sensores\src\main\java\com\example\sensores\controller\mvc\SensorMvcController.java. Using fallback presentation compiler.
2026.04.07 15:18:55 WARN  no build target for: C:\Users\carol\Desktop\PROYETOS\PROYECTO_SENSORES_FABRICA\sensores\src\main\java\com\example\sensores\controller\mvc\SensorMvcController.java
2026.04.07 15:18:55 INFO  no build target found for C:\Users\carol\Desktop\PROYETOS\PROYECTO_SENSORES_FABRICA\sensores\src\main\java\com\example\sensores\controller\mvc\SensorMvcController.java. Using fallback presentation compiler.
2026.04.07 15:18:55 INFO  no build target found for C:\Users\carol\Desktop\PROYETOS\PROYECTO_SENSORES_FABRICA\sensores\src\main\java\com\example\sensores\controller\mvc\SensorMvcController.java. Using fallback presentation compiler.
2026.04.07 15:18:55 INFO  no build target found for C:\Users\carol\Desktop\PROYETOS\PROYECTO_SENSORES_FABRICA\sensores\src\main\java\com\example\sensores\controller\mvc\SensorMvcController.java. Using fallback presentation compiler.
2026.04.07 15:18:55 INFO  no build target found for C:\Users\carol\Desktop\PROYETOS\PROYECTO_SENSORES_FABRICA\sensores\src\main\java\com\example\sensores\controller\mvc\SensorMvcController.java. Using fallback presentation compiler.
2026.04.07 15:19:55 INFO  no build target found for C:\Users\carol\Desktop\PROYETOS\PROYECTO_SENSORES_FABRICA\sensores\src\main\java\com\example\sensores\controller\mvc\SensorMvcController.java. Using fallback presentation compiler.
2026.04.07 15:19:55 INFO  no build target found for C:\Users\carol\Desktop\PROYETOS\PROYECTO_SENSORES_FABRICA\sensores\src\main\java\com\example\sensores\controller\mvc\SensorMvcController.java. Using fallback presentation compiler.
2026.04.07 15:19:55 INFO  no build target found for C:\Users\carol\Desktop\PROYETOS\PROYECTO_SENSORES_FABRICA\sensores\src\main\java\com\example\sensores\controller\mvc\SensorMvcController.java. Using fallback presentation compiler.
2026.04.07 15:19:56 INFO  no build target found for C:\Users\carol\Desktop\PROYETOS\PROYECTO_SENSORES_FABRICA\sensores\src\main\java\com\example\sensores\controller\mvc\SensorMvcController.java. Using fallback presentation compiler.
2026.04.07 15:19:55 INFO  no build target found for C:\Users\carol\Desktop\PROYETOS\PROYECTO_SENSORES_FABRICA\sensores\src\main\java\com\example\sensores\controller\mvc\SensorMvcController.java. Using fallback presentation compiler.
2026.04.07 15:19:57 INFO  no build target found for C:\Users\carol\Desktop\PROYETOS\PROYECTO_SENSORES_FABRICA\sensores\src\main\java\com\example\sensores\controller\mvc\SensorMvcController.java. Using fallback presentation compiler.
2026.04.07 15:19:57 INFO  no build target found for C:\Users\carol\Desktop\PROYETOS\PROYECTO_SENSORES_FABRICA\sensores\src\main\java\com\example\sensores\controller\mvc\SensorMvcController.java. Using fallback presentation compiler.
2026.04.07 15:19:57 INFO  no build target found for C:\Users\carol\Desktop\PROYETOS\PROYECTO_SENSORES_FABRICA\sensores\src\main\java\com\example\sensores\controller\mvc\SensorMvcController.java. Using fallback presentation compiler.
2026.04.07 15:19:57 WARN  no build target for: C:\Users\carol\Desktop\PROYETOS\PROYECTO_SENSORES_FABRICA\sensores\src\main\java\com\example\sensores\controller\mvc\SensorMvcController.java
2026.04.07 15:19:57 INFO  no build target found for C:\Users\carol\Desktop\PROYETOS\PROYECTO_SENSORES_FABRICA\sensores\src\main\java\com\example\sensores\controller\mvc\SensorMvcController.java. Using fallback presentation compiler.
2026.04.07 15:19:58 INFO  no build target found for C:\Users\carol\Desktop\PROYETOS\PROYECTO_SENSORES_FABRICA\sensores\src\main\java\com\example\sensores\controller\mvc\SensorMvcController.java. Using fallback presentation compiler.
2026.04.07 15:19:58 INFO  no build target found for C:\Users\carol\Desktop\PROYETOS\PROYECTO_SENSORES_FABRICA\sensores\src\main\java\com\example\sensores\controller\mvc\SensorMvcController.java. Using fallback presentation compiler.
2026.04.07 15:19:58 INFO  no build target found for C:\Users\carol\Desktop\PROYETOS\PROYECTO_SENSORES_FABRICA\sensores\src\main\java\com\example\sensores\controller\mvc\SensorMvcController.java. Using fallback presentation compiler.
2026.04.07 15:20:09 INFO  no build target found for C:\Users\carol\Desktop\PROYETOS\PROYECTO_SENSORES_FABRICA\sensores\src\main\java\com\example\sensores\controller\mvc\SensorMvcController.java. Using fallback presentation compiler.
2026.04.07 15:20:09 INFO  no build target found for C:\Users\carol\Desktop\PROYETOS\PROYECTO_SENSORES_FABRICA\sensores\src\main\java\com\example\sensores\controller\mvc\SensorMvcController.java. Using fallback presentation compiler.
2026.04.07 15:20:09 INFO  no build target found for C:\Users\carol\Desktop\PROYETOS\PROYECTO_SENSORES_FABRICA\sensores\src\main\java\com\example\sensores\controller\mvc\SensorMvcController.java. Using fallback presentation compiler.
2026.04.07 15:20:09 INFO  no build target found for C:\Users\carol\Desktop\PROYETOS\PROYECTO_SENSORES_FABRICA\sensores\src\main\java\com\example\sensores\controller\mvc\SensorMvcController.java. Using fallback presentation compiler.
2026.04.07 15:20:11 INFO  no build target found for C:\Users\carol\Desktop\PROYETOS\PROYECTO_SENSORES_FABRICA\sensores\src\main\java\com\example\sensores\controller\mvc\SensorMvcController.java. Using fallback presentation compiler.
2026.04.07 15:20:11 INFO  no build target found for C:\Users\carol\Desktop\PROYETOS\PROYECTO_SENSORES_FABRICA\sensores\src\main\java\com\example\sensores\controller\mvc\SensorMvcController.java. Using fallback presentation compiler.
2026.04.07 15:20:12 INFO  no build target found for C:\Users\carol\Desktop\PROYETOS\PROYECTO_SENSORES_FABRICA\sensores\src\main\java\com\example\sensores\controller\mvc\SensorMvcController.java. Using fallback presentation compiler.
2026.04.07 15:20:12 INFO  no build target found for C:\Users\carol\Desktop\PROYETOS\PROYECTO_SENSORES_FABRICA\sensores\src\main\java\com\example\sensores\controller\mvc\SensorMvcController.java. Using fallback presentation compiler.
2026.04.07 15:20:14 INFO  no build target found for C:\Users\carol\Desktop\PROYETOS\PROYECTO_SENSORES_FABRICA\sensores\src\main\java\com\example\sensores\controller\mvc\SensorMvcController.java. Using fallback presentation compiler.
2026.04.07 15:20:14 INFO  no build target found for C:\Users\carol\Desktop\PROYETOS\PROYECTO_SENSORES_FABRICA\sensores\src\main\java\com\example\sensores\controller\mvc\SensorMvcController.java. Using fallback presentation compiler.
2026.04.07 15:20:17 INFO  no build target found for C:\Users\carol\Desktop\PROYETOS\PROYECTO_SENSORES_FABRICA\sensores\src\main\java\com\example\sensores\controller\mvc\SensorMvcController.java. Using fallback presentation compiler.
2026.04.07 15:20:17 INFO  no build target found for C:\Users\carol\Desktop\PROYETOS\PROYECTO_SENSORES_FABRICA\sensores\src\main\java\com\example\sensores\controller\mvc\SensorMvcController.java. Using fallback presentation compiler.
2026.04.07 15:20:17 INFO  no build target found for C:\Users\carol\Desktop\PROYETOS\PROYECTO_SENSORES_FABRICA\sensores\src\main\java\com\example\sensores\controller\mvc\SensorMvcController.java. Using fallback presentation compiler.
2026.04.07 15:20:17 INFO  no build target found for C:\Users\carol\Desktop\PROYETOS\PROYECTO_SENSORES_FABRICA\sensores\src\main\java\com\example\sensores\controller\mvc\SensorMvcController.java. Using fallback presentation compiler.
2026.04.07 15:20:20 INFO  no build target found for C:\Users\carol\Desktop\PROYETOS\PROYECTO_SENSORES_FABRICA\sensores\src\main\java\com\example\sensores\controller\mvc\SensorMvcController.java. Using fallback presentation compiler.
2026.04.07 15:20:20 INFO  no build target found for C:\Users\carol\Desktop\PROYETOS\PROYECTO_SENSORES_FABRICA\sensores\src\main\java\com\example\sensores\controller\mvc\SensorMvcController.java. Using fallback presentation compiler.
2026.04.07 15:20:20 INFO  no build target found for C:\Users\carol\Desktop\PROYETOS\PROYECTO_SENSORES_FABRICA\sensores\src\main\java\com\example\sensores\controller\mvc\SensorMvcController.java. Using fallback presentation compiler.
2026.04.07 15:20:21 INFO  no build target found for C:\Users\carol\Desktop\PROYETOS\PROYECTO_SENSORES_FABRICA\sensores\src\main\java\com\example\sensores\controller\mvc\SensorMvcController.java. Using fallback presentation compiler.
2026.04.07 15:20:21 INFO  no build target found for C:\Users\carol\Desktop\PROYETOS\PROYECTO_SENSORES_FABRICA\sensores\src\main\java\com\example\sensores\controller\mvc\SensorMvcController.java. Using fallback presentation compiler.
2026.04.07 15:20:22 INFO  no build target found for C:\Users\carol\Desktop\PROYETOS\PROYECTO_SENSORES_FABRICA\sensores\src\main\java\com\example\sensores\controller\mvc\SensorMvcController.java. Using fallback presentation compiler.
2026.04.07 15:20:22 WARN  no build target for: C:\Users\carol\Desktop\PROYETOS\PROYECTO_SENSORES_FABRICA\sensores\src\main\java\com\example\sensores\controller\mvc\SensorMvcController.java
2026.04.07 15:20:22 INFO  no build target found for C:\Users\carol\Desktop\PROYETOS\PROYECTO_SENSORES_FABRICA\sensores\src\main\java\com\example\sensores\controller\mvc\SensorMvcController.java. Using fallback presentation compiler.
2026.04.07 15:20:23 INFO  no build target found for C:\Users\carol\Desktop\PROYETOS\PROYECTO_SENSORES_FABRICA\sensores\src\main\java\com\example\sensores\controller\mvc\SensorMvcController.java. Using fallback presentation compiler.
2026.04.07 15:20:23 INFO  no build target found for C:\Users\carol\Desktop\PROYETOS\PROYECTO_SENSORES_FABRICA\sensores\src\main\java\com\example\sensores\controller\mvc\SensorMvcController.java. Using fallback presentation compiler.
2026.04.07 15:20:24 WARN  no build target for: C:\Users\carol\Desktop\PROYETOS\PROYECTO_SENSORES_FABRICA\sensores\src\main\java\com\example\sensores\controller\mvc\SensorMvcController.java
2026.04.07 15:20:24 INFO  no build target found for C:\Users\carol\Desktop\PROYETOS\PROYECTO_SENSORES_FABRICA\sensores\src\main\java\com\example\sensores\controller\mvc\SensorMvcController.java. Using fallback presentation compiler.
2026.04.07 15:20:29 INFO  no build target found for C:\Users\carol\Desktop\PROYETOS\PROYECTO_SENSORES_FABRICA\sensores\src\main\java\com\example\sensores\controller\mvc\SensorMvcController.java. Using fallback presentation compiler.
2026.04.07 15:20:32 INFO  no build target found for C:\Users\carol\Desktop\PROYETOS\PROYECTO_SENSORES_FABRICA\sensores\src\main\java\com\example\sensores\controller\mvc\SensorMvcController.java. Using fallback presentation compiler.
2026.04.07 15:20:32 INFO  no build target found for C:\Users\carol\Desktop\PROYETOS\PROYECTO_SENSORES_FABRICA\sensores\src\main\java\com\example\sensores\controller\mvc\SensorMvcController.java. Using fallback presentation compiler.
2026.04.07 15:20:33 INFO  no build target found for C:\Users\carol\Desktop\PROYETOS\PROYECTO_SENSORES_FABRICA\sensores\src\main\java\com\example\sensores\controller\mvc\SensorMvcController.java. Using fallback presentation compiler.
2026.04.07 15:20:34 WARN  no build target for: C:\Users\carol\Desktop\PROYETOS\PROYECTO_SENSORES_FABRICA\sensores\src\main\java\com\example\sensores\controller\mvc\SensorMvcController.java
2026.04.07 15:20:33 INFO  no build target found for C:\Users\carol\Desktop\PROYETOS\PROYECTO_SENSORES_FABRICA\sensores\src\main\java\com\example\sensores\controller\mvc\SensorMvcController.java. Using fallback presentation compiler.
2026.04.07 15:20:34 INFO  no build target found for C:\Users\carol\Desktop\PROYETOS\PROYECTO_SENSORES_FABRICA\sensores\src\main\java\com\example\sensores\controller\mvc\SensorMvcController.java. Using fallback presentation compiler.
2026.04.07 15:20:34 INFO  no build target found for C:\Users\carol\Desktop\PROYETOS\PROYECTO_SENSORES_FABRICA\sensores\src\main\java\com\example\sensores\controller\mvc\SensorMvcController.java. Using fallback presentation compiler.
2026.04.07 15:20:35 INFO  no build target found for C:\Users\carol\Desktop\PROYETOS\PROYECTO_SENSORES_FABRICA\sensores\src\main\java\com\example\sensores\controller\mvc\SensorMvcController.java. Using fallback presentation compiler.
2026.04.07 15:20:35 INFO  no build target found for C:\Users\carol\Desktop\PROYETOS\PROYECTO_SENSORES_FABRICA\sensores\src\main\java\com\example\sensores\controller\mvc\SensorMvcController.java. Using fallback presentation compiler.
2026.04.07 15:20:35 INFO  no build target found for C:\Users\carol\Desktop\PROYETOS\PROYECTO_SENSORES_FABRICA\sensores\src\main\java\com\example\sensores\controller\mvc\SensorMvcController.java. Using fallback presentation compiler.
2026.04.07 15:20:37 INFO  no build target found for C:\Users\carol\Desktop\PROYETOS\PROYECTO_SENSORES_FABRICA\sensores\src\main\java\com\example\sensores\controller\mvc\SensorMvcController.java. Using fallback presentation compiler.
2026.04.07 15:20:40 INFO  no build target found for C:\Users\carol\Desktop\PROYETOS\PROYECTO_SENSORES_FABRICA\sensores\src\main\java\com\example\sensores\controller\mvc\SensorMvcController.java. Using fallback presentation compiler.
2026.04.07 15:20:40 INFO  no build target found for C:\Users\carol\Desktop\PROYETOS\PROYECTO_SENSORES_FABRICA\sensores\src\main\java\com\example\sensores\controller\mvc\SensorMvcController.java. Using fallback presentation compiler.
2026.04.07 15:20:40 INFO  no build target found for C:\Users\carol\Desktop\PROYETOS\PROYECTO_SENSORES_FABRICA\sensores\src\main\java\com\example\sensores\controller\mvc\SensorMvcController.java. Using fallback presentation compiler.
2026.04.07 15:20:40 INFO  no build target found for C:\Users\carol\Desktop\PROYETOS\PROYECTO_SENSORES_FABRICA\sensores\src\main\java\com\example\sensores\controller\mvc\SensorMvcController.java. Using fallback presentation compiler.
2026.04.07 15:20:41 INFO  no build target found for C:\Users\carol\Desktop\PROYETOS\PROYECTO_SENSORES_FABRICA\sensores\src\main\java\com\example\sensores\controller\mvc\SensorMvcController.java. Using fallback presentation compiler.
2026.04.07 15:20:41 INFO  no build target found for C:\Users\carol\Desktop\PROYETOS\PROYECTO_SENSORES_FABRICA\sensores\src\main\java\com\example\sensores\controller\mvc\SensorMvcController.java. Using fallback presentation compiler.
2026.04.07 15:20:44 INFO  no build target found for C:\Users\carol\Desktop\PROYETOS\PROYECTO_SENSORES_FABRICA\sensores\src\main\java\com\example\sensores\controller\mvc\SensorMvcController.java. Using fallback presentation compiler.
2026.04.07 15:20:44 INFO  no build target found for C:\Users\carol\Desktop\PROYETOS\PROYECTO_SENSORES_FABRICA\sensores\src\main\java\com\example\sensores\controller\mvc\SensorMvcController.java. Using fallback presentation compiler.
2026.04.07 15:20:44 INFO  no build target found for C:\Users\carol\Desktop\PROYETOS\PROYECTO_SENSORES_FABRICA\sensores\src\main\java\com\example\sensores\controller\mvc\SensorMvcController.java. Using fallback presentation compiler.
2026.04.07 15:20:44 INFO  no build target found for C:\Users\carol\Desktop\PROYETOS\PROYECTO_SENSORES_FABRICA\sensores\src\main\java\com\example\sensores\controller\mvc\SensorMvcController.java. Using fallback presentation compiler.
2026.04.07 15:20:47 INFO  no build target found for C:\Users\carol\Desktop\PROYETOS\PROYECTO_SENSORES_FABRICA\sensores\src\main\java\com\example\sensores\controller\mvc\SensorMvcController.java. Using fallback presentation compiler.
2026.04.07 15:20:47 INFO  no build target found for C:\Users\carol\Desktop\PROYETOS\PROYECTO_SENSORES_FABRICA\sensores\src\main\java\com\example\sensores\controller\mvc\SensorMvcController.java. Using fallback presentation compiler.
2026.04.07 15:20:47 INFO  no build target found for C:\Users\carol\Desktop\PROYETOS\PROYECTO_SENSORES_FABRICA\sensores\src\main\java\com\example\sensores\controller\mvc\SensorMvcController.java. Using fallback presentation compiler.
2026.04.07 15:20:48 INFO  no build target found for C:\Users\carol\Desktop\PROYETOS\PROYECTO_SENSORES_FABRICA\sensores\src\main\java\com\example\sensores\controller\mvc\SensorMvcController.java. Using fallback presentation compiler.
2026.04.07 15:20:48 INFO  no build target found for C:\Users\carol\Desktop\PROYETOS\PROYECTO_SENSORES_FABRICA\sensores\src\main\java\com\example\sensores\controller\mvc\SensorMvcController.java. Using fallback presentation compiler.
2026.04.07 15:20:50 INFO  no build target found for C:\Users\carol\Desktop\PROYETOS\PROYECTO_SENSORES_FABRICA\sensores\src\main\java\com\example\sensores\controller\mvc\SensorMvcController.java. Using fallback presentation compiler.
2026.04.07 15:21:00 INFO  no build target found for C:\Users\carol\Desktop\PROYETOS\PROYECTO_SENSORES_FABRICA\sensores\src\main\java\com\example\sensores\controller\mvc\SensorMvcController.java. Using fallback presentation compiler.
2026.04.07 15:21:02 INFO  no build target found for C:\Users\carol\Desktop\PROYETOS\PROYECTO_SENSORES_FABRICA\sensores\src\main\java\com\example\sensores\controller\mvc\SensorMvcController.java. Using fallback presentation compiler.
2026.04.07 15:21:14 INFO  no build target found for C:\Users\carol\Desktop\PROYETOS\PROYECTO_SENSORES_FABRICA\sensores\src\main\java\com\example\sensores\repository\SensorDataRepository.java. Using fallback presentation compiler.
2026.04.07 15:21:14 WARN  no build target for: C:\Users\carol\Desktop\PROYETOS\PROYECTO_SENSORES_FABRICA\sensores\src\main\java\com\example\sensores\repository\SensorDataRepository.java
2026.04.07 15:21:14 INFO  no build target found for C:\Users\carol\Desktop\PROYETOS\PROYECTO_SENSORES_FABRICA\sensores\src\main\java\com\example\sensores\repository\SensorDataRepository.java. Using fallback presentation compiler.
2026.04.07 15:21:14 INFO  no build target found for C:\Users\carol\Desktop\PROYETOS\PROYECTO_SENSORES_FABRICA\sensores\src\main\java\com\example\sensores\repository\SensorDataRepository.java. Using fallback presentation compiler.
2026.04.07 15:21:14 INFO  no build target found for C:\Users\carol\Desktop\PROYETOS\PROYECTO_SENSORES_FABRICA\sensores\src\main\java\com\example\sensores\repository\SensorDataRepository.java. Using fallback presentation compiler.
2026.04.07 15:21:25 INFO  no build target found for C:\Users\carol\Desktop\PROYETOS\PROYECTO_SENSORES_FABRICA\sensores\src\main\java\com\example\sensores\repository\SensorDataRepository.java. Using fallback presentation compiler.
2026.04.07 15:21:25 INFO  no build target found for C:\Users\carol\Desktop\PROYETOS\PROYECTO_SENSORES_FABRICA\sensores\src\main\java\com\example\sensores\repository\SensorDataRepository.java. Using fallback presentation compiler.
2026.04.07 15:21:28 INFO  no build target found for C:\Users\carol\Desktop\PROYETOS\PROYECTO_SENSORES_FABRICA\sensores\src\main\java\com\example\sensores\repository\SensorDataRepository.java. Using fallback presentation compiler.
2026.04.07 15:21:28 INFO  no build target found for C:\Users\carol\Desktop\PROYETOS\PROYECTO_SENSORES_FABRICA\sensores\src\main\java\com\example\sensores\repository\SensorDataRepository.java. Using fallback presentation compiler.
2026.04.07 15:21:28 INFO  no build target found for C:\Users\carol\Desktop\PROYETOS\PROYECTO_SENSORES_FABRICA\sensores\src\main\java\com\example\sensores\repository\SensorDataRepository.java. Using fallback presentation compiler.
2026.04.07 15:21:29 INFO  no build target found for C:\Users\carol\Desktop\PROYETOS\PROYECTO_SENSORES_FABRICA\sensores\src\main\java\com\example\sensores\repository\SensorDataRepository.java. Using fallback presentation compiler.
2026.04.07 15:21:29 INFO  no build target found for C:\Users\carol\Desktop\PROYETOS\PROYECTO_SENSORES_FABRICA\sensores\src\main\java\com\example\sensores\repository\SensorDataRepository.java. Using fallback presentation compiler.
2026.04.07 15:21:29 INFO  no build target found for C:\Users\carol\Desktop\PROYETOS\PROYECTO_SENSORES_FABRICA\sensores\src\main\java\com\example\sensores\repository\SensorDataRepository.java. Using fallback presentation compiler.
2026.04.07 15:21:29 INFO  no build target found for C:\Users\carol\Desktop\PROYETOS\PROYECTO_SENSORES_FABRICA\sensores\src\main\java\com\example\sensores\repository\SensorDataRepository.java. Using fallback presentation compiler.
2026.04.07 15:21:30 INFO  no build target found for C:\Users\carol\Desktop\PROYETOS\PROYECTO_SENSORES_FABRICA\sensores\src\main\java\com\example\sensores\repository\SensorDataRepository.java. Using fallback presentation compiler.
2026.04.07 15:21:30 INFO  no build target found for C:\Users\carol\Desktop\PROYETOS\PROYECTO_SENSORES_FABRICA\sensores\src\main\java\com\example\sensores\repository\SensorDataRepository.java. Using fallback presentation compiler.
2026.04.07 15:21:30 INFO  no build target found for C:\Users\carol\Desktop\PROYETOS\PROYECTO_SENSORES_FABRICA\sensores\src\main\java\com\example\sensores\repository\SensorDataRepository.java. Using fallback presentation compiler.
2026.04.07 15:21:31 WARN  no build target for: C:\Users\carol\Desktop\PROYETOS\PROYECTO_SENSORES_FABRICA\sensores\src\main\java\com\example\sensores\repository\SensorDataRepository.java
2026.04.07 15:21:31 INFO  no build target found for C:\Users\carol\Desktop\PROYETOS\PROYECTO_SENSORES_FABRICA\sensores\src\main\java\com\example\sensores\repository\SensorDataRepository.java. Using fallback presentation compiler.
2026.04.07 15:21:31 INFO  Created report: Optional[file:///C:/Users/carol/Desktop/PROYETOS/PROYECTO_SENSORES_FABRICA/sensores/src/main/java/com/example/sensores/repository/SensorDataRepository.java]
2026.04.07 15:21:31 INFO  QDox parse error in file:///C:/Users/carol/Desktop/PROYETOS/PROYECTO_SENSORES_FABRICA/sensores/src/main/java/com/example/sensores/repository/SensorDataRepository.java (full report at: "C:\Users\carol\Desktop\PROYETOS\PROYECTO_SENSORES_FABRICA\sensores\.metals\.reports\metals-full\2026-04-07\r_qdox-error_15-21-31-600.md")
2026.04.07 15:21:31 WARN  Running javac-semanticdb failed for file:///C:/Users/carol/Desktop/PROYETOS/PROYECTO_SENSORES_FABRICA/sensores/src/main/java/com/example/sensores/repository/SensorDataRepository.java. Output:

2026.04.07 15:21:32 INFO  no build target found for C:\Users\carol\Desktop\PROYETOS\PROYECTO_SENSORES_FABRICA\sensores\src\main\java\com\example\sensores\repository\SensorDataRepository.java. Using fallback presentation compiler.
2026.04.07 15:21:32 INFO  no build target found for C:\Users\carol\Desktop\PROYETOS\PROYECTO_SENSORES_FABRICA\sensores\src\main\java\com\example\sensores\repository\SensorDataRepository.java. Using fallback presentation compiler.
2026.04.07 15:21:33 INFO  no build target found for C:\Users\carol\Desktop\PROYETOS\PROYECTO_SENSORES_FABRICA\sensores\src\main\java\com\example\sensores\repository\SensorDataRepository.java. Using fallback presentation compiler.
2026.04.07 15:21:33 INFO  no build target found for C:\Users\carol\Desktop\PROYETOS\PROYECTO_SENSORES_FABRICA\sensores\src\main\java\com\example\sensores\repository\SensorDataRepository.java. Using fallback presentation compiler.
2026.04.07 15:21:35 INFO  no build target found for C:\Users\carol\Desktop\PROYETOS\PROYECTO_SENSORES_FABRICA\sensores\src\main\java\com\example\sensores\repository\SensorDataRepository.java. Using fallback presentation compiler.
2026.04.07 15:21:35 INFO  no build target found for C:\Users\carol\Desktop\PROYETOS\PROYECTO_SENSORES_FABRICA\sensores\src\main\java\com\example\sensores\repository\SensorDataRepository.java. Using fallback presentation compiler.
2026.04.07 15:21:35 INFO  no build target found for C:\Users\carol\Desktop\PROYETOS\PROYECTO_SENSORES_FABRICA\sensores\src\main\java\com\example\sensores\repository\SensorDataRepository.java. Using fallback presentation compiler.
2026.04.07 15:21:35 INFO  QDox parse error in file:///C:/Users/carol/Desktop/PROYETOS/PROYECTO_SENSORES_FABRICA/sensores/src/main/java/com/example/sensores/repository/SensorDataRepository.java (full report at: "C:\Users\carol\Desktop\PROYETOS\PROYECTO_SENSORES_FABRICA\sensores\.metals\.reports\metals-full\2026-04-07\r_qdox-error_15-21-31-600.md")
2026.04.07 15:21:35 INFO  no build target found for C:\Users\carol\Desktop\PROYETOS\PROYECTO_SENSORES_FABRICA\sensores\src\main\java\com\example\sensores\repository\SensorDataRepository.java. Using fallback presentation compiler.
2026.04.07 15:21:35 INFO  QDox parse error in file:///C:/Users/carol/Desktop/PROYETOS/PROYECTO_SENSORES_FABRICA/sensores/src/main/java/com/example/sensores/repository/SensorDataRepository.java (full report at: "C:\Users\carol\Desktop\PROYETOS\PROYECTO_SENSORES_FABRICA\sensores\.metals\.reports\metals-full\2026-04-07\r_qdox-error_15-21-31-600.md")
2026.04.07 15:21:36 INFO  no build target found for C:\Users\carol\Desktop\PROYETOS\PROYECTO_SENSORES_FABRICA\sensores\src\main\java\com\example\sensores\repository\SensorDataRepository.java. Using fallback presentation compiler.
2026.04.07 15:21:36 INFO  no build target found for C:\Users\carol\Desktop\PROYETOS\PROYECTO_SENSORES_FABRICA\sensores\src\main\java\com\example\sensores\repository\SensorDataRepository.java. Using fallback presentation compiler.
2026.04.07 15:21:36 INFO  no build target found for C:\Users\carol\Desktop\PROYETOS\PROYECTO_SENSORES_FABRICA\sensores\src\main\java\com\example\sensores\repository\SensorDataRepository.java. Using fallback presentation compiler.
2026.04.07 15:21:36 INFO  no build target found for C:\Users\carol\Desktop\PROYETOS\PROYECTO_SENSORES_FABRICA\sensores\src\main\java\com\example\sensores\repository\SensorDataRepository.java. Using fallback presentation compiler.
2026.04.07 15:21:36 INFO  no build target found for C:\Users\carol\Desktop\PROYETOS\PROYECTO_SENSORES_FABRICA\sensores\src\main\java\com\example\sensores\repository\SensorDataRepository.java. Using fallback presentation compiler.
2026.04.07 15:21:36 INFO  no build target found for C:\Users\carol\Desktop\PROYETOS\PROYECTO_SENSORES_FABRICA\sensores\src\main\java\com\example\sensores\repository\SensorDataRepository.java. Using fallback presentation compiler.
2026.04.07 15:21:36 INFO  QDox parse error in file:///C:/Users/carol/Desktop/PROYETOS/PROYECTO_SENSORES_FABRICA/sensores/src/main/java/com/example/sensores/repository/SensorDataRepository.java (full report at: "C:\Users\carol\Desktop\PROYETOS\PROYECTO_SENSORES_FABRICA\sensores\.metals\.reports\metals-full\2026-04-07\r_qdox-error_15-21-31-600.md")
2026.04.07 15:21:37 INFO  no build target found for C:\Users\carol\Desktop\PROYETOS\PROYECTO_SENSORES_FABRICA\sensores\src\main\java\com\example\sensores\repository\SensorDataRepository.java. Using fallback presentation compiler.
2026.04.07 15:21:37 INFO  QDox parse error in file:///C:/Users/carol/Desktop/PROYETOS/PROYECTO_SENSORES_FABRICA/sensores/src/main/java/com/example/sensores/repository/SensorDataRepository.java (full report at: "C:\Users\carol\Desktop\PROYETOS\PROYECTO_SENSORES_FABRICA\sensores\.metals\.reports\metals-full\2026-04-07\r_qdox-error_15-21-31-600.md")
2026.04.07 15:21:37 INFO  Created report: Optional[file:///C:/Users/carol/Desktop/PROYETOS/PROYECTO_SENSORES_FABRICA/sensores/src/main/java/com/example/sensores/repository/SensorDataRepository.java]
2026.04.07 15:21:37 INFO  empty definition using pc, found symbol in pc: _empty_/findDistinctNodeIds# (full report at: "C:\Users\carol\Desktop\PROYETOS\PROYECTO_SENSORES_FABRICA\sensores\.metals\.reports\metals-full\2026-04-07\r_empty-definition_15-21-37-679.md")
2026.04.07 15:21:37 INFO  no build target found for C:\Users\carol\Desktop\PROYETOS\PROYECTO_SENSORES_FABRICA\sensores\src\main\java\com\example\sensores\repository\SensorDataRepository.java. Using fallback presentation compiler.
2026.04.07 15:21:37 INFO  no build target found for C:\Users\carol\Desktop\PROYETOS\PROYECTO_SENSORES_FABRICA\sensores\src\main\java\com\example\sensores\repository\SensorDataRepository.java. Using fallback presentation compiler.
abr 07, 2026 3:21:37 P. M. org.eclipse.lsp4j.jsonrpc.RemoteEndpoint handleCancellation
WARNING: Unmatched cancel notification for request id 3137
2026.04.07 15:21:37 INFO  no build target found for C:\Users\carol\Desktop\PROYETOS\PROYECTO_SENSORES_FABRICA\sensores\src\main\java\com\example\sensores\repository\SensorDataRepository.java. Using fallback presentation compiler.
2026.04.07 15:21:38 INFO  no build target found for C:\Users\carol\Desktop\PROYETOS\PROYECTO_SENSORES_FABRICA\sensores\src\main\java\com\example\sensores\repository\SensorDataRepository.java. Using fallback presentation compiler.
2026.04.07 15:21:37 INFO  no build target found for C:\Users\carol\Desktop\PROYETOS\PROYECTO_SENSORES_FABRICA\sensores\src\main\java\com\example\sensores\repository\SensorDataRepository.java. Using fallback presentation compiler.
2026.04.07 15:21:37 INFO  no build target found for C:\Users\carol\Desktop\PROYETOS\PROYECTO_SENSORES_FABRICA\sensores\src\main\java\com\example\sensores\repository\SensorDataRepository.java. Using fallback presentation compiler.
2026.04.07 15:21:37 INFO  no build target found for C:\Users\carol\Desktop\PROYETOS\PROYECTO_SENSORES_FABRICA\sensores\src\main\java\com\example\sensores\repository\SensorDataRepository.java. Using fallback presentation compiler.
2026.04.07 15:21:37 INFO  no build target found for C:\Users\carol\Desktop\PROYETOS\PROYECTO_SENSORES_FABRICA\sensores\src\main\java\com\example\sensores\repository\SensorDataRepository.java. Using fallback presentation compiler.
2026.04.07 15:21:39 WARN  no build target for: C:\Users\carol\Desktop\PROYETOS\PROYECTO_SENSORES_FABRICA\sensores\src\main\java\com\example\sensores\repository\SensorDataRepository.java
2026.04.07 15:21:39 INFO  QDox parse error in file:///C:/Users/carol/Desktop/PROYETOS/PROYECTO_SENSORES_FABRICA/sensores/src/main/java/com/example/sensores/repository/SensorDataRepository.java (full report at: "C:\Users\carol\Desktop\PROYETOS\PROYECTO_SENSORES_FABRICA\sensores\.metals\.reports\metals-full\2026-04-07\r_qdox-error_15-21-31-600.md")
2026.04.07 15:21:39 INFO  no build target found for C:\Users\carol\Desktop\PROYETOS\PROYECTO_SENSORES_FABRICA\sensores\src\main\java\com\example\sensores\repository\SensorDataRepository.java. Using fallback presentation compiler.
2026.04.07 15:21:39 WARN  Running javac-semanticdb failed for file:///C:/Users/carol/Desktop/PROYETOS/PROYECTO_SENSORES_FABRICA/sensores/src/main/java/com/example/sensores/repository/SensorDataRepository.java. Output:

2026.04.07 15:21:40 INFO  no build target found for C:\Users\carol\Desktop\PROYETOS\PROYECTO_SENSORES_FABRICA\sensores\src\main\java\com\example\sensores\repository\SensorDataRepository.java. Using fallback presentation compiler.
2026.04.07 15:21:40 INFO  no build target found for C:\Users\carol\Desktop\PROYETOS\PROYECTO_SENSORES_FABRICA\sensores\src\main\java\com\example\sensores\repository\SensorDataRepository.java. Using fallback presentation compiler.
2026.04.07 15:21:40 INFO  no build target found for C:\Users\carol\Desktop\PROYETOS\PROYECTO_SENSORES_FABRICA\sensores\src\main\java\com\example\sensores\repository\SensorDataRepository.java. Using fallback presentation compiler.
2026.04.07 15:21:40 INFO  no build target found for C:\Users\carol\Desktop\PROYETOS\PROYECTO_SENSORES_FABRICA\sensores\src\main\java\com\example\sensores\repository\SensorDataRepository.java. Using fallback presentation compiler.
2026.04.07 15:21:41 INFO  no build target found for C:\Users\carol\Desktop\PROYETOS\PROYECTO_SENSORES_FABRICA\sensores\src\main\java\com\example\sensores\repository\SensorDataRepository.java. Using fallback presentation compiler.
2026.04.07 15:21:41 INFO  no build target found for C:\Users\carol\Desktop\PROYETOS\PROYECTO_SENSORES_FABRICA\sensores\src\main\java\com\example\sensores\repository\SensorDataRepository.java. Using fallback presentation compiler.
2026.04.07 15:21:41 INFO  no build target found for C:\Users\carol\Desktop\PROYETOS\PROYECTO_SENSORES_FABRICA\sensores\src\main\java\com\example\sensores\repository\SensorDataRepository.java. Using fallback presentation compiler.
2026.04.07 15:21:41 INFO  no build target found for C:\Users\carol\Desktop\PROYETOS\PROYECTO_SENSORES_FABRICA\sensores\src\main\java\com\example\sensores\repository\SensorDataRepository.java. Using fallback presentation compiler.
2026.04.07 15:21:44 INFO  no build target found for C:\Users\carol\Desktop\PROYETOS\PROYECTO_SENSORES_FABRICA\sensores\src\main\java\com\example\sensores\repository\SensorDataRepository.java. Using fallback presentation compiler.
2026.04.07 15:21:44 INFO  no build target found for C:\Users\carol\Desktop\PROYETOS\PROYECTO_SENSORES_FABRICA\sensores\src\main\java\com\example\sensores\repository\SensorDataRepository.java. Using fallback presentation compiler.
2026.04.07 15:21:44 INFO  no build target found for C:\Users\carol\Desktop\PROYETOS\PROYECTO_SENSORES_FABRICA\sensores\src\main\java\com\example\sensores\repository\SensorDataRepository.java. Using fallback presentation compiler.
2026.04.07 15:21:45 INFO  no build target found for C:\Users\carol\Desktop\PROYETOS\PROYECTO_SENSORES_FABRICA\sensores\src\main\java\com\example\sensores\repository\SensorDataRepository.java. Using fallback presentation compiler.
2026.04.07 15:21:45 INFO  no build target found for C:\Users\carol\Desktop\PROYETOS\PROYECTO_SENSORES_FABRICA\sensores\src\main\java\com\example\sensores\repository\SensorDataRepository.java. Using fallback presentation compiler.
2026.04.07 15:21:45 INFO  no build target found for C:\Users\carol\Desktop\PROYETOS\PROYECTO_SENSORES_FABRICA\sensores\src\main\java\com\example\sensores\repository\SensorDataRepository.java. Using fallback presentation compiler.
2026.04.07 15:21:45 INFO  no build target found for C:\Users\carol\Desktop\PROYETOS\PROYECTO_SENSORES_FABRICA\sensores\src\main\java\com\example\sensores\repository\SensorDataRepository.java. Using fallback presentation compiler.
2026.04.07 15:21:46 WARN  no build target for: C:\Users\carol\Desktop\PROYETOS\PROYECTO_SENSORES_FABRICA\sensores\src\main\java\com\example\sensores\repository\SensorDataRepository.java
2026.04.07 15:21:46 INFO  no build target found for C:\Users\carol\Desktop\PROYETOS\PROYECTO_SENSORES_FABRICA\sensores\src\main\java\com\example\sensores\repository\SensorDataRepository.java. Using fallback presentation compiler.
2026.04.07 15:21:55 INFO  no build target found for C:\Users\carol\Desktop\PROYETOS\PROYECTO_SENSORES_FABRICA\sensores\src\main\java\com\example\sensores\repository\SensorDataRepository.java. Using fallback presentation compiler.
2026.04.07 15:21:55 INFO  no build target found for C:\Users\carol\Desktop\PROYETOS\PROYECTO_SENSORES_FABRICA\sensores\src\main\java\com\example\sensores\repository\SensorDataRepository.java. Using fallback presentation compiler.
2026.04.07 15:21:55 INFO  no build target found for C:\Users\carol\Desktop\PROYETOS\PROYECTO_SENSORES_FABRICA\sensores\src\main\java\com\example\sensores\repository\SensorDataRepository.java. Using fallback presentation compiler.
2026.04.07 15:21:56 INFO  no build target found for C:\Users\carol\Desktop\PROYETOS\PROYECTO_SENSORES_FABRICA\sensores\src\main\java\com\example\sensores\repository\SensorDataRepository.java. Using fallback presentation compiler.
2026.04.07 15:21:56 INFO  no build target found for C:\Users\carol\Desktop\PROYETOS\PROYECTO_SENSORES_FABRICA\sensores\src\main\java\com\example\sensores\repository\SensorDataRepository.java. Using fallback presentation compiler.
2026.04.07 15:21:56 INFO  no build target found for C:\Users\carol\Desktop\PROYETOS\PROYECTO_SENSORES_FABRICA\sensores\src\main\java\com\example\sensores\repository\SensorDataRepository.java. Using fallback presentation compiler.
2026.04.07 15:22:00 INFO  no build target found for C:\Users\carol\Desktop\PROYETOS\PROYECTO_SENSORES_FABRICA\sensores\src\main\java\com\example\sensores\repository\SensorDataRepository.java. Using fallback presentation compiler.
2026.04.07 15:22:00 INFO  no build target found for C:\Users\carol\Desktop\PROYETOS\PROYECTO_SENSORES_FABRICA\sensores\src\main\java\com\example\sensores\repository\SensorDataRepository.java. Using fallback presentation compiler.
2026.04.07 15:22:08 INFO  no build target found for C:\Users\carol\Desktop\PROYETOS\PROYECTO_SENSORES_FABRICA\sensores\src\main\java\com\example\sensores\service\SensorService.java. Using fallback presentation compiler.
2026.04.07 15:22:08 WARN  no build target for: C:\Users\carol\Desktop\PROYETOS\PROYECTO_SENSORES_FABRICA\sensores\src\main\java\com\example\sensores\service\SensorService.java
abr 07, 2026 3:22:08 P. M. org.eclipse.lsp4j.jsonrpc.RemoteEndpoint handleCancellation
WARNING: Unmatched cancel notification for request id 3179
2026.04.07 15:22:08 INFO  no build target found for C:\Users\carol\Desktop\PROYETOS\PROYECTO_SENSORES_FABRICA\sensores\src\main\java\com\example\sensores\service\SensorService.java. Using fallback presentation compiler.
2026.04.07 15:22:08 INFO  no build target found for C:\Users\carol\Desktop\PROYETOS\PROYECTO_SENSORES_FABRICA\sensores\src\main\java\com\example\sensores\service\SensorService.java. Using fallback presentation compiler.
2026.04.07 15:22:08 INFO  no build target found for C:\Users\carol\Desktop\PROYETOS\PROYECTO_SENSORES_FABRICA\sensores\src\main\java\com\example\sensores\service\SensorService.java. Using fallback presentation compiler.
2026.04.07 15:22:10 INFO  no build target found for C:\Users\carol\Desktop\PROYETOS\PROYECTO_SENSORES_FABRICA\sensores\src\main\java\com\example\sensores\service\SensorService.java. Using fallback presentation compiler.
2026.04.07 15:22:10 INFO  no build target found for C:\Users\carol\Desktop\PROYETOS\PROYECTO_SENSORES_FABRICA\sensores\src\main\java\com\example\sensores\service\SensorService.java. Using fallback presentation compiler.
2026.04.07 15:22:10 INFO  no build target found for C:\Users\carol\Desktop\PROYETOS\PROYECTO_SENSORES_FABRICA\sensores\src\main\java\com\example\sensores\service\SensorService.java. Using fallback presentation compiler.
2026.04.07 15:22:10 INFO  no build target found for C:\Users\carol\Desktop\PROYETOS\PROYECTO_SENSORES_FABRICA\sensores\src\main\java\com\example\sensores\service\SensorService.java. Using fallback presentation compiler.
2026.04.07 15:22:11 INFO  no build target found for C:\Users\carol\Desktop\PROYETOS\PROYECTO_SENSORES_FABRICA\sensores\src\main\java\com\example\sensores\service\SensorService.java. Using fallback presentation compiler.
2026.04.07 15:22:11 INFO  no build target found for C:\Users\carol\Desktop\PROYETOS\PROYECTO_SENSORES_FABRICA\sensores\src\main\java\com\example\sensores\service\SensorService.java. Using fallback presentation compiler.
2026.04.07 15:22:12 WARN  no build target for: C:\Users\carol\Desktop\PROYETOS\PROYECTO_SENSORES_FABRICA\sensores\src\main\java\com\example\sensores\service\SensorService.java
2026.04.07 15:22:12 INFO  no build target found for C:\Users\carol\Desktop\PROYETOS\PROYECTO_SENSORES_FABRICA\sensores\src\main\java\com\example\sensores\service\SensorService.java. Using fallback presentation compiler.
2026.04.07 15:22:14 INFO  no build target found for C:\Users\carol\Desktop\PROYETOS\PROYECTO_SENSORES_FABRICA\sensores\src\main\java\com\example\sensores\service\serviceImpl\SensorServiceImp.java. Using fallback presentation compiler.
2026.04.07 15:22:14 WARN  no build target for: C:\Users\carol\Desktop\PROYETOS\PROYECTO_SENSORES_FABRICA\sensores\src\main\java\com\example\sensores\service\serviceImpl\SensorServiceImp.java
2026.04.07 15:22:14 INFO  no build target found for C:\Users\carol\Desktop\PROYETOS\PROYECTO_SENSORES_FABRICA\sensores\src\main\java\com\example\sensores\service\serviceImpl\SensorServiceImp.java. Using fallback presentation compiler.
2026.04.07 15:22:15 INFO  no build target found for C:\Users\carol\Desktop\PROYETOS\PROYECTO_SENSORES_FABRICA\sensores\src\main\java\com\example\sensores\service\serviceImpl\SensorServiceImp.java. Using fallback presentation compiler.
2026.04.07 15:22:14 INFO  no build target found for C:\Users\carol\Desktop\PROYETOS\PROYECTO_SENSORES_FABRICA\sensores\src\main\java\com\example\sensores\service\serviceImpl\SensorServiceImp.java. Using fallback presentation compiler.
2026.04.07 15:22:15 INFO  no build target found for C:\Users\carol\Desktop\PROYETOS\PROYECTO_SENSORES_FABRICA\sensores\src\main\java\com\example\sensores\service\serviceImpl\SensorServiceImp.java. Using fallback presentation compiler.
2026.04.07 15:22:17 INFO  no build target found for C:\Users\carol\Desktop\PROYETOS\PROYECTO_SENSORES_FABRICA\sensores\src\main\java\com\example\sensores\service\serviceImpl\SensorServiceImp.java. Using fallback presentation compiler.
2026.04.07 15:22:17 INFO  no build target found for C:\Users\carol\Desktop\PROYETOS\PROYECTO_SENSORES_FABRICA\sensores\src\main\java\com\example\sensores\service\serviceImpl\SensorServiceImp.java. Using fallback presentation compiler.
2026.04.07 15:22:20 INFO  no build target found for C:\Users\carol\Desktop\PROYETOS\PROYECTO_SENSORES_FABRICA\sensores\src\main\java\com\example\sensores\service\serviceImpl\SensorServiceImp.java. Using fallback presentation compiler.
2026.04.07 15:22:20 INFO  no build target found for C:\Users\carol\Desktop\PROYETOS\PROYECTO_SENSORES_FABRICA\sensores\src\main\java\com\example\sensores\service\serviceImpl\SensorServiceImp.java. Using fallback presentation compiler.
2026.04.07 15:22:20 INFO  no build target found for C:\Users\carol\Desktop\PROYETOS\PROYECTO_SENSORES_FABRICA\sensores\src\main\java\com\example\sensores\service\serviceImpl\SensorServiceImp.java. Using fallback presentation compiler.
2026.04.07 15:22:20 INFO  no build target found for C:\Users\carol\Desktop\PROYETOS\PROYECTO_SENSORES_FABRICA\sensores\src\main\java\com\example\sensores\service\serviceImpl\SensorServiceImp.java. Using fallback presentation compiler.
2026.04.07 15:22:20 INFO  no build target found for C:\Users\carol\Desktop\PROYETOS\PROYECTO_SENSORES_FABRICA\sensores\src\main\java\com\example\sensores\service\serviceImpl\SensorServiceImp.java. Using fallback presentation compiler.
2026.04.07 15:22:21 WARN  no build target for: C:\Users\carol\Desktop\PROYETOS\PROYECTO_SENSORES_FABRICA\sensores\src\main\java\com\example\sensores\service\serviceImpl\SensorServiceImp.java
2026.04.07 15:22:21 INFO  no build target found for C:\Users\carol\Desktop\PROYETOS\PROYECTO_SENSORES_FABRICA\sensores\src\main\java\com\example\sensores\service\serviceImpl\SensorServiceImp.java. Using fallback presentation compiler.
2026.04.07 15:22:22 INFO  no build target found for C:\Users\carol\Desktop\PROYETOS\PROYECTO_SENSORES_FABRICA\sensores\src\main\java\com\example\sensores\service\serviceImpl\SensorServiceImp.java. Using fallback presentation compiler.
abr 07, 2026 3:22:26 P. M. org.eclipse.lsp4j.jsonrpc.RemoteEndpoint handleCancellation
WARNING: Unmatched cancel notification for request id 3238
2026.04.07 15:22:27 INFO  no build target found for C:\Users\carol\Desktop\PROYETOS\PROYECTO_SENSORES_FABRICA\sensores\src\main\java\com\example\sensores\service\serviceImpl\SensorServiceImp.java. Using fallback presentation compiler.
2026.04.07 15:22:27 INFO  no build target found for C:\Users\carol\Desktop\PROYETOS\PROYECTO_SENSORES_FABRICA\sensores\src\main\java\com\example\sensores\service\serviceImpl\SensorServiceImp.java. Using fallback presentation compiler.
2026.04.07 15:22:28 INFO  no build target found for C:\Users\carol\Desktop\PROYETOS\PROYECTO_SENSORES_FABRICA\sensores\src\main\java\com\example\sensores\service\serviceImpl\SensorServiceImp.java. Using fallback presentation compiler.
2026.04.07 15:22:28 INFO  no build target found for C:\Users\carol\Desktop\PROYETOS\PROYECTO_SENSORES_FABRICA\sensores\src\main\java\com\example\sensores\service\serviceImpl\SensorServiceImp.java. Using fallback presentation compiler.
2026.04.07 15:22:28 INFO  no build target found for C:\Users\carol\Desktop\PROYETOS\PROYECTO_SENSORES_FABRICA\sensores\src\main\java\com\example\sensores\service\serviceImpl\SensorServiceImp.java. Using fallback presentation compiler.
2026.04.07 15:22:29 INFO  no build target found for C:\Users\carol\Desktop\PROYETOS\PROYECTO_SENSORES_FABRICA\sensores\src\main\java\com\example\sensores\service\serviceImpl\SensorServiceImp.java. Using fallback presentation compiler.
2026.04.07 15:22:29 INFO  no build target found for C:\Users\carol\Desktop\PROYETOS\PROYECTO_SENSORES_FABRICA\sensores\src\main\java\com\example\sensores\service\serviceImpl\SensorServiceImp.java. Using fallback presentation compiler.
2026.04.07 15:22:29 INFO  no build target found for C:\Users\carol\Desktop\PROYETOS\PROYECTO_SENSORES_FABRICA\sensores\src\main\java\com\example\sensores\service\serviceImpl\SensorServiceImp.java. Using fallback presentation compiler.
2026.04.07 15:22:29 INFO  no build target found for C:\Users\carol\Desktop\PROYETOS\PROYECTO_SENSORES_FABRICA\sensores\src\main\java\com\example\sensores\service\serviceImpl\SensorServiceImp.java. Using fallback presentation compiler.
2026.04.07 15:22:30 INFO  no build target found for C:\Users\carol\Desktop\PROYETOS\PROYECTO_SENSORES_FABRICA\sensores\src\main\java\com\example\sensores\service\serviceImpl\SensorServiceImp.java. Using fallback presentation compiler.
2026.04.07 15:22:31 INFO  no build target found for C:\Users\carol\Desktop\PROYETOS\PROYECTO_SENSORES_FABRICA\sensores\src\main\java\com\example\sensores\service\serviceImpl\SensorServiceImp.java. Using fallback presentation compiler.
2026.04.07 15:22:31 WARN  no build target for: C:\Users\carol\Desktop\PROYETOS\PROYECTO_SENSORES_FABRICA\sensores\src\main\java\com\example\sensores\service\serviceImpl\SensorServiceImp.java
2026.04.07 15:22:31 INFO  no build target found for C:\Users\carol\Desktop\PROYETOS\PROYECTO_SENSORES_FABRICA\sensores\src\main\java\com\example\sensores\service\serviceImpl\SensorServiceImp.java. Using fallback presentation compiler.
2026.04.07 15:22:31 WARN  Running javac-semanticdb failed for file:///C:/Users/carol/Desktop/PROYETOS/PROYECTO_SENSORES_FABRICA/sensores/src/main/java/com/example/sensores/service/serviceImpl/SensorServiceImp.java. Output:

2026.04.07 15:22:31 INFO  no build target found for C:\Users\carol\Desktop\PROYETOS\PROYECTO_SENSORES_FABRICA\sensores\src\main\java\com\example\sensores\service\serviceImpl\SensorServiceImp.java. Using fallback presentation compiler.
2026.04.07 15:22:31 INFO  no build target found for C:\Users\carol\Desktop\PROYETOS\PROYECTO_SENSORES_FABRICA\sensores\src\main\java\com\example\sensores\service\serviceImpl\SensorServiceImp.java. Using fallback presentation compiler.
2026.04.07 15:22:31 INFO  no build target found for C:\Users\carol\Desktop\PROYETOS\PROYECTO_SENSORES_FABRICA\sensores\src\main\java\com\example\sensores\service\serviceImpl\SensorServiceImp.java. Using fallback presentation compiler.
2026.04.07 15:22:32 INFO  no build target found for C:\Users\carol\Desktop\PROYETOS\PROYECTO_SENSORES_FABRICA\sensores\src\main\java\com\example\sensores\service\serviceImpl\SensorServiceImp.java. Using fallback presentation compiler.
2026.04.07 15:22:32 INFO  no build target found for C:\Users\carol\Desktop\PROYETOS\PROYECTO_SENSORES_FABRICA\sensores\src\main\java\com\example\sensores\service\serviceImpl\SensorServiceImp.java. Using fallback presentation compiler.
2026.04.07 15:22:32 INFO  no build target found for C:\Users\carol\Desktop\PROYETOS\PROYECTO_SENSORES_FABRICA\sensores\src\main\java\com\example\sensores\service\serviceImpl\SensorServiceImp.java. Using fallback presentation compiler.
2026.04.07 15:22:32 INFO  no build target found for C:\Users\carol\Desktop\PROYETOS\PROYECTO_SENSORES_FABRICA\sensores\src\main\java\com\example\sensores\service\serviceImpl\SensorServiceImp.java. Using fallback presentation compiler.
2026.04.07 15:22:32 INFO  no build target found for C:\Users\carol\Desktop\PROYETOS\PROYECTO_SENSORES_FABRICA\sensores\src\main\java\com\example\sensores\service\serviceImpl\SensorServiceImp.java. Using fallback presentation compiler.
2026.04.07 15:22:33 WARN  no build target for: C:\Users\carol\Desktop\PROYETOS\PROYECTO_SENSORES_FABRICA\sensores\src\main\java\com\example\sensores\service\serviceImpl\SensorServiceImp.java
2026.04.07 15:22:33 INFO  no build target found for C:\Users\carol\Desktop\PROYETOS\PROYECTO_SENSORES_FABRICA\sensores\src\main\java\com\example\sensores\service\serviceImpl\SensorServiceImp.java. Using fallback presentation compiler.
2026.04.07 15:22:33 WARN  Running javac-semanticdb failed for file:///C:/Users/carol/Desktop/PROYETOS/PROYECTO_SENSORES_FABRICA/sensores/src/main/java/com/example/sensores/service/serviceImpl/SensorServiceImp.java. Output:

2026.04.07 15:22:33 INFO  no build target found for C:\Users\carol\Desktop\PROYETOS\PROYECTO_SENSORES_FABRICA\sensores\src\main\java\com\example\sensores\service\serviceImpl\SensorServiceImp.java. Using fallback presentation compiler.
2026.04.07 15:22:33 INFO  no build target found for C:\Users\carol\Desktop\PROYETOS\PROYECTO_SENSORES_FABRICA\sensores\src\main\java\com\example\sensores\service\serviceImpl\SensorServiceImp.java. Using fallback presentation compiler.
2026.04.07 15:22:33 INFO  no build target found for C:\Users\carol\Desktop\PROYETOS\PROYECTO_SENSORES_FABRICA\sensores\src\main\java\com\example\sensores\service\serviceImpl\SensorServiceImp.java. Using fallback presentation compiler.
2026.04.07 15:22:33 INFO  no build target found for C:\Users\carol\Desktop\PROYETOS\PROYECTO_SENSORES_FABRICA\sensores\src\main\java\com\example\sensores\service\serviceImpl\SensorServiceImp.java. Using fallback presentation compiler.
2026.04.07 15:22:33 INFO  no build target found for C:\Users\carol\Desktop\PROYETOS\PROYECTO_SENSORES_FABRICA\sensores\src\main\java\com\example\sensores\service\serviceImpl\SensorServiceImp.java. Using fallback presentation compiler.
2026.04.07 15:22:33 INFO  no build target found for C:\Users\carol\Desktop\PROYETOS\PROYECTO_SENSORES_FABRICA\sensores\src\main\java\com\example\sensores\service\serviceImpl\SensorServiceImp.java. Using fallback presentation compiler.
2026.04.07 15:22:33 INFO  no build target found for C:\Users\carol\Desktop\PROYETOS\PROYECTO_SENSORES_FABRICA\sensores\src\main\java\com\example\sensores\service\serviceImpl\SensorServiceImp.java. Using fallback presentation compiler.
2026.04.07 15:22:33 INFO  no build target found for C:\Users\carol\Desktop\PROYETOS\PROYECTO_SENSORES_FABRICA\sensores\src\main\java\com\example\sensores\service\serviceImpl\SensorServiceImp.java. Using fallback presentation compiler.
2026.04.07 15:22:34 INFO  no build target found for C:\Users\carol\Desktop\PROYETOS\PROYECTO_SENSORES_FABRICA\sensores\src\main\java\com\example\sensores\service\serviceImpl\SensorServiceImp.java. Using fallback presentation compiler.
2026.04.07 15:22:34 INFO  no build target found for C:\Users\carol\Desktop\PROYETOS\PROYECTO_SENSORES_FABRICA\sensores\src\main\java\com\example\sensores\service\serviceImpl\SensorServiceImp.java. Using fallback presentation compiler.
2026.04.07 15:22:34 INFO  no build target found for C:\Users\carol\Desktop\PROYETOS\PROYECTO_SENSORES_FABRICA\sensores\src\main\java\com\example\sensores\service\serviceImpl\SensorServiceImp.java. Using fallback presentation compiler.
2026.04.07 15:22:34 INFO  no build target found for C:\Users\carol\Desktop\PROYETOS\PROYECTO_SENSORES_FABRICA\sensores\src\main\java\com\example\sensores\service\serviceImpl\SensorServiceImp.java. Using fallback presentation compiler.
2026.04.07 15:22:35 WARN  no build target for: C:\Users\carol\Desktop\PROYETOS\PROYECTO_SENSORES_FABRICA\sensores\src\main\java\com\example\sensores\service\serviceImpl\SensorServiceImp.java
2026.04.07 15:22:35 INFO  no build target found for C:\Users\carol\Desktop\PROYETOS\PROYECTO_SENSORES_FABRICA\sensores\src\main\java\com\example\sensores\service\serviceImpl\SensorServiceImp.java. Using fallback presentation compiler.
2026.04.07 15:22:35 WARN  Running javac-semanticdb failed for file:///C:/Users/carol/Desktop/PROYETOS/PROYECTO_SENSORES_FABRICA/sensores/src/main/java/com/example/sensores/service/serviceImpl/SensorServiceImp.java. Output:

2026.04.07 15:22:36 INFO  no build target found for C:\Users\carol\Desktop\PROYETOS\PROYECTO_SENSORES_FABRICA\sensores\src\main\java\com\example\sensores\service\serviceImpl\SensorServiceImp.java. Using fallback presentation compiler.
2026.04.07 15:22:37 INFO  no build target found for C:\Users\carol\Desktop\PROYETOS\PROYECTO_SENSORES_FABRICA\sensores\src\main\java\com\example\sensores\service\serviceImpl\SensorServiceImp.java. Using fallback presentation compiler.
2026.04.07 15:22:37 INFO  no build target found for C:\Users\carol\Desktop\PROYETOS\PROYECTO_SENSORES_FABRICA\sensores\src\main\java\com\example\sensores\service\serviceImpl\SensorServiceImp.java. Using fallback presentation compiler.
2026.04.07 15:22:37 INFO  no build target found for C:\Users\carol\Desktop\PROYETOS\PROYECTO_SENSORES_FABRICA\sensores\src\main\java\com\example\sensores\service\serviceImpl\SensorServiceImp.java. Using fallback presentation compiler.
2026.04.07 15:22:38 INFO  no build target found for C:\Users\carol\Desktop\PROYETOS\PROYECTO_SENSORES_FABRICA\sensores\src\main\java\com\example\sensores\service\serviceImpl\SensorServiceImp.java. Using fallback presentation compiler.
2026.04.07 15:22:37 INFO  no build target found for C:\Users\carol\Desktop\PROYETOS\PROYECTO_SENSORES_FABRICA\sensores\src\main\java\com\example\sensores\service\serviceImpl\SensorServiceImp.java. Using fallback presentation compiler.
2026.04.07 15:22:37 INFO  no build target found for C:\Users\carol\Desktop\PROYETOS\PROYECTO_SENSORES_FABRICA\sensores\src\main\java\com\example\sensores\service\serviceImpl\SensorServiceImp.java. Using fallback presentation compiler.
2026.04.07 15:22:38 INFO  no build target found for C:\Users\carol\Desktop\PROYETOS\PROYECTO_SENSORES_FABRICA\sensores\src\main\java\com\example\sensores\service\serviceImpl\SensorServiceImp.java. Using fallback presentation compiler.
2026.04.07 15:22:37 INFO  no build target found for C:\Users\carol\Desktop\PROYETOS\PROYECTO_SENSORES_FABRICA\sensores\src\main\java\com\example\sensores\service\serviceImpl\SensorServiceImp.java. Using fallback presentation compiler.
2026.04.07 15:22:39 INFO  no build target found for C:\Users\carol\Desktop\PROYETOS\PROYECTO_SENSORES_FABRICA\sensores\src\main\java\com\example\sensores\service\serviceImpl\SensorServiceImp.java. Using fallback presentation compiler.
2026.04.07 15:22:39 WARN  no build target for: C:\Users\carol\Desktop\PROYETOS\PROYECTO_SENSORES_FABRICA\sensores\src\main\java\com\example\sensores\service\serviceImpl\SensorServiceImp.java
2026.04.07 15:22:39 INFO  no build target found for C:\Users\carol\Desktop\PROYETOS\PROYECTO_SENSORES_FABRICA\sensores\src\main\java\com\example\sensores\service\serviceImpl\SensorServiceImp.java. Using fallback presentation compiler.
2026.04.07 15:22:39 WARN  Running javac-semanticdb failed for file:///C:/Users/carol/Desktop/PROYETOS/PROYECTO_SENSORES_FABRICA/sensores/src/main/java/com/example/sensores/service/serviceImpl/SensorServiceImp.java. Output:

2026.04.07 15:22:39 INFO  no build target found for C:\Users\carol\Desktop\PROYETOS\PROYECTO_SENSORES_FABRICA\sensores\src\main\java\com\example\sensores\service\serviceImpl\SensorServiceImp.java. Using fallback presentation compiler.
2026.04.07 15:22:39 INFO  no build target found for C:\Users\carol\Desktop\PROYETOS\PROYECTO_SENSORES_FABRICA\sensores\src\main\java\com\example\sensores\service\serviceImpl\SensorServiceImp.java. Using fallback presentation compiler.
2026.04.07 15:22:39 INFO  no build target found for C:\Users\carol\Desktop\PROYETOS\PROYECTO_SENSORES_FABRICA\sensores\src\main\java\com\example\sensores\service\serviceImpl\SensorServiceImp.java. Using fallback presentation compiler.
2026.04.07 15:22:40 WARN  no build target for: C:\Users\carol\Desktop\PROYETOS\PROYECTO_SENSORES_FABRICA\sensores\src\main\java\com\example\sensores\service\serviceImpl\SensorServiceImp.java
2026.04.07 15:22:40 INFO  no build target found for C:\Users\carol\Desktop\PROYETOS\PROYECTO_SENSORES_FABRICA\sensores\src\main\java\com\example\sensores\service\serviceImpl\SensorServiceImp.java. Using fallback presentation compiler.
2026.04.07 15:22:40 WARN  Running javac-semanticdb failed for file:///C:/Users/carol/Desktop/PROYETOS/PROYECTO_SENSORES_FABRICA/sensores/src/main/java/com/example/sensores/service/serviceImpl/SensorServiceImp.java. Output:

2026.04.07 15:22:40 INFO  no build target found for C:\Users\carol\Desktop\PROYETOS\PROYECTO_SENSORES_FABRICA\sensores\src\main\java\com\example\sensores\service\serviceImpl\SensorServiceImp.java. Using fallback presentation compiler.
2026.04.07 15:22:40 INFO  no build target found for C:\Users\carol\Desktop\PROYETOS\PROYECTO_SENSORES_FABRICA\sensores\src\main\java\com\example\sensores\service\serviceImpl\SensorServiceImp.java. Using fallback presentation compiler.
2026.04.07 15:22:41 INFO  no build target found for C:\Users\carol\Desktop\PROYETOS\PROYECTO_SENSORES_FABRICA\sensores\src\main\java\com\example\sensores\service\serviceImpl\SensorServiceImp.java. Using fallback presentation compiler.
2026.04.07 15:22:41 INFO  no build target found for C:\Users\carol\Desktop\PROYETOS\PROYECTO_SENSORES_FABRICA\sensores\src\main\java\com\example\sensores\service\serviceImpl\SensorServiceImp.java. Using fallback presentation compiler.
2026.04.07 15:22:41 INFO  no build target found for C:\Users\carol\Desktop\PROYETOS\PROYECTO_SENSORES_FABRICA\sensores\src\main\java\com\example\sensores\service\serviceImpl\SensorServiceImp.java. Using fallback presentation compiler.
2026.04.07 15:22:41 INFO  no build target found for C:\Users\carol\Desktop\PROYETOS\PROYECTO_SENSORES_FABRICA\sensores\src\main\java\com\example\sensores\service\serviceImpl\SensorServiceImp.java. Using fallback presentation compiler.
2026.04.07 15:22:41 INFO  no build target found for C:\Users\carol\Desktop\PROYETOS\PROYECTO_SENSORES_FABRICA\sensores\src\main\java\com\example\sensores\service\serviceImpl\SensorServiceImp.java. Using fallback presentation compiler.
2026.04.07 15:22:42 INFO  no build target found for C:\Users\carol\Desktop\PROYETOS\PROYECTO_SENSORES_FABRICA\sensores\src\main\java\com\example\sensores\service\serviceImpl\SensorServiceImp.java. Using fallback presentation compiler.
2026.04.07 15:22:43 INFO  no build target found for C:\Users\carol\Desktop\PROYETOS\PROYECTO_SENSORES_FABRICA\sensores\src\main\java\com\example\sensores\service\serviceImpl\SensorServiceImp.java. Using fallback presentation compiler.
2026.04.07 15:22:43 WARN  no build target for: C:\Users\carol\Desktop\PROYETOS\PROYECTO_SENSORES_FABRICA\sensores\src\main\java\com\example\sensores\service\serviceImpl\SensorServiceImp.java
2026.04.07 15:22:43 INFO  no build target found for C:\Users\carol\Desktop\PROYETOS\PROYECTO_SENSORES_FABRICA\sensores\src\main\java\com\example\sensores\service\serviceImpl\SensorServiceImp.java. Using fallback presentation compiler.
2026.04.07 15:22:43 WARN  Running javac-semanticdb failed for file:///C:/Users/carol/Desktop/PROYETOS/PROYECTO_SENSORES_FABRICA/sensores/src/main/java/com/example/sensores/service/serviceImpl/SensorServiceImp.java. Output:

2026.04.07 15:22:44 INFO  no build target found for C:\Users\carol\Desktop\PROYETOS\PROYECTO_SENSORES_FABRICA\sensores\src\main\java\com\example\sensores\service\serviceImpl\SensorServiceImp.java. Using fallback presentation compiler.
2026.04.07 15:22:45 INFO  no build target found for C:\Users\carol\Desktop\PROYETOS\PROYECTO_SENSORES_FABRICA\sensores\src\main\java\com\example\sensores\service\serviceImpl\SensorServiceImp.java. Using fallback presentation compiler.
2026.04.07 15:22:45 INFO  no build target found for C:\Users\carol\Desktop\PROYETOS\PROYECTO_SENSORES_FABRICA\sensores\src\main\java\com\example\sensores\service\serviceImpl\SensorServiceImp.java. Using fallback presentation compiler.
2026.04.07 15:22:46 INFO  no build target found for C:\Users\carol\Desktop\PROYETOS\PROYECTO_SENSORES_FABRICA\sensores\src\main\java\com\example\sensores\service\serviceImpl\SensorServiceImp.java. Using fallback presentation compiler.
2026.04.07 15:22:45 INFO  no build target found for C:\Users\carol\Desktop\PROYETOS\PROYECTO_SENSORES_FABRICA\sensores\src\main\java\com\example\sensores\service\serviceImpl\SensorServiceImp.java. Using fallback presentation compiler.
2026.04.07 15:22:45 INFO  no build target found for C:\Users\carol\Desktop\PROYETOS\PROYECTO_SENSORES_FABRICA\sensores\src\main\java\com\example\sensores\service\serviceImpl\SensorServiceImp.java. Using fallback presentation compiler.
2026.04.07 15:22:45 INFO  no build target found for C:\Users\carol\Desktop\PROYETOS\PROYECTO_SENSORES_FABRICA\sensores\src\main\java\com\example\sensores\service\serviceImpl\SensorServiceImp.java. Using fallback presentation compiler.
2026.04.07 15:22:46 INFO  no build target found for C:\Users\carol\Desktop\PROYETOS\PROYECTO_SENSORES_FABRICA\sensores\src\main\java\com\example\sensores\service\serviceImpl\SensorServiceImp.java. Using fallback presentation compiler.
2026.04.07 15:22:46 INFO  no build target found for C:\Users\carol\Desktop\PROYETOS\PROYECTO_SENSORES_FABRICA\sensores\src\main\java\com\example\sensores\service\serviceImpl\SensorServiceImp.java. Using fallback presentation compiler.
2026.04.07 15:22:46 INFO  no build target found for C:\Users\carol\Desktop\PROYETOS\PROYECTO_SENSORES_FABRICA\sensores\src\main\java\com\example\sensores\service\serviceImpl\SensorServiceImp.java. Using fallback presentation compiler.
2026.04.07 15:22:47 WARN  no build target for: C:\Users\carol\Desktop\PROYETOS\PROYECTO_SENSORES_FABRICA\sensores\src\main\java\com\example\sensores\service\serviceImpl\SensorServiceImp.java
2026.04.07 15:22:47 INFO  no build target found for C:\Users\carol\Desktop\PROYETOS\PROYECTO_SENSORES_FABRICA\sensores\src\main\java\com\example\sensores\service\serviceImpl\SensorServiceImp.java. Using fallback presentation compiler.
2026.04.07 15:22:47 WARN  Running javac-semanticdb failed for file:///C:/Users/carol/Desktop/PROYETOS/PROYECTO_SENSORES_FABRICA/sensores/src/main/java/com/example/sensores/service/serviceImpl/SensorServiceImp.java. Output:

2026.04.07 15:22:48 INFO  no build target found for C:\Users\carol\Desktop\PROYETOS\PROYECTO_SENSORES_FABRICA\sensores\src\main\java\com\example\sensores\service\serviceImpl\SensorServiceImp.java. Using fallback presentation compiler.
2026.04.07 15:22:48 INFO  no build target found for C:\Users\carol\Desktop\PROYETOS\PROYECTO_SENSORES_FABRICA\sensores\src\main\java\com\example\sensores\service\serviceImpl\SensorServiceImp.java. Using fallback presentation compiler.
2026.04.07 15:22:48 INFO  no build target found for C:\Users\carol\Desktop\PROYETOS\PROYECTO_SENSORES_FABRICA\sensores\src\main\java\com\example\sensores\service\serviceImpl\SensorServiceImp.java. Using fallback presentation compiler.
2026.04.07 15:22:48 INFO  no build target found for C:\Users\carol\Desktop\PROYETOS\PROYECTO_SENSORES_FABRICA\sensores\src\main\java\com\example\sensores\service\serviceImpl\SensorServiceImp.java. Using fallback presentation compiler.
2026.04.07 15:22:49 WARN  no build target for: C:\Users\carol\Desktop\PROYETOS\PROYECTO_SENSORES_FABRICA\sensores\src\main\java\com\example\sensores\service\serviceImpl\SensorServiceImp.java
2026.04.07 15:22:49 INFO  no build target found for C:\Users\carol\Desktop\PROYETOS\PROYECTO_SENSORES_FABRICA\sensores\src\main\java\com\example\sensores\service\serviceImpl\SensorServiceImp.java. Using fallback presentation compiler.
2026.04.07 15:22:51 INFO  no build target found for C:\Users\carol\Desktop\PROYETOS\PROYECTO_SENSORES_FABRICA\sensores\src\main\java\com\example\sensores\controller\mvc\SensorMvcController.java. Using fallback presentation compiler.
2026.04.07 15:22:51 WARN  no build target for: C:\Users\carol\Desktop\PROYETOS\PROYECTO_SENSORES_FABRICA\sensores\src\main\java\com\example\sensores\controller\mvc\SensorMvcController.java
2026.04.07 15:22:51 INFO  no build target found for C:\Users\carol\Desktop\PROYETOS\PROYECTO_SENSORES_FABRICA\sensores\src\main\java\com\example\sensores\controller\mvc\SensorMvcController.java. Using fallback presentation compiler.
2026.04.07 15:22:51 INFO  no build target found for C:\Users\carol\Desktop\PROYETOS\PROYECTO_SENSORES_FABRICA\sensores\src\main\java\com\example\sensores\controller\mvc\SensorMvcController.java. Using fallback presentation compiler.
2026.04.07 15:22:51 INFO  no build target found for C:\Users\carol\Desktop\PROYETOS\PROYECTO_SENSORES_FABRICA\sensores\src\main\java\com\example\sensores\controller\mvc\SensorMvcController.java. Using fallback presentation compiler.
2026.04.07 15:22:51 INFO  no build target found for C:\Users\carol\Desktop\PROYETOS\PROYECTO_SENSORES_FABRICA\sensores\src\main\java\com\example\sensores\controller\mvc\SensorMvcController.java. Using fallback presentation compiler.
2026.04.07 15:23:28 INFO  no build target found for C:\Users\carol\Desktop\PROYETOS\PROYECTO_SENSORES_FABRICA\sensores\src\main\java\com\example\sensores\controller\mvc\SensorMvcController.java. Using fallback presentation compiler.
2026.04.07 15:24:18 INFO  no build target found for C:\Users\carol\Desktop\PROYETOS\PROYECTO_SENSORES_FABRICA\sensores\src\main\java\com\example\sensores\controller\mvc\SensorMvcController.java. Using fallback presentation compiler.
2026.04.07 15:24:41 INFO  no build target found for C:\Users\carol\Desktop\PROYETOS\PROYECTO_SENSORES_FABRICA\sensores\src\main\java\com\example\sensores\controller\mvc\SensorMvcController.java. Using fallback presentation compiler.
2026.04.07 15:24:41 INFO  no build target found for C:\Users\carol\Desktop\PROYETOS\PROYECTO_SENSORES_FABRICA\sensores\src\main\java\com\example\sensores\controller\mvc\SensorMvcController.java. Using fallback presentation compiler.
2026.04.07 15:24:43 INFO  no build target found for C:\Users\carol\Desktop\PROYETOS\PROYECTO_SENSORES_FABRICA\sensores\src\main\java\com\example\sensores\controller\mvc\SensorMvcController.java. Using fallback presentation compiler.
2026.04.07 15:24:43 INFO  no build target found for C:\Users\carol\Desktop\PROYETOS\PROYECTO_SENSORES_FABRICA\sensores\src\main\java\com\example\sensores\controller\mvc\SensorMvcController.java. Using fallback presentation compiler.
2026.04.07 15:24:43 INFO  no build target found for C:\Users\carol\Desktop\PROYETOS\PROYECTO_SENSORES_FABRICA\sensores\src\main\java\com\example\sensores\controller\mvc\SensorMvcController.java. Using fallback presentation compiler.
2026.04.07 15:24:43 INFO  no build target found for C:\Users\carol\Desktop\PROYETOS\PROYECTO_SENSORES_FABRICA\sensores\src\main\java\com\example\sensores\controller\mvc\SensorMvcController.java. Using fallback presentation compiler.
2026.04.07 15:24:43 INFO  no build target found for C:\Users\carol\Desktop\PROYETOS\PROYECTO_SENSORES_FABRICA\sensores\src\main\java\com\example\sensores\controller\mvc\SensorMvcController.java. Using fallback presentation compiler.
2026.04.07 15:24:44 INFO  no build target found for C:\Users\carol\Desktop\PROYETOS\PROYECTO_SENSORES_FABRICA\sensores\src\main\java\com\example\sensores\controller\mvc\SensorMvcController.java. Using fallback presentation compiler.
2026.04.07 15:24:44 INFO  no build target found for C:\Users\carol\Desktop\PROYETOS\PROYECTO_SENSORES_FABRICA\sensores\src\main\java\com\example\sensores\controller\mvc\SensorMvcController.java. Using fallback presentation compiler.
2026.04.07 15:24:44 INFO  no build target found for C:\Users\carol\Desktop\PROYETOS\PROYECTO_SENSORES_FABRICA\sensores\src\main\java\com\example\sensores\controller\mvc\SensorMvcController.java. Using fallback presentation compiler.
2026.04.07 15:24:49 INFO  no build target found for C:\Users\carol\Desktop\PROYETOS\PROYECTO_SENSORES_FABRICA\sensores\src\main\java\com\example\sensores\controller\mvc\SensorMvcController.java. Using fallback presentation compiler.
2026.04.07 15:24:49 INFO  no build target found for C:\Users\carol\Desktop\PROYETOS\PROYECTO_SENSORES_FABRICA\sensores\src\main\java\com\example\sensores\controller\mvc\SensorMvcController.java. Using fallback presentation compiler.
2026.04.07 15:24:58 INFO  no build target found for C:\Users\carol\Desktop\PROYETOS\PROYECTO_SENSORES_FABRICA\sensores\src\main\java\com\example\sensores\controller\mvc\SensorMvcController.java. Using fallback presentation compiler.
2026.04.07 15:24:58 INFO  no build target found for C:\Users\carol\Desktop\PROYETOS\PROYECTO_SENSORES_FABRICA\sensores\src\main\java\com\example\sensores\controller\mvc\SensorMvcController.java. Using fallback presentation compiler.
2026.04.07 15:24:58 INFO  no build target found for C:\Users\carol\Desktop\PROYETOS\PROYECTO_SENSORES_FABRICA\sensores\src\main\java\com\example\sensores\controller\mvc\SensorMvcController.java. Using fallback presentation compiler.
2026.04.07 15:24:58 INFO  no build target found for C:\Users\carol\Desktop\PROYETOS\PROYECTO_SENSORES_FABRICA\sensores\src\main\java\com\example\sensores\controller\mvc\SensorMvcController.java. Using fallback presentation compiler.
2026.04.07 15:24:58 INFO  no build target found for C:\Users\carol\Desktop\PROYETOS\PROYECTO_SENSORES_FABRICA\sensores\src\main\java\com\example\sensores\controller\mvc\SensorMvcController.java. Using fallback presentation compiler.
2026.04.07 15:24:58 INFO  no build target found for C:\Users\carol\Desktop\PROYETOS\PROYECTO_SENSORES_FABRICA\sensores\src\main\java\com\example\sensores\controller\mvc\SensorMvcController.java. Using fallback presentation compiler.
2026.04.07 15:24:58 INFO  no build target found for C:\Users\carol\Desktop\PROYETOS\PROYECTO_SENSORES_FABRICA\sensores\src\main\java\com\example\sensores\controller\mvc\SensorMvcController.java. Using fallback presentation compiler.
2026.04.07 15:24:58 INFO  no build target found for C:\Users\carol\Desktop\PROYETOS\PROYECTO_SENSORES_FABRICA\sensores\src\main\java\com\example\sensores\controller\mvc\SensorMvcController.java. Using fallback presentation compiler.
2026.04.07 15:24:58 INFO  no build target found for C:\Users\carol\Desktop\PROYETOS\PROYECTO_SENSORES_FABRICA\sensores\src\main\java\com\example\sensores\controller\mvc\SensorMvcController.java. Using fallback presentation compiler.
2026.04.07 15:24:58 INFO  no build target found for C:\Users\carol\Desktop\PROYETOS\PROYECTO_SENSORES_FABRICA\sensores\src\main\java\com\example\sensores\controller\mvc\SensorMvcController.java. Using fallback presentation compiler.
2026.04.07 15:24:58 INFO  no build target found for C:\Users\carol\Desktop\PROYETOS\PROYECTO_SENSORES_FABRICA\sensores\src\main\java\com\example\sensores\controller\mvc\SensorMvcController.java. Using fallback presentation compiler.
2026.04.07 15:25:00 INFO  no build target found for C:\Users\carol\Desktop\PROYETOS\PROYECTO_SENSORES_FABRICA\sensores\src\main\java\com\example\sensores\controller\mvc\SensorMvcController.java. Using fallback presentation compiler.
2026.04.07 15:25:00 INFO  no build target found for C:\Users\carol\Desktop\PROYETOS\PROYECTO_SENSORES_FABRICA\sensores\src\main\java\com\example\sensores\controller\mvc\SensorMvcController.java. Using fallback presentation compiler.
2026.04.07 15:25:00 INFO  no build target found for C:\Users\carol\Desktop\PROYETOS\PROYECTO_SENSORES_FABRICA\sensores\src\main\java\com\example\sensores\controller\mvc\SensorMvcController.java. Using fallback presentation compiler.
2026.04.07 15:25:01 INFO  no build target found for C:\Users\carol\Desktop\PROYETOS\PROYECTO_SENSORES_FABRICA\sensores\src\main\java\com\example\sensores\controller\mvc\SensorMvcController.java. Using fallback presentation compiler.
2026.04.07 15:25:01 INFO  no build target found for C:\Users\carol\Desktop\PROYETOS\PROYECTO_SENSORES_FABRICA\sensores\src\main\java\com\example\sensores\controller\mvc\SensorMvcController.java. Using fallback presentation compiler.
2026.04.07 15:25:01 INFO  no build target found for C:\Users\carol\Desktop\PROYETOS\PROYECTO_SENSORES_FABRICA\sensores\src\main\java\com\example\sensores\controller\mvc\SensorMvcController.java. Using fallback presentation compiler.
2026.04.07 15:25:01 INFO  no build target found for C:\Users\carol\Desktop\PROYETOS\PROYECTO_SENSORES_FABRICA\sensores\src\main\java\com\example\sensores\controller\mvc\SensorMvcController.java. Using fallback presentation compiler.
2026.04.07 15:25:03 INFO  no build target found for C:\Users\carol\Desktop\PROYETOS\PROYECTO_SENSORES_FABRICA\sensores\src\main\java\com\example\sensores\controller\mvc\SensorMvcController.java. Using fallback presentation compiler.
2026.04.07 15:25:03 INFO  no build target found for C:\Users\carol\Desktop\PROYETOS\PROYECTO_SENSORES_FABRICA\sensores\src\main\java\com\example\sensores\controller\mvc\SensorMvcController.java. Using fallback presentation compiler.
2026.04.07 15:25:03 INFO  no build target found for C:\Users\carol\Desktop\PROYETOS\PROYECTO_SENSORES_FABRICA\sensores\src\main\java\com\example\sensores\controller\mvc\SensorMvcController.java. Using fallback presentation compiler.
2026.04.07 15:25:03 INFO  no build target found for C:\Users\carol\Desktop\PROYETOS\PROYECTO_SENSORES_FABRICA\sensores\src\main\java\com\example\sensores\controller\mvc\SensorMvcController.java. Using fallback presentation compiler.
2026.04.07 15:25:04 INFO  no build target found for C:\Users\carol\Desktop\PROYETOS\PROYECTO_SENSORES_FABRICA\sensores\src\main\java\com\example\sensores\controller\mvc\SensorMvcController.java. Using fallback presentation compiler.
2026.04.07 15:25:04 INFO  no build target found for C:\Users\carol\Desktop\PROYETOS\PROYECTO_SENSORES_FABRICA\sensores\src\main\java\com\example\sensores\controller\mvc\SensorMvcController.java. Using fallback presentation compiler.
2026.04.07 15:25:20 INFO  no build target found for C:\Users\carol\Desktop\PROYETOS\PROYECTO_SENSORES_FABRICA\sensores\src\main\java\com\example\sensores\controller\mvc\SensorMvcController.java. Using fallback presentation compiler.
2026.04.07 15:25:20 WARN  no build target for: C:\Users\carol\Desktop\PROYETOS\PROYECTO_SENSORES_FABRICA\sensores\src\main\java\com\example\sensores\controller\mvc\SensorMvcController.java
2026.04.07 15:25:20 INFO  no build target found for C:\Users\carol\Desktop\PROYETOS\PROYECTO_SENSORES_FABRICA\sensores\src\main\java\com\example\sensores\controller\mvc\SensorMvcController.java. Using fallback presentation compiler.
2026.04.07 15:25:20 INFO  no build target found for C:\Users\carol\Desktop\PROYETOS\PROYECTO_SENSORES_FABRICA\sensores\src\main\java\com\example\sensores\controller\mvc\SensorMvcController.java. Using fallback presentation compiler.
2026.04.07 15:25:20 INFO  no build target found for C:\Users\carol\Desktop\PROYETOS\PROYECTO_SENSORES_FABRICA\sensores\src\main\java\com\example\sensores\controller\mvc\SensorMvcController.java. Using fallback presentation compiler.
2026.04.07 15:25:20 INFO  no build target found for C:\Users\carol\Desktop\PROYETOS\PROYECTO_SENSORES_FABRICA\sensores\src\main\java\com\example\sensores\controller\mvc\SensorMvcController.java. Using fallback presentation compiler.
2026.04.07 15:25:20 INFO  no build target found for C:\Users\carol\Desktop\PROYETOS\PROYECTO_SENSORES_FABRICA\sensores\src\main\java\com\example\sensores\controller\mvc\SensorMvcController.java. Using fallback presentation compiler.
2026.04.07 15:25:22 INFO  no build target found for C:\Users\carol\Desktop\PROYETOS\PROYECTO_SENSORES_FABRICA\sensores\src\main\java\com\example\sensores\controller\mvc\SensorMvcController.java. Using fallback presentation compiler.
2026.04.07 15:25:22 INFO  no build target found for C:\Users\carol\Desktop\PROYETOS\PROYECTO_SENSORES_FABRICA\sensores\src\main\java\com\example\sensores\controller\mvc\SensorMvcController.java. Using fallback presentation compiler.
2026.04.07 15:25:23 INFO  no build target found for C:\Users\carol\Desktop\PROYETOS\PROYECTO_SENSORES_FABRICA\sensores\src\main\java\com\example\sensores\controller\mvc\SensorMvcController.java. Using fallback presentation compiler.
2026.04.07 15:25:23 INFO  no build target found for C:\Users\carol\Desktop\PROYETOS\PROYECTO_SENSORES_FABRICA\sensores\src\main\java\com\example\sensores\controller\mvc\SensorMvcController.java. Using fallback presentation compiler.
2026.04.07 15:25:23 INFO  no build target found for C:\Users\carol\Desktop\PROYETOS\PROYECTO_SENSORES_FABRICA\sensores\src\main\java\com\example\sensores\controller\mvc\SensorMvcController.java. Using fallback presentation compiler.
2026.04.07 15:25:23 INFO  no build target found for C:\Users\carol\Desktop\PROYETOS\PROYECTO_SENSORES_FABRICA\sensores\src\main\java\com\example\sensores\controller\mvc\SensorMvcController.java. Using fallback presentation compiler.
2026.04.07 15:25:23 INFO  no build target found for C:\Users\carol\Desktop\PROYETOS\PROYECTO_SENSORES_FABRICA\sensores\src\main\java\com\example\sensores\controller\mvc\SensorMvcController.java. Using fallback presentation compiler.
2026.04.07 15:25:24 INFO  no build target found for C:\Users\carol\Desktop\PROYETOS\PROYECTO_SENSORES_FABRICA\sensores\src\main\java\com\example\sensores\controller\mvc\SensorMvcController.java. Using fallback presentation compiler.
2026.04.07 15:25:24 INFO  no build target found for C:\Users\carol\Desktop\PROYETOS\PROYECTO_SENSORES_FABRICA\sensores\src\main\java\com\example\sensores\controller\mvc\SensorMvcController.java. Using fallback presentation compiler.
2026.04.07 15:27:07 INFO  no build target found for C:\Users\carol\Desktop\PROYETOS\PROYECTO_SENSORES_FABRICA\sensores\src\main\java\com\example\sensores\repository\SensorDataRepository.java. Using fallback presentation compiler.
2026.04.07 15:27:07 WARN  no build target for: C:\Users\carol\Desktop\PROYETOS\PROYECTO_SENSORES_FABRICA\sensores\src\main\java\com\example\sensores\repository\SensorDataRepository.java
2026.04.07 15:27:07 INFO  no build target found for C:\Users\carol\Desktop\PROYETOS\PROYECTO_SENSORES_FABRICA\sensores\src\main\java\com\example\sensores\repository\SensorDataRepository.java. Using fallback presentation compiler.
2026.04.07 15:27:07 INFO  no build target found for C:\Users\carol\Desktop\PROYETOS\PROYECTO_SENSORES_FABRICA\sensores\src\main\java\com\example\sensores\repository\SensorDataRepository.java. Using fallback presentation compiler.
2026.04.07 15:27:07 INFO  no build target found for C:\Users\carol\Desktop\PROYETOS\PROYECTO_SENSORES_FABRICA\sensores\src\main\java\com\example\sensores\repository\SensorDataRepository.java. Using fallback presentation compiler.
2026.04.07 15:27:09 INFO  no build target found for C:\Users\carol\Desktop\PROYETOS\PROYECTO_SENSORES_FABRICA\sensores\src\main\java\com\example\sensores\repository\SensorDataRepository.java. Using fallback presentation compiler.
2026.04.07 15:27:09 INFO  no build target found for C:\Users\carol\Desktop\PROYETOS\PROYECTO_SENSORES_FABRICA\sensores\src\main\java\com\example\sensores\repository\SensorDataRepository.java. Using fallback presentation compiler.
2026.04.07 15:27:09 INFO  no build target found for C:\Users\carol\Desktop\PROYETOS\PROYECTO_SENSORES_FABRICA\sensores\src\main\java\com\example\sensores\repository\SensorDataRepository.java. Using fallback presentation compiler.
2026.04.07 15:27:10 INFO  no build target found for C:\Users\carol\Desktop\PROYETOS\PROYECTO_SENSORES_FABRICA\sensores\src\main\java\com\example\sensores\repository\SensorDataRepository.java. Using fallback presentation compiler.
2026.04.07 15:27:10 INFO  no build target found for C:\Users\carol\Desktop\PROYETOS\PROYECTO_SENSORES_FABRICA\sensores\src\main\java\com\example\sensores\repository\SensorDataRepository.java. Using fallback presentation compiler.
2026.04.07 15:27:10 INFO  no build target found for C:\Users\carol\Desktop\PROYETOS\PROYECTO_SENSORES_FABRICA\sensores\src\main\java\com\example\sensores\repository\SensorDataRepository.java. Using fallback presentation compiler.
2026.04.07 15:27:12 INFO  no build target found for C:\Users\carol\Desktop\PROYETOS\PROYECTO_SENSORES_FABRICA\sensores\src\main\java\com\example\sensores\repository\SensorDataRepository.java. Using fallback presentation compiler.
2026.04.07 15:27:12 INFO  no build target found for C:\Users\carol\Desktop\PROYETOS\PROYECTO_SENSORES_FABRICA\sensores\src\main\java\com\example\sensores\repository\SensorDataRepository.java. Using fallback presentation compiler.
2026.04.07 15:27:12 INFO  no build target found for C:\Users\carol\Desktop\PROYETOS\PROYECTO_SENSORES_FABRICA\sensores\src\main\java\com\example\sensores\repository\SensorDataRepository.java. Using fallback presentation compiler.
2026.04.07 15:27:12 INFO  no build target found for C:\Users\carol\Desktop\PROYETOS\PROYECTO_SENSORES_FABRICA\sensores\src\main\java\com\example\sensores\repository\SensorDataRepository.java. Using fallback presentation compiler.
2026.04.07 15:27:13 INFO  no build target found for C:\Users\carol\Desktop\PROYETOS\PROYECTO_SENSORES_FABRICA\sensores\src\main\java\com\example\sensores\repository\SensorDataRepository.java. Using fallback presentation compiler.
2026.04.07 15:27:12 INFO  no build target found for C:\Users\carol\Desktop\PROYETOS\PROYECTO_SENSORES_FABRICA\sensores\src\main\java\com\example\sensores\repository\SensorDataRepository.java. Using fallback presentation compiler.
2026.04.07 15:27:13 INFO  no build target found for C:\Users\carol\Desktop\PROYETOS\PROYECTO_SENSORES_FABRICA\sensores\src\main\java\com\example\sensores\repository\SensorDataRepository.java. Using fallback presentation compiler.
2026.04.07 15:27:14 INFO  no build target found for C:\Users\carol\Desktop\PROYETOS\PROYECTO_SENSORES_FABRICA\sensores\src\main\java\com\example\sensores\repository\SensorDataRepository.java. Using fallback presentation compiler.
2026.04.07 15:27:14 INFO  no build target found for C:\Users\carol\Desktop\PROYETOS\PROYECTO_SENSORES_FABRICA\sensores\src\main\java\com\example\sensores\repository\SensorDataRepository.java. Using fallback presentation compiler.
2026.04.07 15:27:14 INFO  no build target found for C:\Users\carol\Desktop\PROYETOS\PROYECTO_SENSORES_FABRICA\sensores\src\main\java\com\example\sensores\repository\SensorDataRepository.java. Using fallback presentation compiler.
2026.04.07 15:27:14 WARN  no build target for: C:\Users\carol\Desktop\PROYETOS\PROYECTO_SENSORES_FABRICA\sensores\src\main\java\com\example\sensores\repository\SensorDataRepository.java
2026.04.07 15:27:14 INFO  no build target found for C:\Users\carol\Desktop\PROYETOS\PROYECTO_SENSORES_FABRICA\sensores\src\main\java\com\example\sensores\repository\SensorDataRepository.java. Using fallback presentation compiler.
2026.04.07 15:27:15 INFO  no build target found for C:\Users\carol\Desktop\PROYETOS\PROYECTO_SENSORES_FABRICA\sensores\src\main\java\com\example\sensores\repository\SensorDataRepository.java. Using fallback presentation compiler.
2026.04.07 15:27:15 INFO  no build target found for C:\Users\carol\Desktop\PROYETOS\PROYECTO_SENSORES_FABRICA\sensores\src\main\java\com\example\sensores\repository\SensorDataRepository.java. Using fallback presentation compiler.
2026.04.07 15:27:16 INFO  no build target found for C:\Users\carol\Desktop\PROYETOS\PROYECTO_SENSORES_FABRICA\sensores\src\main\java\com\example\sensores\repository\SensorDataRepository.java. Using fallback presentation compiler.
2026.04.07 15:27:18 INFO  no build target found for C:\Users\carol\Desktop\PROYETOS\PROYECTO_SENSORES_FABRICA\sensores\src\main\java\com\example\sensores\repository\SensorDataRepository.java. Using fallback presentation compiler.
2026.04.07 15:27:18 INFO  no build target found for C:\Users\carol\Desktop\PROYETOS\PROYECTO_SENSORES_FABRICA\sensores\src\main\java\com\example\sensores\repository\SensorDataRepository.java. Using fallback presentation compiler.
2026.04.07 15:27:18 INFO  no build target found for C:\Users\carol\Desktop\PROYETOS\PROYECTO_SENSORES_FABRICA\sensores\src\main\java\com\example\sensores\repository\SensorDataRepository.java. Using fallback presentation compiler.
2026.04.07 15:27:19 WARN  no build target for: C:\Users\carol\Desktop\PROYETOS\PROYECTO_SENSORES_FABRICA\sensores\src\main\java\com\example\sensores\repository\SensorDataRepository.java
2026.04.07 15:27:19 INFO  no build target found for C:\Users\carol\Desktop\PROYETOS\PROYECTO_SENSORES_FABRICA\sensores\src\main\java\com\example\sensores\repository\SensorDataRepository.java. Using fallback presentation compiler.
2026.04.07 15:27:19 INFO  no build target found for C:\Users\carol\Desktop\PROYETOS\PROYECTO_SENSORES_FABRICA\sensores\src\main\java\com\example\sensores\repository\SensorDataRepository.java. Using fallback presentation compiler.
2026.04.07 15:27:19 INFO  no build target found for C:\Users\carol\Desktop\PROYETOS\PROYECTO_SENSORES_FABRICA\sensores\src\main\java\com\example\sensores\repository\SensorDataRepository.java. Using fallback presentation compiler.
2026.04.07 15:27:19 INFO  no build target found for C:\Users\carol\Desktop\PROYETOS\PROYECTO_SENSORES_FABRICA\sensores\src\main\java\com\example\sensores\repository\SensorDataRepository.java. Using fallback presentation compiler.
2026.04.07 15:27:19 INFO  no build target found for C:\Users\carol\Desktop\PROYETOS\PROYECTO_SENSORES_FABRICA\sensores\src\main\java\com\example\sensores\repository\SensorDataRepository.java. Using fallback presentation compiler.
2026.04.07 15:27:19 INFO  no build target found for C:\Users\carol\Desktop\PROYETOS\PROYECTO_SENSORES_FABRICA\sensores\src\main\java\com\example\sensores\repository\SensorDataRepository.java. Using fallback presentation compiler.
2026.04.07 15:27:20 INFO  no build target found for C:\Users\carol\Desktop\PROYETOS\PROYECTO_SENSORES_FABRICA\sensores\src\main\java\com\example\sensores\service\serviceImpl\SensorServiceImp.java. Using fallback presentation compiler.
2026.04.07 15:27:20 WARN  no build target for: C:\Users\carol\Desktop\PROYETOS\PROYECTO_SENSORES_FABRICA\sensores\src\main\java\com\example\sensores\service\serviceImpl\SensorServiceImp.java
2026.04.07 15:27:20 INFO  no build target found for C:\Users\carol\Desktop\PROYETOS\PROYECTO_SENSORES_FABRICA\sensores\src\main\java\com\example\sensores\service\serviceImpl\SensorServiceImp.java. Using fallback presentation compiler.
2026.04.07 15:27:20 INFO  no build target found for C:\Users\carol\Desktop\PROYETOS\PROYECTO_SENSORES_FABRICA\sensores\src\main\java\com\example\sensores\service\serviceImpl\SensorServiceImp.java. Using fallback presentation compiler.
2026.04.07 15:27:20 INFO  no build target found for C:\Users\carol\Desktop\PROYETOS\PROYECTO_SENSORES_FABRICA\sensores\src\main\java\com\example\sensores\service\serviceImpl\SensorServiceImp.java. Using fallback presentation compiler.
2026.04.07 15:27:20 INFO  no build target found for C:\Users\carol\Desktop\PROYETOS\PROYECTO_SENSORES_FABRICA\sensores\src\main\java\com\example\sensores\service\serviceImpl\SensorServiceImp.java. Using fallback presentation compiler.
2026.04.07 15:27:22 INFO  no build target found for C:\Users\carol\Desktop\PROYETOS\PROYECTO_SENSORES_FABRICA\sensores\src\main\java\com\example\sensores\service\serviceImpl\SensorServiceImp.java. Using fallback presentation compiler.
2026.04.07 15:27:22 INFO  no build target found for C:\Users\carol\Desktop\PROYETOS\PROYECTO_SENSORES_FABRICA\sensores\src\main\java\com\example\sensores\service\serviceImpl\SensorServiceImp.java. Using fallback presentation compiler.
2026.04.07 15:27:32 INFO  no build target found for C:\Users\carol\Desktop\PROYETOS\PROYECTO_SENSORES_FABRICA\sensores\src\main\java\com\example\sensores\service\serviceImpl\SensorServiceImp.java. Using fallback presentation compiler.
2026.04.07 15:27:32 INFO  no build target found for C:\Users\carol\Desktop\PROYETOS\PROYECTO_SENSORES_FABRICA\sensores\src\main\java\com\example\sensores\service\serviceImpl\SensorServiceImp.java. Using fallback presentation compiler.
2026.04.07 15:27:32 INFO  no build target found for C:\Users\carol\Desktop\PROYETOS\PROYECTO_SENSORES_FABRICA\sensores\src\main\java\com\example\sensores\service\serviceImpl\SensorServiceImp.java. Using fallback presentation compiler.
2026.04.07 15:27:33 INFO  no build target found for C:\Users\carol\Desktop\PROYETOS\PROYECTO_SENSORES_FABRICA\sensores\src\main\java\com\example\sensores\service\serviceImpl\SensorServiceImp.java. Using fallback presentation compiler.
2026.04.07 15:27:33 INFO  no build target found for C:\Users\carol\Desktop\PROYETOS\PROYECTO_SENSORES_FABRICA\sensores\src\main\java\com\example\sensores\service\serviceImpl\SensorServiceImp.java. Using fallback presentation compiler.
2026.04.07 15:27:34 INFO  no build target found for C:\Users\carol\Desktop\PROYETOS\PROYECTO_SENSORES_FABRICA\sensores\src\main\java\com\example\sensores\service\serviceImpl\SensorServiceImp.java. Using fallback presentation compiler.
2026.04.07 15:27:33 INFO  no build target found for C:\Users\carol\Desktop\PROYETOS\PROYECTO_SENSORES_FABRICA\sensores\src\main\java\com\example\sensores\service\serviceImpl\SensorServiceImp.java. Using fallback presentation compiler.
2026.04.07 15:27:33 INFO  no build target found for C:\Users\carol\Desktop\PROYETOS\PROYECTO_SENSORES_FABRICA\sensores\src\main\java\com\example\sensores\service\serviceImpl\SensorServiceImp.java. Using fallback presentation compiler.
2026.04.07 15:27:33 INFO  no build target found for C:\Users\carol\Desktop\PROYETOS\PROYECTO_SENSORES_FABRICA\sensores\src\main\java\com\example\sensores\service\serviceImpl\SensorServiceImp.java. Using fallback presentation compiler.
2026.04.07 15:27:34 INFO  no build target found for C:\Users\carol\Desktop\PROYETOS\PROYECTO_SENSORES_FABRICA\sensores\src\main\java\com\example\sensores\service\serviceImpl\SensorServiceImp.java. Using fallback presentation compiler.
2026.04.07 15:27:35 INFO  no build target found for C:\Users\carol\Desktop\PROYETOS\PROYECTO_SENSORES_FABRICA\sensores\src\main\java\com\example\sensores\service\serviceImpl\SensorServiceImp.java. Using fallback presentation compiler.
2026.04.07 15:27:35 WARN  no build target for: C:\Users\carol\Desktop\PROYETOS\PROYECTO_SENSORES_FABRICA\sensores\src\main\java\com\example\sensores\service\serviceImpl\SensorServiceImp.java
2026.04.07 15:27:35 INFO  no build target found for C:\Users\carol\Desktop\PROYETOS\PROYECTO_SENSORES_FABRICA\sensores\src\main\java\com\example\sensores\service\serviceImpl\SensorServiceImp.java. Using fallback presentation compiler.
2026.04.07 15:27:35 INFO  no build target found for C:\Users\carol\Desktop\PROYETOS\PROYECTO_SENSORES_FABRICA\sensores\src\main\java\com\example\sensores\service\serviceImpl\SensorServiceImp.java. Using fallback presentation compiler.
2026.04.07 15:27:36 INFO  no build target found for C:\Users\carol\Desktop\PROYETOS\PROYECTO_SENSORES_FABRICA\sensores\src\main\java\com\example\sensores\service\serviceImpl\SensorServiceImp.java. Using fallback presentation compiler.
2026.04.07 15:27:39 INFO  no build target found for C:\Users\carol\Desktop\PROYETOS\PROYECTO_SENSORES_FABRICA\sensores\src\main\java\com\example\sensores\repository\SensorDataRepository.java. Using fallback presentation compiler.
2026.04.07 15:27:39 WARN  no build target for: C:\Users\carol\Desktop\PROYETOS\PROYECTO_SENSORES_FABRICA\sensores\src\main\java\com\example\sensores\repository\SensorDataRepository.java
2026.04.07 15:27:39 INFO  no build target found for C:\Users\carol\Desktop\PROYETOS\PROYECTO_SENSORES_FABRICA\sensores\src\main\java\com\example\sensores\repository\SensorDataRepository.java. Using fallback presentation compiler.
2026.04.07 15:27:39 INFO  no build target found for C:\Users\carol\Desktop\PROYETOS\PROYECTO_SENSORES_FABRICA\sensores\src\main\java\com\example\sensores\repository\SensorDataRepository.java. Using fallback presentation compiler.
2026.04.07 15:27:39 INFO  no build target found for C:\Users\carol\Desktop\PROYETOS\PROYECTO_SENSORES_FABRICA\sensores\src\main\java\com\example\sensores\repository\SensorDataRepository.java. Using fallback presentation compiler.
2026.04.07 15:27:43 INFO  no build target found for C:\Users\carol\Desktop\PROYETOS\PROYECTO_SENSORES_FABRICA\sensores\src\main\java\com\example\sensores\repository\SensorDataRepository.java. Using fallback presentation compiler.
2026.04.07 15:27:43 INFO  no build target found for C:\Users\carol\Desktop\PROYETOS\PROYECTO_SENSORES_FABRICA\sensores\src\main\java\com\example\sensores\repository\SensorDataRepository.java. Using fallback presentation compiler.
2026.04.07 15:27:45 INFO  no build target found for C:\Users\carol\Desktop\PROYETOS\PROYECTO_SENSORES_FABRICA\sensores\src\main\java\com\example\sensores\repository\SensorDataRepository.java. Using fallback presentation compiler.
2026.04.07 15:27:45 INFO  no build target found for C:\Users\carol\Desktop\PROYETOS\PROYECTO_SENSORES_FABRICA\sensores\src\main\java\com\example\sensores\repository\SensorDataRepository.java. Using fallback presentation compiler.
2026.04.07 15:27:46 INFO  no build target found for C:\Users\carol\Desktop\PROYETOS\PROYECTO_SENSORES_FABRICA\sensores\src\main\java\com\example\sensores\repository\SensorDataRepository.java. Using fallback presentation compiler.
2026.04.07 15:27:47 INFO  no build target found for C:\Users\carol\Desktop\PROYETOS\PROYECTO_SENSORES_FABRICA\sensores\src\main\java\com\example\sensores\service\serviceImpl\SensorServiceImp.java. Using fallback presentation compiler.
2026.04.07 15:27:47 WARN  no build target for: C:\Users\carol\Desktop\PROYETOS\PROYECTO_SENSORES_FABRICA\sensores\src\main\java\com\example\sensores\service\serviceImpl\SensorServiceImp.java
2026.04.07 15:27:47 INFO  no build target found for C:\Users\carol\Desktop\PROYETOS\PROYECTO_SENSORES_FABRICA\sensores\src\main\java\com\example\sensores\service\serviceImpl\SensorServiceImp.java. Using fallback presentation compiler.
2026.04.07 15:27:47 INFO  no build target found for C:\Users\carol\Desktop\PROYETOS\PROYECTO_SENSORES_FABRICA\sensores\src\main\java\com\example\sensores\service\serviceImpl\SensorServiceImp.java. Using fallback presentation compiler.
2026.04.07 15:27:47 INFO  no build target found for C:\Users\carol\Desktop\PROYETOS\PROYECTO_SENSORES_FABRICA\sensores\src\main\java\com\example\sensores\service\serviceImpl\SensorServiceImp.java. Using fallback presentation compiler.
2026.04.07 15:27:47 INFO  no build target found for C:\Users\carol\Desktop\PROYETOS\PROYECTO_SENSORES_FABRICA\sensores\src\main\java\com\example\sensores\service\serviceImpl\SensorServiceImp.java. Using fallback presentation compiler.
2026.04.07 15:27:48 INFO  no build target found for C:\Users\carol\Desktop\PROYETOS\PROYECTO_SENSORES_FABRICA\sensores\src\main\java\com\example\sensores\service\serviceImpl\SensorServiceImp.java. Using fallback presentation compiler.
2026.04.07 15:27:48 INFO  no build target found for C:\Users\carol\Desktop\PROYETOS\PROYECTO_SENSORES_FABRICA\sensores\src\main\java\com\example\sensores\service\serviceImpl\SensorServiceImp.java. Using fallback presentation compiler.
2026.04.07 15:27:48 INFO  no build target found for C:\Users\carol\Desktop\PROYETOS\PROYECTO_SENSORES_FABRICA\sensores\src\main\java\com\example\sensores\service\serviceImpl\SensorServiceImp.java. Using fallback presentation compiler.
2026.04.07 15:27:48 INFO  no build target found for C:\Users\carol\Desktop\PROYETOS\PROYECTO_SENSORES_FABRICA\sensores\src\main\java\com\example\sensores\service\serviceImpl\SensorServiceImp.java. Using fallback presentation compiler.
2026.04.07 15:27:48 INFO  no build target found for C:\Users\carol\Desktop\PROYETOS\PROYECTO_SENSORES_FABRICA\sensores\src\main\java\com\example\sensores\service\serviceImpl\SensorServiceImp.java. Using fallback presentation compiler.
2026.04.07 15:27:48 INFO  no build target found for C:\Users\carol\Desktop\PROYETOS\PROYECTO_SENSORES_FABRICA\sensores\src\main\java\com\example\sensores\service\serviceImpl\SensorServiceImp.java. Using fallback presentation compiler.
2026.04.07 15:27:49 INFO  no build target found for C:\Users\carol\Desktop\PROYETOS\PROYECTO_SENSORES_FABRICA\sensores\src\main\java\com\example\sensores\service\serviceImpl\SensorServiceImp.java. Using fallback presentation compiler.
2026.04.07 15:27:49 INFO  no build target found for C:\Users\carol\Desktop\PROYETOS\PROYECTO_SENSORES_FABRICA\sensores\src\main\java\com\example\sensores\service\serviceImpl\SensorServiceImp.java. Using fallback presentation compiler.
2026.04.07 15:27:50 INFO  no build target found for C:\Users\carol\Desktop\PROYETOS\PROYECTO_SENSORES_FABRICA\sensores\src\main\java\com\example\sensores\service\serviceImpl\SensorServiceImp.java. Using fallback presentation compiler.
2026.04.07 15:27:50 INFO  no build target found for C:\Users\carol\Desktop\PROYETOS\PROYECTO_SENSORES_FABRICA\sensores\src\main\java\com\example\sensores\service\serviceImpl\SensorServiceImp.java. Using fallback presentation compiler.
2026.04.07 15:27:50 INFO  no build target found for C:\Users\carol\Desktop\PROYETOS\PROYECTO_SENSORES_FABRICA\sensores\src\main\java\com\example\sensores\service\serviceImpl\SensorServiceImp.java. Using fallback presentation compiler.
2026.04.07 15:27:52 INFO  no build target found for C:\Users\carol\Desktop\PROYETOS\PROYECTO_SENSORES_FABRICA\sensores\src\main\java\com\example\sensores\service\serviceImpl\SensorServiceImp.java. Using fallback presentation compiler.
2026.04.07 15:27:52 INFO  no build target found for C:\Users\carol\Desktop\PROYETOS\PROYECTO_SENSORES_FABRICA\sensores\src\main\java\com\example\sensores\service\serviceImpl\SensorServiceImp.java. Using fallback presentation compiler.
2026.04.07 15:28:03 INFO  no build target found for C:\Users\carol\Desktop\PROYETOS\PROYECTO_SENSORES_FABRICA\sensores\src\main\java\com\example\sensores\service\serviceImpl\SensorServiceImp.java. Using fallback presentation compiler.
2026.04.07 15:28:03 INFO  no build target found for C:\Users\carol\Desktop\PROYETOS\PROYECTO_SENSORES_FABRICA\sensores\src\main\java\com\example\sensores\service\serviceImpl\SensorServiceImp.java. Using fallback presentation compiler.
2026.04.07 15:28:05 INFO  no build target found for C:\Users\carol\Desktop\PROYETOS\PROYECTO_SENSORES_FABRICA\sensores\src\main\java\com\example\sensores\service\serviceImpl\SensorServiceImp.java. Using fallback presentation compiler.
2026.04.07 15:28:06 INFO  no build target found for C:\Users\carol\Desktop\PROYETOS\PROYECTO_SENSORES_FABRICA\sensores\src\main\java\com\example\sensores\service\serviceImpl\SensorServiceImp.java. Using fallback presentation compiler.
2026.04.07 15:28:06 INFO  no build target found for C:\Users\carol\Desktop\PROYETOS\PROYECTO_SENSORES_FABRICA\sensores\src\main\java\com\example\sensores\service\serviceImpl\SensorServiceImp.java. Using fallback presentation compiler.
2026.04.07 15:28:06 INFO  no build target found for C:\Users\carol\Desktop\PROYETOS\PROYECTO_SENSORES_FABRICA\sensores\src\main\java\com\example\sensores\service\serviceImpl\SensorServiceImp.java. Using fallback presentation compiler.
2026.04.07 15:28:06 INFO  no build target found for C:\Users\carol\Desktop\PROYETOS\PROYECTO_SENSORES_FABRICA\sensores\src\main\java\com\example\sensores\service\serviceImpl\SensorServiceImp.java. Using fallback presentation compiler.
2026.04.07 15:28:06 INFO  no build target found for C:\Users\carol\Desktop\PROYETOS\PROYECTO_SENSORES_FABRICA\sensores\src\main\java\com\example\sensores\service\serviceImpl\SensorServiceImp.java. Using fallback presentation compiler.
2026.04.07 15:28:07 WARN  no build target for: C:\Users\carol\Desktop\PROYETOS\PROYECTO_SENSORES_FABRICA\sensores\src\main\java\com\example\sensores\service\serviceImpl\SensorServiceImp.java
2026.04.07 15:28:07 INFO  no build target found for C:\Users\carol\Desktop\PROYETOS\PROYECTO_SENSORES_FABRICA\sensores\src\main\java\com\example\sensores\service\serviceImpl\SensorServiceImp.java. Using fallback presentation compiler.
2026.04.07 15:28:08 INFO  no build target found for C:\Users\carol\Desktop\PROYETOS\PROYECTO_SENSORES_FABRICA\sensores\src\main\java\com\example\sensores\service\serviceImpl\SensorServiceImp.java. Using fallback presentation compiler.
2026.04.07 15:28:09 INFO  no build target found for C:\Users\carol\Desktop\PROYETOS\PROYECTO_SENSORES_FABRICA\sensores\src\main\java\com\example\sensores\service\SensorService.java. Using fallback presentation compiler.
2026.04.07 15:28:09 WARN  no build target for: C:\Users\carol\Desktop\PROYETOS\PROYECTO_SENSORES_FABRICA\sensores\src\main\java\com\example\sensores\service\SensorService.java
2026.04.07 15:28:09 INFO  no build target found for C:\Users\carol\Desktop\PROYETOS\PROYECTO_SENSORES_FABRICA\sensores\src\main\java\com\example\sensores\service\SensorService.java. Using fallback presentation compiler.
2026.04.07 15:28:09 INFO  no build target found for C:\Users\carol\Desktop\PROYETOS\PROYECTO_SENSORES_FABRICA\sensores\src\main\java\com\example\sensores\service\SensorService.java. Using fallback presentation compiler.
2026.04.07 15:28:09 INFO  no build target found for C:\Users\carol\Desktop\PROYETOS\PROYECTO_SENSORES_FABRICA\sensores\src\main\java\com\example\sensores\service\SensorService.java. Using fallback presentation compiler.
2026.04.07 15:28:12 INFO  no build target found for C:\Users\carol\Desktop\PROYETOS\PROYECTO_SENSORES_FABRICA\sensores\src\main\java\com\example\sensores\service\SensorService.java. Using fallback presentation compiler.
2026.04.07 15:28:12 INFO  no build target found for C:\Users\carol\Desktop\PROYETOS\PROYECTO_SENSORES_FABRICA\sensores\src\main\java\com\example\sensores\service\SensorService.java. Using fallback presentation compiler.
2026.04.07 15:28:14 INFO  no build target found for C:\Users\carol\Desktop\PROYETOS\PROYECTO_SENSORES_FABRICA\sensores\src\main\java\com\example\sensores\service\SensorService.java. Using fallback presentation compiler.
2026.04.07 15:28:14 INFO  no build target found for C:\Users\carol\Desktop\PROYETOS\PROYECTO_SENSORES_FABRICA\sensores\src\main\java\com\example\sensores\service\SensorService.java. Using fallback presentation compiler.
2026.04.07 15:28:14 INFO  no build target found for C:\Users\carol\Desktop\PROYETOS\PROYECTO_SENSORES_FABRICA\sensores\src\main\java\com\example\sensores\service\SensorService.java. Using fallback presentation compiler.
2026.04.07 15:28:16 INFO  no build target found for C:\Users\carol\Desktop\PROYETOS\PROYECTO_SENSORES_FABRICA\sensores\src\main\java\com\example\sensores\service\SensorService.java. Using fallback presentation compiler.
2026.04.07 15:28:16 INFO  no build target found for C:\Users\carol\Desktop\PROYETOS\PROYECTO_SENSORES_FABRICA\sensores\src\main\java\com\example\sensores\service\SensorService.java. Using fallback presentation compiler.
2026.04.07 15:28:16 INFO  no build target found for C:\Users\carol\Desktop\PROYETOS\PROYECTO_SENSORES_FABRICA\sensores\src\main\java\com\example\sensores\service\SensorService.java. Using fallback presentation compiler.
2026.04.07 15:28:16 INFO  no build target found for C:\Users\carol\Desktop\PROYETOS\PROYECTO_SENSORES_FABRICA\sensores\src\main\java\com\example\sensores\service\SensorService.java. Using fallback presentation compiler.
2026.04.07 15:28:17 WARN  no build target for: C:\Users\carol\Desktop\PROYETOS\PROYECTO_SENSORES_FABRICA\sensores\src\main\java\com\example\sensores\service\SensorService.java
2026.04.07 15:28:17 INFO  no build target found for C:\Users\carol\Desktop\PROYETOS\PROYECTO_SENSORES_FABRICA\sensores\src\main\java\com\example\sensores\service\SensorService.java. Using fallback presentation compiler.
2026.04.07 15:28:19 INFO  no build target found for C:\Users\carol\Desktop\PROYETOS\PROYECTO_SENSORES_FABRICA\sensores\src\main\java\com\example\sensores\repository\SensorDataRepository.java. Using fallback presentation compiler.
2026.04.07 15:28:19 WARN  no build target for: C:\Users\carol\Desktop\PROYETOS\PROYECTO_SENSORES_FABRICA\sensores\src\main\java\com\example\sensores\repository\SensorDataRepository.java
2026.04.07 15:28:19 INFO  no build target found for C:\Users\carol\Desktop\PROYETOS\PROYECTO_SENSORES_FABRICA\sensores\src\main\java\com\example\sensores\repository\SensorDataRepository.java. Using fallback presentation compiler.
2026.04.07 15:28:19 INFO  no build target found for C:\Users\carol\Desktop\PROYETOS\PROYECTO_SENSORES_FABRICA\sensores\src\main\java\com\example\sensores\repository\SensorDataRepository.java. Using fallback presentation compiler.
2026.04.07 15:28:19 INFO  no build target found for C:\Users\carol\Desktop\PROYETOS\PROYECTO_SENSORES_FABRICA\sensores\src\main\java\com\example\sensores\repository\SensorDataRepository.java. Using fallback presentation compiler.
2026.04.07 15:28:22 INFO  no build target found for C:\Users\carol\Desktop\PROYETOS\PROYECTO_SENSORES_FABRICA\sensores\src\main\java\com\example\sensores\repository\SensorDataRepository.java. Using fallback presentation compiler.
2026.04.07 15:28:22 INFO  no build target found for C:\Users\carol\Desktop\PROYETOS\PROYECTO_SENSORES_FABRICA\sensores\src\main\java\com\example\sensores\repository\SensorDataRepository.java. Using fallback presentation compiler.
2026.04.07 15:28:22 INFO  no build target found for C:\Users\carol\Desktop\PROYETOS\PROYECTO_SENSORES_FABRICA\sensores\src\main\java\com\example\sensores\repository\SensorDataRepository.java. Using fallback presentation compiler.
2026.04.07 15:28:22 INFO  no build target found for C:\Users\carol\Desktop\PROYETOS\PROYECTO_SENSORES_FABRICA\sensores\src\main\java\com\example\sensores\repository\SensorDataRepository.java. Using fallback presentation compiler.
2026.04.07 15:28:23 INFO  no build target found for C:\Users\carol\Desktop\PROYETOS\PROYECTO_SENSORES_FABRICA\sensores\src\main\java\com\example\sensores\repository\SensorDataRepository.java. Using fallback presentation compiler.
2026.04.07 15:31:01 INFO  no build target found for C:\Users\carol\Desktop\PROYETOS\PROYECTO_SENSORES_FABRICA\sensores\src\main\java\com\example\sensores\repository\SensorDataRepository.java. Using fallback presentation compiler.
2026.04.07 15:31:01 INFO  no build target found for C:\Users\carol\Desktop\PROYETOS\PROYECTO_SENSORES_FABRICA\sensores\src\main\java\com\example\sensores\repository\SensorDataRepository.java. Using fallback presentation compiler.
2026.04.07 15:31:15 INFO  no build target found for C:\Users\carol\Desktop\PROYETOS\PROYECTO_SENSORES_FABRICA\sensores\src\main\java\com\example\sensores\repository\SensorDataRepository.java. Using fallback presentation compiler.
2026.04.07 15:31:15 INFO  no build target found for C:\Users\carol\Desktop\PROYETOS\PROYECTO_SENSORES_FABRICA\sensores\src\main\java\com\example\sensores\repository\SensorDataRepository.java. Using fallback presentation compiler.
2026.04.07 15:34:14 INFO  no build target found for C:\Users\carol\Desktop\PROYETOS\PROYECTO_SENSORES_FABRICA\sensores\src\main\java\com\example\sensores\controller\mvc\SensorMvcController.java. Using fallback presentation compiler.
2026.04.07 15:34:14 WARN  no build target for: C:\Users\carol\Desktop\PROYETOS\PROYECTO_SENSORES_FABRICA\sensores\src\main\java\com\example\sensores\controller\mvc\SensorMvcController.java
2026.04.07 15:34:14 INFO  no build target found for C:\Users\carol\Desktop\PROYETOS\PROYECTO_SENSORES_FABRICA\sensores\src\main\java\com\example\sensores\controller\mvc\SensorMvcController.java. Using fallback presentation compiler.
2026.04.07 15:34:14 INFO  no build target found for C:\Users\carol\Desktop\PROYETOS\PROYECTO_SENSORES_FABRICA\sensores\src\main\java\com\example\sensores\controller\mvc\SensorMvcController.java. Using fallback presentation compiler.
2026.04.07 15:34:14 INFO  no build target found for C:\Users\carol\Desktop\PROYETOS\PROYECTO_SENSORES_FABRICA\sensores\src\main\java\com\example\sensores\controller\mvc\SensorMvcController.java. Using fallback presentation compiler.
2026.04.07 15:34:16 INFO  no build target found for C:\Users\carol\Desktop\PROYETOS\PROYECTO_SENSORES_FABRICA\sensores\src\main\java\com\example\sensores\controller\mvc\SensorMvcController.java. Using fallback presentation compiler.
2026.04.07 15:34:16 INFO  no build target found for C:\Users\carol\Desktop\PROYETOS\PROYECTO_SENSORES_FABRICA\sensores\src\main\java\com\example\sensores\controller\mvc\SensorMvcController.java. Using fallback presentation compiler.
2026.04.07 15:35:06 INFO  no build target found for C:\Users\carol\Desktop\PROYETOS\PROYECTO_SENSORES_FABRICA\sensores\src\main\java\com\example\sensores\controller\mvc\SensorMvcController.java. Using fallback presentation compiler.
2026.04.07 15:35:06 WARN  no build target for: C:\Users\carol\Desktop\PROYETOS\PROYECTO_SENSORES_FABRICA\sensores\src\main\java\com\example\sensores\controller\mvc\SensorMvcController.java
2026.04.07 15:35:06 INFO  no build target found for C:\Users\carol\Desktop\PROYETOS\PROYECTO_SENSORES_FABRICA\sensores\src\main\java\com\example\sensores\controller\mvc\SensorMvcController.java. Using fallback presentation compiler.
2026.04.07 15:35:06 INFO  no build target found for C:\Users\carol\Desktop\PROYETOS\PROYECTO_SENSORES_FABRICA\sensores\src\main\java\com\example\sensores\controller\mvc\SensorMvcController.java. Using fallback presentation compiler.
2026.04.07 15:35:06 INFO  no build target found for C:\Users\carol\Desktop\PROYETOS\PROYECTO_SENSORES_FABRICA\sensores\src\main\java\com\example\sensores\controller\mvc\SensorMvcController.java. Using fallback presentation compiler.
2026.04.07 15:35:08 INFO  no build target found for C:\Users\carol\Desktop\PROYETOS\PROYECTO_SENSORES_FABRICA\sensores\src\main\java\com\example\sensores\controller\mvc\SensorMvcController.java. Using fallback presentation compiler.
2026.04.07 15:35:08 INFO  no build target found for C:\Users\carol\Desktop\PROYETOS\PROYECTO_SENSORES_FABRICA\sensores\src\main\java\com\example\sensores\controller\mvc\SensorMvcController.java. Using fallback presentation compiler.
2026.04.07 15:35:08 INFO  no build target found for C:\Users\carol\Desktop\PROYETOS\PROYECTO_SENSORES_FABRICA\sensores\src\main\java\com\example\sensores\controller\mvc\SensorMvcController.java. Using fallback presentation compiler.
2026.04.07 15:35:08 INFO  no build target found for C:\Users\carol\Desktop\PROYETOS\PROYECTO_SENSORES_FABRICA\sensores\src\main\java\com\example\sensores\controller\mvc\SensorMvcController.java. Using fallback presentation compiler.
2026.04.07 15:35:09 INFO  no build target found for C:\Users\carol\Desktop\PROYETOS\PROYECTO_SENSORES_FABRICA\sensores\src\main\java\com\example\sensores\controller\mvc\SensorMvcController.java. Using fallback presentation compiler.
2026.04.07 15:35:09 INFO  no build target found for C:\Users\carol\Desktop\PROYETOS\PROYECTO_SENSORES_FABRICA\sensores\src\main\java\com\example\sensores\controller\mvc\SensorMvcController.java. Using fallback presentation compiler.
2026.04.07 15:35:09 INFO  no build target found for C:\Users\carol\Desktop\PROYETOS\PROYECTO_SENSORES_FABRICA\sensores\src\main\java\com\example\sensores\controller\mvc\SensorMvcController.java. Using fallback presentation compiler.
2026.04.07 15:35:09 INFO  no build target found for C:\Users\carol\Desktop\PROYETOS\PROYECTO_SENSORES_FABRICA\sensores\src\main\java\com\example\sensores\controller\mvc\SensorMvcController.java. Using fallback presentation compiler.
2026.04.07 15:35:09 INFO  no build target found for C:\Users\carol\Desktop\PROYETOS\PROYECTO_SENSORES_FABRICA\sensores\src\main\java\com\example\sensores\controller\mvc\SensorMvcController.java. Using fallback presentation compiler.
2026.04.07 15:35:10 INFO  no build target found for C:\Users\carol\Desktop\PROYETOS\PROYECTO_SENSORES_FABRICA\sensores\src\main\java\com\example\sensores\controller\mvc\SensorMvcController.java. Using fallback presentation compiler.
2026.04.07 15:35:20 INFO  no build target found for C:\Users\carol\Desktop\PROYETOS\PROYECTO_SENSORES_FABRICA\sensores\src\main\java\com\example\sensores\controller\rest\SensorRestController.java. Using fallback presentation compiler.
2026.04.07 15:35:20 WARN  no build target for: C:\Users\carol\Desktop\PROYETOS\PROYECTO_SENSORES_FABRICA\sensores\src\main\java\com\example\sensores\controller\rest\SensorRestController.java
2026.04.07 15:35:20 INFO  no build target found for C:\Users\carol\Desktop\PROYETOS\PROYECTO_SENSORES_FABRICA\sensores\src\main\java\com\example\sensores\controller\rest\SensorRestController.java. Using fallback presentation compiler.
2026.04.07 15:35:20 INFO  no build target found for C:\Users\carol\Desktop\PROYETOS\PROYECTO_SENSORES_FABRICA\sensores\src\main\java\com\example\sensores\controller\rest\SensorRestController.java. Using fallback presentation compiler.
2026.04.07 15:35:21 INFO  no build target found for C:\Users\carol\Desktop\PROYETOS\PROYECTO_SENSORES_FABRICA\sensores\src\main\java\com\example\sensores\controller\rest\SensorRestController.java. Using fallback presentation compiler.
2026.04.07 15:35:29 INFO  no build target found for C:\Users\carol\Desktop\PROYETOS\PROYECTO_SENSORES_FABRICA\sensores\src\main\java\com\example\sensores\controller\rest\SensorRestController.java. Using fallback presentation compiler.
2026.04.07 15:35:30 INFO  no build target found for C:\Users\carol\Desktop\PROYETOS\PROYECTO_SENSORES_FABRICA\sensores\src\main\java\com\example\sensores\controller\rest\SensorRestController.java. Using fallback presentation compiler.
2026.04.07 15:35:30 INFO  no build target found for C:\Users\carol\Desktop\PROYETOS\PROYECTO_SENSORES_FABRICA\sensores\src\main\java\com\example\sensores\controller\rest\SensorRestController.java. Using fallback presentation compiler.
2026.04.07 15:35:30 INFO  no build target found for C:\Users\carol\Desktop\PROYETOS\PROYECTO_SENSORES_FABRICA\sensores\src\main\java\com\example\sensores\controller\rest\SensorRestController.java. Using fallback presentation compiler.
2026.04.07 15:35:32 INFO  no build target found for C:\Users\carol\Desktop\PROYETOS\PROYECTO_SENSORES_FABRICA\sensores\src\main\java\com\example\sensores\controller\rest\SensorRestController.java. Using fallback presentation compiler.
2026.04.07 15:35:32 INFO  no build target found for C:\Users\carol\Desktop\PROYETOS\PROYECTO_SENSORES_FABRICA\sensores\src\main\java\com\example\sensores\controller\rest\SensorRestController.java. Using fallback presentation compiler.
2026.04.07 15:35:35 INFO  no build target found for C:\Users\carol\Desktop\PROYETOS\PROYECTO_SENSORES_FABRICA\sensores\src\main\java\com\example\sensores\controller\rest\SensorRestController.java. Using fallback presentation compiler.
2026.04.07 15:35:40 INFO  no build target found for C:\Users\carol\Desktop\PROYETOS\PROYECTO_SENSORES_FABRICA\sensores\src\main\java\com\example\sensores\repository\SensorDataRepository.java. Using fallback presentation compiler.
2026.04.07 15:35:40 WARN  no build target for: C:\Users\carol\Desktop\PROYETOS\PROYECTO_SENSORES_FABRICA\sensores\src\main\java\com\example\sensores\repository\SensorDataRepository.java
2026.04.07 15:35:40 INFO  no build target found for C:\Users\carol\Desktop\PROYETOS\PROYECTO_SENSORES_FABRICA\sensores\src\main\java\com\example\sensores\repository\SensorDataRepository.java. Using fallback presentation compiler.
2026.04.07 15:35:40 INFO  no build target found for C:\Users\carol\Desktop\PROYETOS\PROYECTO_SENSORES_FABRICA\sensores\src\main\java\com\example\sensores\repository\SensorDataRepository.java. Using fallback presentation compiler.
2026.04.07 15:35:40 INFO  no build target found for C:\Users\carol\Desktop\PROYETOS\PROYECTO_SENSORES_FABRICA\sensores\src\main\java\com\example\sensores\repository\SensorDataRepository.java. Using fallback presentation compiler.
2026.04.07 15:35:41 INFO  no build target found for C:\Users\carol\Desktop\PROYETOS\PROYECTO_SENSORES_FABRICA\sensores\src\main\java\com\example\sensores\repository\SensorDataRepository.java. Using fallback presentation compiler.
2026.04.07 15:35:41 INFO  no build target found for C:\Users\carol\Desktop\PROYETOS\PROYECTO_SENSORES_FABRICA\sensores\src\main\java\com\example\sensores\repository\SensorDataRepository.java. Using fallback presentation compiler.
2026.04.07 15:35:48 INFO  no build target found for C:\Users\carol\Desktop\PROYETOS\PROYECTO_SENSORES_FABRICA\sensores\src\main\java\com\example\sensores\repository\SensorDataRepository.java. Using fallback presentation compiler.
2026.04.07 15:35:48 INFO  no build target found for C:\Users\carol\Desktop\PROYETOS\PROYECTO_SENSORES_FABRICA\sensores\src\main\java\com\example\sensores\repository\SensorDataRepository.java. Using fallback presentation compiler.
2026.04.07 15:35:50 INFO  no build target found for C:\Users\carol\Desktop\PROYETOS\PROYECTO_SENSORES_FABRICA\sensores\src\main\java\com\example\sensores\repository\SensorDataRepository.java. Using fallback presentation compiler.
2026.04.07 15:35:50 INFO  no build target found for C:\Users\carol\Desktop\PROYETOS\PROYECTO_SENSORES_FABRICA\sensores\src\main\java\com\example\sensores\repository\SensorDataRepository.java. Using fallback presentation compiler.
2026.04.07 15:35:50 INFO  no build target found for C:\Users\carol\Desktop\PROYETOS\PROYECTO_SENSORES_FABRICA\sensores\src\main\java\com\example\sensores\repository\SensorDataRepository.java. Using fallback presentation compiler.
2026.04.07 15:36:00 INFO  no build target found for C:\Users\carol\Desktop\PROYETOS\PROYECTO_SENSORES_FABRICA\sensores\src\main\java\com\example\sensores\repository\SensorDataRepository.java. Using fallback presentation compiler.
2026.04.07 15:36:13 INFO  no build target found for C:\Users\carol\Desktop\PROYETOS\PROYECTO_SENSORES_FABRICA\sensores\src\main\java\com\example\sensores\service\serviceImpl\SensorServiceImp.java. Using fallback presentation compiler.
2026.04.07 15:36:13 WARN  no build target for: C:\Users\carol\Desktop\PROYETOS\PROYECTO_SENSORES_FABRICA\sensores\src\main\java\com\example\sensores\service\serviceImpl\SensorServiceImp.java
2026.04.07 15:36:13 INFO  no build target found for C:\Users\carol\Desktop\PROYETOS\PROYECTO_SENSORES_FABRICA\sensores\src\main\java\com\example\sensores\service\serviceImpl\SensorServiceImp.java. Using fallback presentation compiler.
2026.04.07 15:36:13 INFO  no build target found for C:\Users\carol\Desktop\PROYETOS\PROYECTO_SENSORES_FABRICA\sensores\src\main\java\com\example\sensores\service\serviceImpl\SensorServiceImp.java. Using fallback presentation compiler.
2026.04.07 15:36:13 INFO  no build target found for C:\Users\carol\Desktop\PROYETOS\PROYECTO_SENSORES_FABRICA\sensores\src\main\java\com\example\sensores\service\serviceImpl\SensorServiceImp.java. Using fallback presentation compiler.
2026.04.07 15:36:15 INFO  no build target found for C:\Users\carol\Desktop\PROYETOS\PROYECTO_SENSORES_FABRICA\sensores\src\main\java\com\example\sensores\service\serviceImpl\SensorServiceImp.java. Using fallback presentation compiler.
2026.04.07 15:36:15 INFO  no build target found for C:\Users\carol\Desktop\PROYETOS\PROYECTO_SENSORES_FABRICA\sensores\src\main\java\com\example\sensores\service\serviceImpl\SensorServiceImp.java. Using fallback presentation compiler.
2026.04.07 15:38:22 INFO  no build target found for C:\Users\carol\Desktop\PROYETOS\PROYECTO_SENSORES_FABRICA\sensores\src\main\java\com\example\sensores\controller\rest\SensorRestController.java. Using fallback presentation compiler.
2026.04.07 15:38:22 WARN  no build target for: C:\Users\carol\Desktop\PROYETOS\PROYECTO_SENSORES_FABRICA\sensores\src\main\java\com\example\sensores\controller\rest\SensorRestController.java
2026.04.07 15:38:22 INFO  no build target found for C:\Users\carol\Desktop\PROYETOS\PROYECTO_SENSORES_FABRICA\sensores\src\main\java\com\example\sensores\controller\rest\SensorRestController.java. Using fallback presentation compiler.
2026.04.07 15:38:23 INFO  no build target found for C:\Users\carol\Desktop\PROYETOS\PROYECTO_SENSORES_FABRICA\sensores\src\main\java\com\example\sensores\controller\rest\SensorRestController.java. Using fallback presentation compiler.
2026.04.07 15:38:22 INFO  no build target found for C:\Users\carol\Desktop\PROYETOS\PROYECTO_SENSORES_FABRICA\sensores\src\main\java\com\example\sensores\controller\rest\SensorRestController.java. Using fallback presentation compiler.
2026.04.07 15:38:22 INFO  no build target found for C:\Users\carol\Desktop\PROYETOS\PROYECTO_SENSORES_FABRICA\sensores\src\main\java\com\example\sensores\controller\rest\SensorRestController.java. Using fallback presentation compiler.
2026.04.07 15:38:25 INFO  no build target found for C:\Users\carol\Desktop\PROYETOS\PROYECTO_SENSORES_FABRICA\sensores\src\main\java\com\example\sensores\controller\rest\SensorRestController.java. Using fallback presentation compiler.
2026.04.07 15:38:27 INFO  no build target found for C:\Users\carol\Desktop\PROYETOS\PROYECTO_SENSORES_FABRICA\sensores\src\main\java\com\example\sensores\controller\rest\SensorRestController.java. Using fallback presentation compiler.
2026.04.07 15:38:27 INFO  no build target found for C:\Users\carol\Desktop\PROYETOS\PROYECTO_SENSORES_FABRICA\sensores\src\main\java\com\example\sensores\controller\rest\SensorRestController.java. Using fallback presentation compiler.
2026.04.07 15:38:27 INFO  no build target found for C:\Users\carol\Desktop\PROYETOS\PROYECTO_SENSORES_FABRICA\sensores\src\main\java\com\example\sensores\controller\rest\SensorRestController.java. Using fallback presentation compiler.
2026.04.07 15:38:27 INFO  no build target found for C:\Users\carol\Desktop\PROYETOS\PROYECTO_SENSORES_FABRICA\sensores\src\main\java\com\example\sensores\controller\rest\SensorRestController.java. Using fallback presentation compiler.
2026.04.07 15:38:28 WARN  no build target for: C:\Users\carol\Desktop\PROYETOS\PROYECTO_SENSORES_FABRICA\sensores\src\main\java\com\example\sensores\controller\rest\SensorRestController.java
2026.04.07 15:38:28 INFO  no build target found for C:\Users\carol\Desktop\PROYETOS\PROYECTO_SENSORES_FABRICA\sensores\src\main\java\com\example\sensores\controller\rest\SensorRestController.java. Using fallback presentation compiler.
2026.04.07 15:38:30 INFO  no build target found for C:\Users\carol\Desktop\PROYETOS\PROYECTO_SENSORES_FABRICA\sensores\src\main\java\com\example\sensores\controller\rest\SensorRestController.java. Using fallback presentation compiler.
2026.04.07 15:38:30 INFO  no build target found for C:\Users\carol\Desktop\PROYETOS\PROYECTO_SENSORES_FABRICA\sensores\src\main\java\com\example\sensores\controller\rest\SensorRestController.java. Using fallback presentation compiler.
2026.04.07 15:38:30 INFO  no build target found for C:\Users\carol\Desktop\PROYETOS\PROYECTO_SENSORES_FABRICA\sensores\src\main\java\com\example\sensores\controller\rest\SensorRestController.java. Using fallback presentation compiler.
2026.04.07 15:38:30 INFO  no build target found for C:\Users\carol\Desktop\PROYETOS\PROYECTO_SENSORES_FABRICA\sensores\src\main\java\com\example\sensores\controller\rest\SensorRestController.java. Using fallback presentation compiler.
2026.04.07 15:38:31 WARN  no build target for: C:\Users\carol\Desktop\PROYETOS\PROYECTO_SENSORES_FABRICA\sensores\src\main\java\com\example\sensores\controller\rest\SensorRestController.java
2026.04.07 15:38:31 INFO  no build target found for C:\Users\carol\Desktop\PROYETOS\PROYECTO_SENSORES_FABRICA\sensores\src\main\java\com\example\sensores\controller\rest\SensorRestController.java. Using fallback presentation compiler.
2026.04.07 15:38:31 INFO  no build target found for C:\Users\carol\Desktop\PROYETOS\PROYECTO_SENSORES_FABRICA\sensores\src\main\java\com\example\sensores\controller\rest\SensorRestController.java. Using fallback presentation compiler.
2026.04.07 15:38:31 INFO  no build target found for C:\Users\carol\Desktop\PROYETOS\PROYECTO_SENSORES_FABRICA\sensores\src\main\java\com\example\sensores\controller\rest\SensorRestController.java. Using fallback presentation compiler.
2026.04.07 15:38:31 INFO  no build target found for C:\Users\carol\Desktop\PROYETOS\PROYECTO_SENSORES_FABRICA\sensores\src\main\java\com\example\sensores\controller\rest\SensorRestController.java. Using fallback presentation compiler.
2026.04.07 15:38:31 INFO  no build target found for C:\Users\carol\Desktop\PROYETOS\PROYECTO_SENSORES_FABRICA\sensores\src\main\java\com\example\sensores\controller\rest\SensorRestController.java. Using fallback presentation compiler.
2026.04.07 15:38:33 INFO  no build target found for C:\Users\carol\Desktop\PROYETOS\PROYECTO_SENSORES_FABRICA\sensores\src\main\java\com\example\sensores\controller\rest\SensorRestController.java. Using fallback presentation compiler.
2026.04.07 15:38:33 INFO  no build target found for C:\Users\carol\Desktop\PROYETOS\PROYECTO_SENSORES_FABRICA\sensores\src\main\java\com\example\sensores\controller\rest\SensorRestController.java. Using fallback presentation compiler.
2026.04.07 15:38:33 INFO  no build target found for C:\Users\carol\Desktop\PROYETOS\PROYECTO_SENSORES_FABRICA\sensores\src\main\java\com\example\sensores\controller\rest\SensorRestController.java. Using fallback presentation compiler.
2026.04.07 15:38:33 INFO  no build target found for C:\Users\carol\Desktop\PROYETOS\PROYECTO_SENSORES_FABRICA\sensores\src\main\java\com\example\sensores\controller\rest\SensorRestController.java. Using fallback presentation compiler.
2026.04.07 15:38:33 INFO  no build target found for C:\Users\carol\Desktop\PROYETOS\PROYECTO_SENSORES_FABRICA\sensores\src\main\java\com\example\sensores\controller\rest\SensorRestController.java. Using fallback presentation compiler.
2026.04.07 15:38:33 WARN  no build target for: C:\Users\carol\Desktop\PROYETOS\PROYECTO_SENSORES_FABRICA\sensores\src\main\java\com\example\sensores\controller\rest\SensorRestController.java
2026.04.07 15:38:33 INFO  no build target found for C:\Users\carol\Desktop\PROYETOS\PROYECTO_SENSORES_FABRICA\sensores\src\main\java\com\example\sensores\controller\rest\SensorRestController.java. Using fallback presentation compiler.
2026.04.07 15:38:34 INFO  no build target found for C:\Users\carol\Desktop\PROYETOS\PROYECTO_SENSORES_FABRICA\sensores\src\main\java\com\example\sensores\controller\rest\SensorRestController.java. Using fallback presentation compiler.
2026.04.07 15:38:34 INFO  no build target found for C:\Users\carol\Desktop\PROYETOS\PROYECTO_SENSORES_FABRICA\sensores\src\main\java\com\example\sensores\controller\rest\SensorRestController.java. Using fallback presentation compiler.
2026.04.07 15:38:34 INFO  no build target found for C:\Users\carol\Desktop\PROYETOS\PROYECTO_SENSORES_FABRICA\sensores\src\main\java\com\example\sensores\controller\rest\SensorRestController.java. Using fallback presentation compiler.
2026.04.07 15:38:34 INFO  no build target found for C:\Users\carol\Desktop\PROYETOS\PROYECTO_SENSORES_FABRICA\sensores\src\main\java\com\example\sensores\controller\rest\SensorRestController.java. Using fallback presentation compiler.
2026.04.07 15:38:37 INFO  no build target found for C:\Users\carol\Desktop\PROYETOS\PROYECTO_SENSORES_FABRICA\sensores\src\main\java\com\example\sensores\controller\rest\SensorRestController.java. Using fallback presentation compiler.
2026.04.07 15:38:37 INFO  no build target found for C:\Users\carol\Desktop\PROYETOS\PROYECTO_SENSORES_FABRICA\sensores\src\main\java\com\example\sensores\controller\rest\SensorRestController.java. Using fallback presentation compiler.
2026.04.07 15:38:37 INFO  no build target found for C:\Users\carol\Desktop\PROYETOS\PROYECTO_SENSORES_FABRICA\sensores\src\main\java\com\example\sensores\controller\rest\SensorRestController.java. Using fallback presentation compiler.
2026.04.07 15:38:38 INFO  no build target found for C:\Users\carol\Desktop\PROYETOS\PROYECTO_SENSORES_FABRICA\sensores\src\main\java\com\example\sensores\controller\rest\SensorRestController.java. Using fallback presentation compiler.
2026.04.07 15:38:37 INFO  no build target found for C:\Users\carol\Desktop\PROYETOS\PROYECTO_SENSORES_FABRICA\sensores\src\main\java\com\example\sensores\controller\rest\SensorRestController.java. Using fallback presentation compiler.
2026.04.07 15:38:38 WARN  no build target for: C:\Users\carol\Desktop\PROYETOS\PROYECTO_SENSORES_FABRICA\sensores\src\main\java\com\example\sensores\controller\rest\SensorRestController.java
2026.04.07 15:38:38 INFO  no build target found for C:\Users\carol\Desktop\PROYETOS\PROYECTO_SENSORES_FABRICA\sensores\src\main\java\com\example\sensores\controller\rest\SensorRestController.java. Using fallback presentation compiler.
2026.04.07 15:38:39 INFO  no build target found for C:\Users\carol\Desktop\PROYETOS\PROYECTO_SENSORES_FABRICA\sensores\src\main\java\com\example\sensores\controller\rest\SensorRestController.java. Using fallback presentation compiler.
2026.04.07 15:38:39 INFO  no build target found for C:\Users\carol\Desktop\PROYETOS\PROYECTO_SENSORES_FABRICA\sensores\src\main\java\com\example\sensores\controller\rest\SensorRestController.java. Using fallback presentation compiler.
2026.04.07 15:38:39 INFO  no build target found for C:\Users\carol\Desktop\PROYETOS\PROYECTO_SENSORES_FABRICA\sensores\src\main\java\com\example\sensores\controller\rest\SensorRestController.java. Using fallback presentation compiler.
2026.04.07 15:38:39 INFO  no build target found for C:\Users\carol\Desktop\PROYETOS\PROYECTO_SENSORES_FABRICA\sensores\src\main\java\com\example\sensores\controller\rest\SensorRestController.java. Using fallback presentation compiler.
2026.04.07 15:38:41 INFO  no build target found for C:\Users\carol\Desktop\PROYETOS\PROYECTO_SENSORES_FABRICA\sensores\src\main\java\com\example\sensores\controller\rest\SensorRestController.java. Using fallback presentation compiler.
2026.04.07 15:38:41 INFO  no build target found for C:\Users\carol\Desktop\PROYETOS\PROYECTO_SENSORES_FABRICA\sensores\src\main\java\com\example\sensores\controller\rest\SensorRestController.java. Using fallback presentation compiler.
2026.04.07 15:38:41 INFO  no build target found for C:\Users\carol\Desktop\PROYETOS\PROYECTO_SENSORES_FABRICA\sensores\src\main\java\com\example\sensores\controller\rest\SensorRestController.java. Using fallback presentation compiler.
2026.04.07 15:38:41 INFO  no build target found for C:\Users\carol\Desktop\PROYETOS\PROYECTO_SENSORES_FABRICA\sensores\src\main\java\com\example\sensores\controller\rest\SensorRestController.java. Using fallback presentation compiler.
2026.04.07 15:38:41 INFO  no build target found for C:\Users\carol\Desktop\PROYETOS\PROYECTO_SENSORES_FABRICA\sensores\src\main\java\com\example\sensores\controller\rest\SensorRestController.java. Using fallback presentation compiler.
2026.04.07 15:38:42 INFO  no build target found for C:\Users\carol\Desktop\PROYETOS\PROYECTO_SENSORES_FABRICA\sensores\src\main\java\com\example\sensores\controller\rest\SensorRestController.java. Using fallback presentation compiler.
2026.04.07 15:38:42 INFO  no build target found for C:\Users\carol\Desktop\PROYETOS\PROYECTO_SENSORES_FABRICA\sensores\src\main\java\com\example\sensores\controller\rest\SensorRestController.java. Using fallback presentation compiler.
2026.04.07 15:38:42 INFO  no build target found for C:\Users\carol\Desktop\PROYETOS\PROYECTO_SENSORES_FABRICA\sensores\src\main\java\com\example\sensores\controller\rest\SensorRestController.java. Using fallback presentation compiler.
2026.04.07 15:38:45 INFO  no build target found for C:\Users\carol\Desktop\PROYETOS\PROYECTO_SENSORES_FABRICA\sensores\src\main\java\com\example\sensores\controller\rest\SensorRestController.java. Using fallback presentation compiler.
2026.04.07 15:38:46 INFO  no build target found for C:\Users\carol\Desktop\PROYETOS\PROYECTO_SENSORES_FABRICA\sensores\src\main\java\com\example\sensores\controller\rest\SensorRestController.java. Using fallback presentation compiler.
2026.04.07 15:38:46 INFO  no build target found for C:\Users\carol\Desktop\PROYETOS\PROYECTO_SENSORES_FABRICA\sensores\src\main\java\com\example\sensores\controller\rest\SensorRestController.java. Using fallback presentation compiler.
2026.04.07 15:38:46 INFO  no build target found for C:\Users\carol\Desktop\PROYETOS\PROYECTO_SENSORES_FABRICA\sensores\src\main\java\com\example\sensores\controller\rest\SensorRestController.java. Using fallback presentation compiler.
2026.04.07 15:39:03 INFO  no build target found for C:\Users\carol\Desktop\PROYETOS\PROYECTO_SENSORES_FABRICA\sensores\src\main\java\com\example\sensores\controller\rest\SensorRestController.java. Using fallback presentation compiler.
2026.04.07 15:39:03 INFO  no build target found for C:\Users\carol\Desktop\PROYETOS\PROYECTO_SENSORES_FABRICA\sensores\src\main\java\com\example\sensores\controller\rest\SensorRestController.java. Using fallback presentation compiler.
abr 07, 2026 3:49:50 P. M. org.eclipse.lsp4j.jsonrpc.services.GenericEndpoint notify
INFO: Unsupported notification method: $/setTrace
abr 07, 2026 3:49:56 P. M. org.eclipse.lsp4j.jsonrpc.services.GenericEndpoint notify
INFO: Unsupported notification method: $/setTrace
2026.04.07 15:55:05 INFO  no build target found for C:\Users\carol\Desktop\PROYETOS\PROYECTO_SENSORES_FABRICA\sensores\src\main\java\com\example\sensores\service\serviceImpl\SensorServiceImp.java. Using fallback presentation compiler.
2026.04.07 15:55:05 WARN  no build target for: C:\Users\carol\Desktop\PROYETOS\PROYECTO_SENSORES_FABRICA\sensores\src\main\java\com\example\sensores\service\serviceImpl\SensorServiceImp.java
2026.04.07 15:55:05 INFO  no build target found for C:\Users\carol\Desktop\PROYETOS\PROYECTO_SENSORES_FABRICA\sensores\src\main\java\com\example\sensores\service\serviceImpl\SensorServiceImp.java. Using fallback presentation compiler.
2026.04.07 15:55:05 INFO  no build target found for C:\Users\carol\Desktop\PROYETOS\PROYECTO_SENSORES_FABRICA\sensores\src\main\java\com\example\sensores\service\serviceImpl\SensorServiceImp.java. Using fallback presentation compiler.
abr 07, 2026 3:55:05 P. M. org.eclipse.lsp4j.jsonrpc.RemoteEndpoint handleCancellation
WARNING: Unmatched cancel notification for request id 3807
2026.04.07 15:55:05 INFO  no build target found for C:\Users\carol\Desktop\PROYETOS\PROYECTO_SENSORES_FABRICA\sensores\src\main\java\com\example\sensores\service\serviceImpl\SensorServiceImp.java. Using fallback presentation compiler.
2026.04.07 15:55:06 INFO  no build target found for C:\Users\carol\Desktop\PROYETOS\PROYECTO_SENSORES_FABRICA\sensores\src\main\java\com\example\sensores\service\serviceImpl\SensorServiceImp.java. Using fallback presentation compiler.
2026.04.07 15:55:06 INFO  no build target found for C:\Users\carol\Desktop\PROYETOS\PROYECTO_SENSORES_FABRICA\sensores\src\main\java\com\example\sensores\service\serviceImpl\SensorServiceImp.java. Using fallback presentation compiler.
2026.04.07 15:55:08 INFO  no build target found for C:\Users\carol\Desktop\PROYETOS\PROYECTO_SENSORES_FABRICA\sensores\src\main\java\com\example\sensores\service\serviceImpl\SensorServiceImp.java. Using fallback presentation compiler.
2026.04.07 15:55:16 INFO  no build target found for C:\Users\carol\Desktop\PROYETOS\PROYECTO_SENSORES_FABRICA\sensores\src\main\java\com\example\sensores\repository\SensorDataRepository.java. Using fallback presentation compiler.
2026.04.07 15:55:16 WARN  no build target for: C:\Users\carol\Desktop\PROYETOS\PROYECTO_SENSORES_FABRICA\sensores\src\main\java\com\example\sensores\repository\SensorDataRepository.java
2026.04.07 15:55:16 INFO  no build target found for C:\Users\carol\Desktop\PROYETOS\PROYECTO_SENSORES_FABRICA\sensores\src\main\java\com\example\sensores\repository\SensorDataRepository.java. Using fallback presentation compiler.
abr 07, 2026 3:55:17 P. M. org.eclipse.lsp4j.jsonrpc.RemoteEndpoint handleCancellation
WARNING: Unmatched cancel notification for request id 3832
2026.04.07 15:55:17 INFO  no build target found for C:\Users\carol\Desktop\PROYETOS\PROYECTO_SENSORES_FABRICA\sensores\src\main\java\com\example\sensores\repository\SensorDataRepository.java. Using fallback presentation compiler.
2026.04.07 15:55:16 INFO  no build target found for C:\Users\carol\Desktop\PROYETOS\PROYECTO_SENSORES_FABRICA\sensores\src\main\java\com\example\sensores\repository\SensorDataRepository.java. Using fallback presentation compiler.
2026.04.07 15:55:18 INFO  no build target found for C:\Users\carol\Desktop\PROYETOS\PROYECTO_SENSORES_FABRICA\sensores\src\main\java\com\example\sensores\repository\SensorDataRepository.java. Using fallback presentation compiler.
2026.04.07 15:55:18 INFO  no build target found for C:\Users\carol\Desktop\PROYETOS\PROYECTO_SENSORES_FABRICA\sensores\src\main\java\com\example\sensores\repository\SensorDataRepository.java. Using fallback presentation compiler.
2026.04.07 15:55:18 INFO  no build target found for C:\Users\carol\Desktop\PROYETOS\PROYECTO_SENSORES_FABRICA\sensores\src\main\java\com\example\sensores\repository\SensorDataRepository.java. Using fallback presentation compiler.
2026.04.07 15:55:18 INFO  no build target found for C:\Users\carol\Desktop\PROYETOS\PROYECTO_SENSORES_FABRICA\sensores\src\main\java\com\example\sensores\repository\SensorDataRepository.java. Using fallback presentation compiler.
2026.04.07 15:55:20 INFO  no build target found for C:\Users\carol\Desktop\PROYETOS\PROYECTO_SENSORES_FABRICA\sensores\src\main\java\com\example\sensores\repository\SensorDataRepository.java. Using fallback presentation compiler.
2026.04.07 15:55:20 INFO  no build target found for C:\Users\carol\Desktop\PROYETOS\PROYECTO_SENSORES_FABRICA\sensores\src\main\java\com\example\sensores\repository\SensorDataRepository.java. Using fallback presentation compiler.
2026.04.07 15:55:24 INFO  no build target found for C:\Users\carol\Desktop\PROYETOS\PROYECTO_SENSORES_FABRICA\sensores\src\main\java\com\example\sensores\controller\rest\SensorRestController.java. Using fallback presentation compiler.
2026.04.07 15:55:24 WARN  no build target for: C:\Users\carol\Desktop\PROYETOS\PROYECTO_SENSORES_FABRICA\sensores\src\main\java\com\example\sensores\controller\rest\SensorRestController.java
2026.04.07 15:55:24 INFO  no build target found for C:\Users\carol\Desktop\PROYETOS\PROYECTO_SENSORES_FABRICA\sensores\src\main\java\com\example\sensores\controller\rest\SensorRestController.java. Using fallback presentation compiler.
abr 07, 2026 3:55:24 P. M. org.eclipse.lsp4j.jsonrpc.RemoteEndpoint handleCancellation
WARNING: Unmatched cancel notification for request id 3846
2026.04.07 15:55:24 INFO  no build target found for C:\Users\carol\Desktop\PROYETOS\PROYECTO_SENSORES_FABRICA\sensores\src\main\java\com\example\sensores\controller\rest\SensorRestController.java. Using fallback presentation compiler.
2026.04.07 15:55:24 INFO  no build target found for C:\Users\carol\Desktop\PROYETOS\PROYECTO_SENSORES_FABRICA\sensores\src\main\java\com\example\sensores\controller\rest\SensorRestController.java. Using fallback presentation compiler.
2026.04.07 15:55:24 INFO  no build target found for C:\Users\carol\Desktop\PROYETOS\PROYECTO_SENSORES_FABRICA\sensores\src\main\java\com\example\sensores\controller\rest\SensorRestController.java. Using fallback presentation compiler.
2026.04.07 15:55:26 INFO  no build target found for C:\Users\carol\Desktop\PROYETOS\PROYECTO_SENSORES_FABRICA\sensores\src\main\java\com\example\sensores\repository\SensorDataRepository.java. Using fallback presentation compiler.
2026.04.07 15:55:26 WARN  no build target for: C:\Users\carol\Desktop\PROYETOS\PROYECTO_SENSORES_FABRICA\sensores\src\main\java\com\example\sensores\repository\SensorDataRepository.java
2026.04.07 15:55:26 INFO  no build target found for C:\Users\carol\Desktop\PROYETOS\PROYECTO_SENSORES_FABRICA\sensores\src\main\java\com\example\sensores\repository\SensorDataRepository.java. Using fallback presentation compiler.
abr 07, 2026 3:55:26 P. M. org.eclipse.lsp4j.jsonrpc.RemoteEndpoint handleCancellation
WARNING: Unmatched cancel notification for request id 3855
2026.04.07 15:55:26 INFO  no build target found for C:\Users\carol\Desktop\PROYETOS\PROYECTO_SENSORES_FABRICA\sensores\src\main\java\com\example\sensores\repository\SensorDataRepository.java. Using fallback presentation compiler.
2026.04.07 15:55:26 INFO  no build target found for C:\Users\carol\Desktop\PROYETOS\PROYECTO_SENSORES_FABRICA\sensores\src\main\java\com\example\sensores\repository\SensorDataRepository.java. Using fallback presentation compiler.
abr 07, 2026 3:55:26 P. M. org.eclipse.lsp4j.jsonrpc.RemoteEndpoint handleCancellation
WARNING: Unmatched cancel notification for request id 3856
2026.04.07 15:55:26 INFO  no build target found for C:\Users\carol\Desktop\PROYETOS\PROYECTO_SENSORES_FABRICA\sensores\src\main\java\com\example\sensores\repository\SensorDataRepository.java. Using fallback presentation compiler.
2026.04.07 15:55:30 INFO  no build target found for C:\Users\carol\Desktop\PROYETOS\PROYECTO_SENSORES_FABRICA\sensores\src\main\java\com\example\sensores\model\SensorData.java. Using fallback presentation compiler.
2026.04.07 15:55:31 WARN  no build target for: C:\Users\carol\Desktop\PROYETOS\PROYECTO_SENSORES_FABRICA\sensores\src\main\java\com\example\sensores\model\SensorData.java
2026.04.07 15:55:30 INFO  no build target found for C:\Users\carol\Desktop\PROYETOS\PROYECTO_SENSORES_FABRICA\sensores\src\main\java\com\example\sensores\model\SensorData.java. Using fallback presentation compiler.
abr 07, 2026 3:55:31 P. M. org.eclipse.lsp4j.jsonrpc.RemoteEndpoint handleCancellation
WARNING: Unmatched cancel notification for request id 3864
2026.04.07 15:55:31 INFO  no build target found for C:\Users\carol\Desktop\PROYETOS\PROYECTO_SENSORES_FABRICA\sensores\src\main\java\com\example\sensores\model\SensorData.java. Using fallback presentation compiler.
2026.04.07 15:55:30 INFO  no build target found for C:\Users\carol\Desktop\PROYETOS\PROYECTO_SENSORES_FABRICA\sensores\src\main\java\com\example\sensores\model\SensorData.java. Using fallback presentation compiler.
2026.04.07 15:55:32 INFO  no build target found for C:\Users\carol\Desktop\PROYETOS\PROYECTO_SENSORES_FABRICA\sensores\src\main\java\com\example\sensores\model\SensorData.java. Using fallback presentation compiler.
2026.04.07 15:55:32 INFO  no build target found for C:\Users\carol\Desktop\PROYETOS\PROYECTO_SENSORES_FABRICA\sensores\src\main\java\com\example\sensores\model\SensorData.java. Using fallback presentation compiler.
2026.04.07 15:55:32 INFO  no build target found for C:\Users\carol\Desktop\PROYETOS\PROYECTO_SENSORES_FABRICA\sensores\src\main\java\com\example\sensores\model\SensorData.java. Using fallback presentation compiler.
2026.04.07 15:55:32 INFO  no build target found for C:\Users\carol\Desktop\PROYETOS\PROYECTO_SENSORES_FABRICA\sensores\src\main\java\com\example\sensores\model\SensorData.java. Using fallback presentation compiler.
2026.04.07 15:55:32 INFO  no build target found for C:\Users\carol\Desktop\PROYETOS\PROYECTO_SENSORES_FABRICA\sensores\src\main\java\com\example\sensores\model\SensorData.java. Using fallback presentation compiler.
2026.04.07 15:55:32 INFO  no build target found for C:\Users\carol\Desktop\PROYETOS\PROYECTO_SENSORES_FABRICA\sensores\src\main\java\com\example\sensores\model\SensorData.java. Using fallback presentation compiler.
2026.04.07 15:55:32 INFO  no build target found for C:\Users\carol\Desktop\PROYETOS\PROYECTO_SENSORES_FABRICA\sensores\src\main\java\com\example\sensores\model\SensorData.java. Using fallback presentation compiler.
2026.04.07 15:55:33 INFO  no build target found for C:\Users\carol\Desktop\PROYETOS\PROYECTO_SENSORES_FABRICA\sensores\src\main\java\com\example\sensores\model\SensorData.java. Using fallback presentation compiler.
2026.04.07 15:55:33 INFO  no build target found for C:\Users\carol\Desktop\PROYETOS\PROYECTO_SENSORES_FABRICA\sensores\src\main\java\com\example\sensores\model\SensorData.java. Using fallback presentation compiler.
2026.04.07 15:55:35 INFO  no build target found for C:\Users\carol\Desktop\PROYETOS\PROYECTO_SENSORES_FABRICA\sensores\src\main\java\com\example\sensores\model\SensorData.java. Using fallback presentation compiler.
2026.04.07 15:55:35 INFO  no build target found for C:\Users\carol\Desktop\PROYETOS\PROYECTO_SENSORES_FABRICA\sensores\src\main\java\com\example\sensores\model\SensorData.java. Using fallback presentation compiler.
2026.04.07 15:55:35 INFO  no build target found for C:\Users\carol\Desktop\PROYETOS\PROYECTO_SENSORES_FABRICA\sensores\src\main\java\com\example\sensores\model\SensorData.java. Using fallback presentation compiler.
2026.04.07 15:55:35 INFO  no build target found for C:\Users\carol\Desktop\PROYETOS\PROYECTO_SENSORES_FABRICA\sensores\src\main\java\com\example\sensores\model\SensorData.java. Using fallback presentation compiler.
2026.04.07 15:55:36 WARN  no build target for: C:\Users\carol\Desktop\PROYETOS\PROYECTO_SENSORES_FABRICA\sensores\src\main\java\com\example\sensores\model\SensorData.java
2026.04.07 15:55:36 INFO  no build target found for C:\Users\carol\Desktop\PROYETOS\PROYECTO_SENSORES_FABRICA\sensores\src\main\java\com\example\sensores\model\SensorData.java. Using fallback presentation compiler.
2026.04.07 15:58:00 INFO  no build target found for C:\Users\carol\Desktop\PROYETOS\PROYECTO_SENSORES_FABRICA\sensores\src\main\java\com\example\sensores\model\SensorData.java. Using fallback presentation compiler.
2026.04.07 15:58:05 INFO  Shutting down server
2026.04.07 15:58:05 INFO  Memory monitor stopped
2026.04.07 15:58:05 INFO  shutting down Metals
2026.04.07 15:58:05 INFO  Exiting server
2026.04.07 15:58:05 ERROR Unexpected error initializing server: 
org.eclipse.lsp4j.jsonrpc.ResponseErrorException: Request window/showMessageRequest failed with message: Canceled
	at org.eclipse.lsp4j.jsonrpc.RemoteEndpoint.handleResponse(RemoteEndpoint.java:214)
	at org.eclipse.lsp4j.jsonrpc.RemoteEndpoint.consume(RemoteEndpoint.java:198)
	at org.eclipse.lsp4j.jsonrpc.json.StreamMessageProducer.handleMessage(StreamMessageProducer.java:189)
	at org.eclipse.lsp4j.jsonrpc.json.StreamMessageProducer.listen(StreamMessageProducer.java:97)
	at org.eclipse.lsp4j.jsonrpc.json.ConcurrentMessageProcessor.run(ConcurrentMessageProcessor.java:97)
	at java.util.concurrent.Executors$RunnableAdapter.call(Executors.java:572)
	at java.util.concurrent.FutureTask.run(FutureTask.java:317)
	at java.util.concurrent.ThreadPoolExecutor.runWorker(ThreadPoolExecutor.java:1144)
	at java.util.concurrent.ThreadPoolExecutor$Worker.run(ThreadPoolExecutor.java:642)
	at java.lang.Thread.run(Thread.java:1583)

2026.04.07 17:31:53 INFO  Started: Metals version 1.6.7 in folders 'C:\Users\carol\Desktop\PROYETOS\PROYECTO_SENSORES_FABRICA\captura-de-datos-de-sensor-de-BME280-con-ESP32-y-base-de-postgress\aplicacionJava\sensores' for client Visual Studio Code 1.114.0.
2026.04.07 17:31:53 INFO  Memory monitor started
2026.04.07 17:31:55 WARN  Using H2 2.4.240 which is newer than the version Flyway has been verified with. The latest verified version of H2 is 2.3.232.
2026.04.07 17:31:55 INFO  no build target found for C:\Users\carol\Desktop\PROYETOS\PROYECTO_SENSORES_FABRICA\captura-de-datos-de-sensor-de-BME280-con-ESP32-y-base-de-postgress\aplicacionJava\sensores\src\main\java\com\example\sensores\controller\mvc\SensorMvcController.java. Using fallback presentation compiler.
abr 07, 2026 5:31:56 P. M. org.eclipse.lsp4j.jsonrpc.RemoteEndpoint handleCancellation
WARNING: Unmatched cancel notification for request id 2
abr 07, 2026 5:31:56 P. M. org.eclipse.lsp4j.jsonrpc.RemoteEndpoint handleCancellation
WARNING: Unmatched cancel notification for request id 1
2026.04.07 17:31:59 INFO  no build target found for C:\Users\carol\Desktop\PROYETOS\PROYECTO_SENSORES_FABRICA\captura-de-datos-de-sensor-de-BME280-con-ESP32-y-base-de-postgress\aplicacionJava\sensores\src\main\java\com\example\sensores\controller\mvc\SensorMvcController.java. Using fallback presentation compiler.
2026.04.07 17:31:59 INFO  no build target found for C:\Users\carol\Desktop\PROYETOS\PROYECTO_SENSORES_FABRICA\captura-de-datos-de-sensor-de-BME280-con-ESP32-y-base-de-postgress\aplicacionJava\sensores\src\main\java\com\example\sensores\model\SensorData.java. Using fallback presentation compiler.
2026.04.07 17:31:59 INFO  no build target found for C:\Users\carol\Desktop\PROYETOS\PROYECTO_SENSORES_FABRICA\captura-de-datos-de-sensor-de-BME280-con-ESP32-y-base-de-postgress\aplicacionJava\sensores\src\main\java\com\example\sensores\model\SensorData.java. Using fallback presentation compiler.
abr 07, 2026 5:31:59 P. M. org.eclipse.lsp4j.jsonrpc.RemoteEndpoint handleCancellation
WARNING: Unmatched cancel notification for request id 7
2026.04.07 17:31:59 INFO  no build target found for C:\Users\carol\Desktop\PROYETOS\PROYECTO_SENSORES_FABRICA\captura-de-datos-de-sensor-de-BME280-con-ESP32-y-base-de-postgress\aplicacionJava\sensores\src\main\java\com\example\sensores\model\SensorData.java. Using fallback presentation compiler.
2026.04.07 17:32:09 INFO  no build target found for C:\Users\carol\Desktop\PROYETOS\PROYECTO_SENSORES_FABRICA\captura-de-datos-de-sensor-de-BME280-con-ESP32-y-base-de-postgress\aplicacionJava\sensores\src\main\java\com\example\sensores\model\SensorData.java. Using fallback presentation compiler.
abr 07, 2026 5:32:15 P. M. org.eclipse.lsp4j.jsonrpc.services.GenericEndpoint notify
INFO: Unsupported notification method: $/setTrace
2026.04.07 17:32:15 INFO  no build target found for C:\Users\carol\Desktop\PROYETOS\PROYECTO_SENSORES_FABRICA\captura-de-datos-de-sensor-de-BME280-con-ESP32-y-base-de-postgress\aplicacionJava\sensores\src\main\java\com\example\sensores\model\SensorData.java. Using fallback presentation compiler.
abr 07, 2026 5:32:19 P. M. org.eclipse.lsp4j.jsonrpc.services.GenericEndpoint notify
INFO: Unsupported notification method: $/setTrace
2026.04.07 17:32:19 INFO  no build target found for C:\Users\carol\Desktop\PROYETOS\PROYECTO_SENSORES_FABRICA\captura-de-datos-de-sensor-de-BME280-con-ESP32-y-base-de-postgress\aplicacionJava\sensores\src\main\java\com\example\sensores\model\SensorData.java. Using fallback presentation compiler.
2026.04.07 17:33:26 INFO  no build target found for C:\Users\carol\Desktop\PROYETOS\PROYECTO_SENSORES_FABRICA\captura-de-datos-de-sensor-de-BME280-con-ESP32-y-base-de-postgress\aplicacionJava\sensores\src\main\java\com\example\sensores\model\SensorData.java. Using fallback presentation compiler.
2026.04.07 17:42:57 INFO  no build target found for C:\Users\carol\Desktop\PROYETOS\PROYECTO_SENSORES_FABRICA\captura-de-datos-de-sensor-de-BME280-con-ESP32-y-base-de-postgress\aplicacionJava\sensores\src\main\java\com\example\sensores\model\SensorData.java. Using fallback presentation compiler.
2026.04.07 17:42:57 INFO  no build target found for C:\Users\carol\Desktop\PROYETOS\PROYECTO_SENSORES_FABRICA\captura-de-datos-de-sensor-de-BME280-con-ESP32-y-base-de-postgress\aplicacionJava\sensores\src\main\java\com\example\sensores\controller\rest\SensorRestController.java. Using fallback presentation compiler.
2026.04.07 17:42:57 INFO  no build target found for C:\Users\carol\Desktop\PROYETOS\PROYECTO_SENSORES_FABRICA\captura-de-datos-de-sensor-de-BME280-con-ESP32-y-base-de-postgress\aplicacionJava\sensores\src\main\java\com\example\sensores\controller\rest\SensorRestController.java. Using fallback presentation compiler.
abr 07, 2026 5:42:57 P. M. org.eclipse.lsp4j.jsonrpc.RemoteEndpoint handleCancellation
WARNING: Unmatched cancel notification for request id 30
2026.04.07 17:42:57 INFO  no build target found for C:\Users\carol\Desktop\PROYETOS\PROYECTO_SENSORES_FABRICA\captura-de-datos-de-sensor-de-BME280-con-ESP32-y-base-de-postgress\aplicacionJava\sensores\src\main\java\com\example\sensores\controller\rest\SensorRestController.java. Using fallback presentation compiler.
2026.04.07 17:42:58 INFO  no build target found for C:\Users\carol\Desktop\PROYETOS\PROYECTO_SENSORES_FABRICA\captura-de-datos-de-sensor-de-BME280-con-ESP32-y-base-de-postgress\aplicacionJava\sensores\src\main\java\com\example\sensores\controller\rest\SensorRestController.java. Using fallback presentation compiler.
2026.04.07 17:42:59 INFO  no build target found for C:\Users\carol\Desktop\PROYETOS\PROYECTO_SENSORES_FABRICA\captura-de-datos-de-sensor-de-BME280-con-ESP32-y-base-de-postgress\aplicacionJava\sensores\src\main\java\com\example\sensores\controller\rest\SensorRestController.java. Using fallback presentation compiler.
2026.04.07 17:43:03 INFO  no build target found for C:\Users\carol\Desktop\PROYETOS\PROYECTO_SENSORES_FABRICA\captura-de-datos-de-sensor-de-BME280-con-ESP32-y-base-de-postgress\aplicacionJava\sensores\src\main\java\com\example\sensores\controller\rest\SensorRestController.java. Using fallback presentation compiler.
2026.04.07 17:43:03 INFO  no build target found for C:\Users\carol\Desktop\PROYETOS\PROYECTO_SENSORES_FABRICA\captura-de-datos-de-sensor-de-BME280-con-ESP32-y-base-de-postgress\aplicacionJava\sensores\src\main\java\com\example\sensores\controller\rest\SensorRestController.java. Using fallback presentation compiler.
2026.04.07 17:43:05 INFO  no build target found for C:\Users\carol\Desktop\PROYETOS\PROYECTO_SENSORES_FABRICA\captura-de-datos-de-sensor-de-BME280-con-ESP32-y-base-de-postgress\aplicacionJava\sensores\src\main\java\com\example\sensores\controller\rest\SensorRestController.java. Using fallback presentation compiler.
2026.04.07 17:43:05 INFO  no build target found for C:\Users\carol\Desktop\PROYETOS\PROYECTO_SENSORES_FABRICA\captura-de-datos-de-sensor-de-BME280-con-ESP32-y-base-de-postgress\aplicacionJava\sensores\src\main\java\com\example\sensores\controller\rest\SensorRestController.java. Using fallback presentation compiler.
2026.04.07 17:43:05 INFO  no build target found for C:\Users\carol\Desktop\PROYETOS\PROYECTO_SENSORES_FABRICA\captura-de-datos-de-sensor-de-BME280-con-ESP32-y-base-de-postgress\aplicacionJava\sensores\src\main\java\com\example\sensores\controller\rest\SensorRestController.java. Using fallback presentation compiler.
2026.04.07 17:56:26 INFO  no build target found for C:\Users\carol\Desktop\PROYETOS\PROYECTO_SENSORES_FABRICA\captura-de-datos-de-sensor-de-BME280-con-ESP32-y-base-de-postgress\aplicacionJava\sensores\src\main\java\com\example\sensores\controller\rest\SensorRestController.java. Using fallback presentation compiler.
2026.04.07 17:56:26 INFO  no build target found for C:\Users\carol\Desktop\PROYETOS\PROYECTO_SENSORES_FABRICA\captura-de-datos-de-sensor-de-BME280-con-ESP32-y-base-de-postgress\aplicacionJava\sensores\src\main\java\com\example\sensores\controller\rest\SensorRestController.java. Using fallback presentation compiler.
2026.04.07 17:56:28 INFO  no build target found for C:\Users\carol\Desktop\PROYETOS\PROYECTO_SENSORES_FABRICA\captura-de-datos-de-sensor-de-BME280-con-ESP32-y-base-de-postgress\aplicacionJava\sensores\src\main\java\com\example\sensores\controller\rest\SensorRestController.java. Using fallback presentation compiler.
2026.04.07 17:56:28 INFO  no build target found for C:\Users\carol\Desktop\PROYETOS\PROYECTO_SENSORES_FABRICA\captura-de-datos-de-sensor-de-BME280-con-ESP32-y-base-de-postgress\aplicacionJava\sensores\src\main\java\com\example\sensores\controller\rest\SensorRestController.java. Using fallback presentation compiler.
2026.04.07 17:56:29 INFO  no build target found for C:\Users\carol\Desktop\PROYETOS\PROYECTO_SENSORES_FABRICA\captura-de-datos-de-sensor-de-BME280-con-ESP32-y-base-de-postgress\aplicacionJava\sensores\src\main\java\com\example\sensores\controller\rest\SensorRestController.java. Using fallback presentation compiler.
2026.04.07 17:56:30 INFO  no build target found for C:\Users\carol\Desktop\PROYETOS\PROYECTO_SENSORES_FABRICA\captura-de-datos-de-sensor-de-BME280-con-ESP32-y-base-de-postgress\aplicacionJava\sensores\src\main\java\com\example\sensores\controller\rest\SensorRestController.java. Using fallback presentation compiler.
2026.04.07 17:56:30 INFO  no build target found for C:\Users\carol\Desktop\PROYETOS\PROYECTO_SENSORES_FABRICA\captura-de-datos-de-sensor-de-BME280-con-ESP32-y-base-de-postgress\aplicacionJava\sensores\src\main\java\com\example\sensores\controller\rest\SensorRestController.java. Using fallback presentation compiler.
2026.04.07 17:56:41 INFO  no build target found for C:\Users\carol\Desktop\PROYETOS\PROYECTO_SENSORES_FABRICA\captura-de-datos-de-sensor-de-BME280-con-ESP32-y-base-de-postgress\aplicacionJava\sensores\src\main\java\com\example\sensores\controller\rest\SensorRestController.java. Using fallback presentation compiler.
2026.04.07 17:56:41 INFO  no build target found for C:\Users\carol\Desktop\PROYETOS\PROYECTO_SENSORES_FABRICA\captura-de-datos-de-sensor-de-BME280-con-ESP32-y-base-de-postgress\aplicacionJava\sensores\src\main\java\com\example\sensores\controller\mvc\SensorMvcController.java. Using fallback presentation compiler.
2026.04.07 17:56:42 INFO  no build target found for C:\Users\carol\Desktop\PROYETOS\PROYECTO_SENSORES_FABRICA\captura-de-datos-de-sensor-de-BME280-con-ESP32-y-base-de-postgress\aplicacionJava\sensores\src\main\java\com\example\sensores\controller\mvc\SensorMvcController.java. Using fallback presentation compiler.
2026.04.07 17:56:41 INFO  no build target found for C:\Users\carol\Desktop\PROYETOS\PROYECTO_SENSORES_FABRICA\captura-de-datos-de-sensor-de-BME280-con-ESP32-y-base-de-postgress\aplicacionJava\sensores\src\main\java\com\example\sensores\controller\mvc\SensorMvcController.java. Using fallback presentation compiler.
2026.04.07 17:56:41 INFO  no build target found for C:\Users\carol\Desktop\PROYETOS\PROYECTO_SENSORES_FABRICA\captura-de-datos-de-sensor-de-BME280-con-ESP32-y-base-de-postgress\aplicacionJava\sensores\src\main\java\com\example\sensores\controller\mvc\SensorMvcController.java. Using fallback presentation compiler.
2026.04.07 17:56:41 INFO  no build target found for C:\Users\carol\Desktop\PROYETOS\PROYECTO_SENSORES_FABRICA\captura-de-datos-de-sensor-de-BME280-con-ESP32-y-base-de-postgress\aplicacionJava\sensores\src\main\java\com\example\sensores\controller\mvc\SensorMvcController.java. Using fallback presentation compiler.
2026.04.07 17:56:43 INFO  no build target found for C:\Users\carol\Desktop\PROYETOS\PROYECTO_SENSORES_FABRICA\captura-de-datos-de-sensor-de-BME280-con-ESP32-y-base-de-postgress\aplicacionJava\sensores\src\main\java\com\example\sensores\controller\mvc\SensorMvcController.java. Using fallback presentation compiler.
2026.04.07 17:56:43 INFO  no build target found for C:\Users\carol\Desktop\PROYETOS\PROYECTO_SENSORES_FABRICA\captura-de-datos-de-sensor-de-BME280-con-ESP32-y-base-de-postgress\aplicacionJava\sensores\src\main\java\com\example\sensores\controller\mvc\SensorMvcController.java. Using fallback presentation compiler.
2026.04.07 17:56:45 INFO  no build target found for C:\Users\carol\Desktop\PROYETOS\PROYECTO_SENSORES_FABRICA\captura-de-datos-de-sensor-de-BME280-con-ESP32-y-base-de-postgress\aplicacionJava\sensores\src\main\java\com\example\sensores\controller\mvc\SensorMvcController.java. Using fallback presentation compiler.
2026.04.07 17:56:45 INFO  no build target found for C:\Users\carol\Desktop\PROYETOS\PROYECTO_SENSORES_FABRICA\captura-de-datos-de-sensor-de-BME280-con-ESP32-y-base-de-postgress\aplicacionJava\sensores\src\main\java\com\example\sensores\controller\mvc\SensorMvcController.java. Using fallback presentation compiler.
2026.04.07 17:56:45 INFO  no build target found for C:\Users\carol\Desktop\PROYETOS\PROYECTO_SENSORES_FABRICA\captura-de-datos-de-sensor-de-BME280-con-ESP32-y-base-de-postgress\aplicacionJava\sensores\src\main\java\com\example\sensores\controller\mvc\SensorMvcController.java. Using fallback presentation compiler.
2026.04.07 18:00:00 INFO  no build target found for C:\Users\carol\Desktop\PROYETOS\PROYECTO_SENSORES_FABRICA\captura-de-datos-de-sensor-de-BME280-con-ESP32-y-base-de-postgress\aplicacionJava\sensores\src\main\java\com\example\sensores\controller\mvc\SensorMvcController.java. Using fallback presentation compiler.
2026.04.07 18:00:00 INFO  no build target found for C:\Users\carol\Desktop\PROYETOS\PROYECTO_SENSORES_FABRICA\captura-de-datos-de-sensor-de-BME280-con-ESP32-y-base-de-postgress\aplicacionJava\sensores\src\main\java\com\example\sensores\controller\mvc\SensorMvcController.java. Using fallback presentation compiler.
2026.04.07 18:06:57 INFO  no build target found for C:\Users\carol\Desktop\PROYETOS\PROYECTO_SENSORES_FABRICA\captura-de-datos-de-sensor-de-BME280-con-ESP32-y-base-de-postgress\aplicacionJava\sensores\src\main\java\com\example\sensores\controller\mvc\SensorMvcController.java. Using fallback presentation compiler.
2026.04.07 18:10:15 INFO  no build target found for C:\Users\carol\Desktop\PROYETOS\PROYECTO_SENSORES_FABRICA\captura-de-datos-de-sensor-de-BME280-con-ESP32-y-base-de-postgress\aplicacionJava\sensores\src\main\java\com\example\sensores\controller\mvc\SensorMvcController.java. Using fallback presentation compiler.
2026.04.07 18:10:19 INFO  Shutting down server
2026.04.07 18:10:19 INFO  Memory monitor stopped
2026.04.07 18:10:19 INFO  shutting down Metals
2026.04.07 18:10:19 INFO  Exiting server
2026.04.07 18:10:19 ERROR Unexpected error initializing server: 
org.eclipse.lsp4j.jsonrpc.ResponseErrorException: Request window/showMessageRequest failed with message: Canceled
	at org.eclipse.lsp4j.jsonrpc.RemoteEndpoint.handleResponse(RemoteEndpoint.java:214)
	at org.eclipse.lsp4j.jsonrpc.RemoteEndpoint.consume(RemoteEndpoint.java:198)
	at org.eclipse.lsp4j.jsonrpc.json.StreamMessageProducer.handleMessage(StreamMessageProducer.java:189)
	at org.eclipse.lsp4j.jsonrpc.json.StreamMessageProducer.listen(StreamMessageProducer.java:97)
	at org.eclipse.lsp4j.jsonrpc.json.ConcurrentMessageProcessor.run(ConcurrentMessageProcessor.java:97)
	at java.util.concurrent.Executors$RunnableAdapter.call(Executors.java:572)
	at java.util.concurrent.FutureTask.run(FutureTask.java:317)
	at java.util.concurrent.ThreadPoolExecutor.runWorker(ThreadPoolExecutor.java:1144)
	at java.util.concurrent.ThreadPoolExecutor$Worker.run(ThreadPoolExecutor.java:642)
	at java.lang.Thread.run(Thread.java:1583)

2026.04.08 11:01:56 INFO  Started: Metals version 1.6.7 in folders 'C:\Users\carol\Desktop\PROYETOS\PROYECTO_SENSORES_FABRICA\captura-de-datos-de-sensor-de-BME280-con-ESP32-y-base-de-postgress\aplicacionJava\sensores' for client Visual Studio Code 1.114.0.
2026.04.08 11:01:56 INFO  Memory monitor started
2026.04.08 11:01:58 WARN  Using H2 2.4.240 which is newer than the version Flyway has been verified with. The latest verified version of H2 is 2.3.232.
2026.04.08 11:01:58 INFO  no build target found for C:\Users\carol\Desktop\PROYETOS\PROYECTO_SENSORES_FABRICA\captura-de-datos-de-sensor-de-BME280-con-ESP32-y-base-de-postgress\aplicacionJava\sensores\src\main\java\com\example\sensores\controller\mvc\SensorMvcController.java. Using fallback presentation compiler.
2026.04.08 11:01:59 INFO  no build target found for C:\Users\carol\Desktop\PROYETOS\PROYECTO_SENSORES_FABRICA\captura-de-datos-de-sensor-de-BME280-con-ESP32-y-base-de-postgress\aplicacionJava\sensores\src\main\java\com\example\sensores\controller\mvc\SensorMvcController.java. Using fallback presentation compiler.
abr 08, 2026 11:01:59 A. M. org.eclipse.lsp4j.jsonrpc.RemoteEndpoint handleCancellation
WARNING: Unmatched cancel notification for request id 6
abr 08, 2026 11:01:59 A. M. org.eclipse.lsp4j.jsonrpc.RemoteEndpoint handleCancellation
WARNING: Unmatched cancel notification for request id 1
abr 08, 2026 11:01:59 A. M. org.eclipse.lsp4j.jsonrpc.RemoteEndpoint handleCancellation
WARNING: Unmatched cancel notification for request id 2
abr 08, 2026 11:01:59 A. M. org.eclipse.lsp4j.jsonrpc.RemoteEndpoint handleCancellation
WARNING: Unmatched cancel notification for request id 3
2026.04.08 11:02:00 INFO  no build target found for C:\Users\carol\Desktop\PROYETOS\PROYECTO_SENSORES_FABRICA\captura-de-datos-de-sensor-de-BME280-con-ESP32-y-base-de-postgress\aplicacionJava\sensores\src\main\java\com\example\sensores\controller\mvc\SensorMvcController.java. Using fallback presentation compiler.
2026.04.08 11:02:04 INFO  no build target found for C:\Users\carol\Desktop\PROYETOS\PROYECTO_SENSORES_FABRICA\captura-de-datos-de-sensor-de-BME280-con-ESP32-y-base-de-postgress\aplicacionJava\sensores\src\main\java\com\example\sensores\controller\mvc\SensorMvcController.java. Using fallback presentation compiler.
2026.04.08 11:02:07 INFO  no build target found for C:\Users\carol\Desktop\PROYETOS\PROYECTO_SENSORES_FABRICA\captura-de-datos-de-sensor-de-BME280-con-ESP32-y-base-de-postgress\aplicacionJava\sensores\src\main\java\com\example\sensores\controller\mvc\SensorMvcController.java. Using fallback presentation compiler.
2026.04.08 11:02:15 INFO  no build target found for C:\Users\carol\Desktop\PROYETOS\PROYECTO_SENSORES_FABRICA\captura-de-datos-de-sensor-de-BME280-con-ESP32-y-base-de-postgress\aplicacionJava\sensores\src\main\java\com\example\sensores\controller\mvc\SensorMvcController.java. Using fallback presentation compiler.
2026.04.08 11:02:15 INFO  no build target found for C:\Users\carol\Desktop\PROYETOS\PROYECTO_SENSORES_FABRICA\captura-de-datos-de-sensor-de-BME280-con-ESP32-y-base-de-postgress\aplicacionJava\sensores\src\main\java\com\example\sensores\controller\mvc\SensorMvcController.java. Using fallback presentation compiler.
2026.04.08 11:02:15 INFO  no build target found for C:\Users\carol\Desktop\PROYETOS\PROYECTO_SENSORES_FABRICA\captura-de-datos-de-sensor-de-BME280-con-ESP32-y-base-de-postgress\aplicacionJava\sensores\src\main\java\com\example\sensores\controller\mvc\SensorMvcController.java. Using fallback presentation compiler.
2026.04.08 11:02:15 INFO  no build target found for C:\Users\carol\Desktop\PROYETOS\PROYECTO_SENSORES_FABRICA\captura-de-datos-de-sensor-de-BME280-con-ESP32-y-base-de-postgress\aplicacionJava\sensores\src\main\java\com\example\sensores\controller\mvc\SensorMvcController.java. Using fallback presentation compiler.
abr 08, 2026 11:02:15 A. M. org.eclipse.lsp4j.jsonrpc.RemoteEndpoint handleCancellation
WARNING: Unmatched cancel notification for request id 19
abr 08, 2026 11:02:15 A. M. org.eclipse.lsp4j.jsonrpc.RemoteEndpoint handleCancellation
WARNING: Unmatched cancel notification for request id 20
abr 08, 2026 11:02:15 A. M. org.eclipse.lsp4j.jsonrpc.RemoteEndpoint handleCancellation
WARNING: Unmatched cancel notification for request id 21
2026.04.08 11:02:15 INFO  no build target found for C:\Users\carol\Desktop\PROYETOS\PROYECTO_SENSORES_FABRICA\captura-de-datos-de-sensor-de-BME280-con-ESP32-y-base-de-postgress\aplicacionJava\sensores\src\main\java\com\example\sensores\controller\mvc\SensorMvcController.java. Using fallback presentation compiler.
2026.04.08 11:02:16 INFO  no build target found for C:\Users\carol\Desktop\PROYETOS\PROYECTO_SENSORES_FABRICA\captura-de-datos-de-sensor-de-BME280-con-ESP32-y-base-de-postgress\aplicacionJava\sensores\src\main\java\com\example\sensores\controller\mvc\SensorMvcController.java. Using fallback presentation compiler.
2026.04.08 11:02:17 INFO  no build target found for C:\Users\carol\Desktop\PROYETOS\PROYECTO_SENSORES_FABRICA\captura-de-datos-de-sensor-de-BME280-con-ESP32-y-base-de-postgress\aplicacionJava\sensores\src\main\java\com\example\sensores\controller\mvc\SensorMvcController.java. Using fallback presentation compiler.
2026.04.08 11:02:22 INFO  no build target found for C:\Users\carol\Desktop\PROYETOS\PROYECTO_SENSORES_FABRICA\captura-de-datos-de-sensor-de-BME280-con-ESP32-y-base-de-postgress\aplicacionJava\sensores\src\main\java\com\example\sensores\controller\mvc\SensorMvcController.java. Using fallback presentation compiler.
2026.04.08 11:12:43 INFO  no build target found for C:\Users\carol\Desktop\PROYETOS\PROYECTO_SENSORES_FABRICA\captura-de-datos-de-sensor-de-BME280-con-ESP32-y-base-de-postgress\aplicacionJava\sensores\src\main\java\com\example\sensores\controller\mvc\SensorMvcController.java. Using fallback presentation compiler.
2026.04.08 11:29:50 INFO  no build target found for C:\Users\carol\Desktop\PROYETOS\PROYECTO_SENSORES_FABRICA\captura-de-datos-de-sensor-de-BME280-con-ESP32-y-base-de-postgress\aplicacionJava\sensores\src\main\java\com\example\sensores\controller\rest\SensorRestController.java. Using fallback presentation compiler.
abr 08, 2026 11:29:51 A. M. org.eclipse.lsp4j.jsonrpc.RemoteEndpoint handleCancellation
WARNING: Unmatched cancel notification for request id 33
2026.04.08 11:29:51 INFO  no build target found for C:\Users\carol\Desktop\PROYETOS\PROYECTO_SENSORES_FABRICA\captura-de-datos-de-sensor-de-BME280-con-ESP32-y-base-de-postgress\aplicacionJava\sensores\src\main\java\com\example\sensores\controller\rest\SensorRestController.java. Using fallback presentation compiler.
2026.04.08 11:29:51 INFO  no build target found for C:\Users\carol\Desktop\PROYETOS\PROYECTO_SENSORES_FABRICA\captura-de-datos-de-sensor-de-BME280-con-ESP32-y-base-de-postgress\aplicacionJava\sensores\src\main\java\com\example\sensores\controller\rest\SensorRestController.java. Using fallback presentation compiler.
2026.04.08 11:29:51 INFO  no build target found for C:\Users\carol\Desktop\PROYETOS\PROYECTO_SENSORES_FABRICA\captura-de-datos-de-sensor-de-BME280-con-ESP32-y-base-de-postgress\aplicacionJava\sensores\src\main\java\com\example\sensores\controller\rest\SensorRestController.java. Using fallback presentation compiler.
abr 08, 2026 11:29:52 A. M. org.eclipse.lsp4j.jsonrpc.RemoteEndpoint handleCancellation
WARNING: Unmatched cancel notification for request id 38
2026.04.08 11:29:51 INFO  no build target found for C:\Users\carol\Desktop\PROYETOS\PROYECTO_SENSORES_FABRICA\captura-de-datos-de-sensor-de-BME280-con-ESP32-y-base-de-postgress\aplicacionJava\sensores\src\main\java\com\example\sensores\controller\rest\SensorRestController.java. Using fallback presentation compiler.
abr 08, 2026 11:29:52 A. M. org.eclipse.lsp4j.jsonrpc.RemoteEndpoint handleCancellation
WARNING: Unmatched cancel notification for request id 43
2026.04.08 11:29:51 INFO  no build target found for C:\Users\carol\Desktop\PROYETOS\PROYECTO_SENSORES_FABRICA\captura-de-datos-de-sensor-de-BME280-con-ESP32-y-base-de-postgress\aplicacionJava\sensores\src\main\java\com\example\sensores\controller\rest\SensorRestController.java. Using fallback presentation compiler.
2026.04.08 11:40:15 INFO  Shutting down server
2026.04.08 11:40:15 INFO  Memory monitor stopped
2026.04.08 11:40:15 INFO  shutting down Metals
2026.04.08 11:40:15 INFO  Exiting server
2026.04.08 11:40:15 ERROR Unexpected error initializing server: 
org.eclipse.lsp4j.jsonrpc.ResponseErrorException: Request window/showMessageRequest failed with message: Canceled
	at org.eclipse.lsp4j.jsonrpc.RemoteEndpoint.handleResponse(RemoteEndpoint.java:214)
	at org.eclipse.lsp4j.jsonrpc.RemoteEndpoint.consume(RemoteEndpoint.java:198)
	at org.eclipse.lsp4j.jsonrpc.json.StreamMessageProducer.handleMessage(StreamMessageProducer.java:189)
	at org.eclipse.lsp4j.jsonrpc.json.StreamMessageProducer.listen(StreamMessageProducer.java:97)
	at org.eclipse.lsp4j.jsonrpc.json.ConcurrentMessageProcessor.run(ConcurrentMessageProcessor.java:97)
	at java.util.concurrent.Executors$RunnableAdapter.call(Executors.java:572)
	at java.util.concurrent.FutureTask.run(FutureTask.java:317)
	at java.util.concurrent.ThreadPoolExecutor.runWorker(ThreadPoolExecutor.java:1144)
	at java.util.concurrent.ThreadPoolExecutor$Worker.run(ThreadPoolExecutor.java:642)
	at java.lang.Thread.run(Thread.java:1583)

2026.04.08 12:53:35 INFO  Started: Metals version 1.6.7 in folders 'C:\Users\carol\Desktop\PROYETOS\PROYECTO_SENSORES_FABRICA\captura-de-datos-de-sensor-de-BME280-con-ESP32-y-base-de-postgress\aplicacionJava\sensores' for client Visual Studio Code 1.114.0.
2026.04.08 12:53:35 INFO  Memory monitor started
2026.04.08 12:53:38 WARN  Using H2 2.4.240 which is newer than the version Flyway has been verified with. The latest verified version of H2 is 2.3.232.
2026.04.08 12:53:38 INFO  no build target found for C:\Users\carol\Desktop\PROYETOS\PROYECTO_SENSORES_FABRICA\captura-de-datos-de-sensor-de-BME280-con-ESP32-y-base-de-postgress\aplicacionJava\sensores\src\main\java\com\example\sensores\controller\rest\SensorRestController.java. Using fallback presentation compiler.
2026.04.08 12:53:41 INFO  no build target found for C:\Users\carol\Desktop\PROYETOS\PROYECTO_SENSORES_FABRICA\captura-de-datos-de-sensor-de-BME280-con-ESP32-y-base-de-postgress\aplicacionJava\sensores\src\main\java\com\example\sensores\controller\rest\SensorRestController.java. Using fallback presentation compiler.
2026.04.08 12:53:53 INFO  no build target found for C:\Users\carol\Desktop\PROYETOS\PROYECTO_SENSORES_FABRICA\captura-de-datos-de-sensor-de-BME280-con-ESP32-y-base-de-postgress\aplicacionJava\sensores\src\main\java\com\example\sensores\controller\rest\SensorRestController.java. Using fallback presentation compiler.
2026.04.08 12:54:24 INFO  no build target found for C:\Users\carol\Desktop\PROYETOS\PROYECTO_SENSORES_FABRICA\captura-de-datos-de-sensor-de-BME280-con-ESP32-y-base-de-postgress\aplicacionJava\sensores\src\main\java\com\example\sensores\controller\rest\SensorRestController.java. Using fallback presentation compiler.
2026.04.08 12:54:24 INFO  no build target found for C:\Users\carol\Desktop\PROYETOS\PROYECTO_SENSORES_FABRICA\captura-de-datos-de-sensor-de-BME280-con-ESP32-y-base-de-postgress\aplicacionJava\sensores\src\main\java\com\example\sensores\controller\rest\SensorRestController.java. Using fallback presentation compiler.
2026.04.08 12:54:24 INFO  no build target found for C:\Users\carol\Desktop\PROYETOS\PROYECTO_SENSORES_FABRICA\captura-de-datos-de-sensor-de-BME280-con-ESP32-y-base-de-postgress\aplicacionJava\sensores\src\main\java\com\example\sensores\controller\rest\SensorRestController.java. Using fallback presentation compiler.
2026.04.08 12:54:25 INFO  no build target found for C:\Users\carol\Desktop\PROYETOS\PROYECTO_SENSORES_FABRICA\captura-de-datos-de-sensor-de-BME280-con-ESP32-y-base-de-postgress\aplicacionJava\sensores\src\main\java\com\example\sensores\controller\rest\SensorRestController.java. Using fallback presentation compiler.
abr 08, 2026 12:54:25 P. M. org.eclipse.lsp4j.jsonrpc.RemoteEndpoint handleCancellation
WARNING: Unmatched cancel notification for request id 11
abr 08, 2026 12:54:25 P. M. org.eclipse.lsp4j.jsonrpc.RemoteEndpoint handleCancellation
WARNING: Unmatched cancel notification for request id 12
abr 08, 2026 12:54:25 P. M. org.eclipse.lsp4j.jsonrpc.RemoteEndpoint handleCancellation
WARNING: Unmatched cancel notification for request id 13
2026.04.08 12:54:25 INFO  no build target found for C:\Users\carol\Desktop\PROYETOS\PROYECTO_SENSORES_FABRICA\captura-de-datos-de-sensor-de-BME280-con-ESP32-y-base-de-postgress\aplicacionJava\sensores\src\main\java\com\example\sensores\controller\rest\SensorRestController.java. Using fallback presentation compiler.
2026.04.08 12:54:26 INFO  no build target found for C:\Users\carol\Desktop\PROYETOS\PROYECTO_SENSORES_FABRICA\captura-de-datos-de-sensor-de-BME280-con-ESP32-y-base-de-postgress\aplicacionJava\sensores\src\main\java\com\example\sensores\controller\rest\SensorRestController.java. Using fallback presentation compiler.
2026.04.08 12:54:31 INFO  no build target found for C:\Users\carol\Desktop\PROYETOS\PROYECTO_SENSORES_FABRICA\captura-de-datos-de-sensor-de-BME280-con-ESP32-y-base-de-postgress\aplicacionJava\sensores\src\main\java\com\example\sensores\controller\rest\SensorRestController.java. Using fallback presentation compiler.
2026.04.08 12:54:47 INFO  no build target found for C:\Users\carol\Desktop\PROYETOS\PROYECTO_SENSORES_FABRICA\captura-de-datos-de-sensor-de-BME280-con-ESP32-y-base-de-postgress\aplicacionJava\sensores\src\main\java\com\example\sensores\controller\rest\SensorRestController.java. Using fallback presentation compiler.
2026.04.08 12:54:49 INFO  no build target found for C:\Users\carol\Desktop\PROYETOS\PROYECTO_SENSORES_FABRICA\captura-de-datos-de-sensor-de-BME280-con-ESP32-y-base-de-postgress\aplicacionJava\sensores\src\main\java\com\example\sensores\controller\rest\SensorRestController.java. Using fallback presentation compiler.
2026.04.08 12:57:51 WARN  no build target for: C:\Users\carol\Desktop\PROYETOS\PROYECTO_SENSORES_FABRICA\captura-de-datos-de-sensor-de-BME280-con-ESP32-y-base-de-postgress\aplicacionJava\sensores\src\main\java\com\example\sensores\controller\rest\SensorRestController.java
2026.04.08 12:57:51 INFO  no build target found for C:\Users\carol\Desktop\PROYETOS\PROYECTO_SENSORES_FABRICA\captura-de-datos-de-sensor-de-BME280-con-ESP32-y-base-de-postgress\aplicacionJava\sensores\src\main\java\com\example\sensores\controller\rest\SensorRestController.java. Using fallback presentation compiler.
2026.04.08 12:58:01 INFO  Shutting down server
2026.04.08 12:58:01 INFO  Memory monitor stopped
2026.04.08 12:58:01 INFO  shutting down Metals
2026.04.08 12:58:01 INFO  Exiting server
2026.04.10 09:06:24 INFO  Started: Metals version 1.6.7 in folders 'C:\Users\carol\Desktop\PROYETOS\PROYECTO_SENSORES_FABRICA\captura-de-datos-de-sensor-de-BME280-con-ESP32-y-base-de-postgress\aplicacionJava\sensores' for client Visual Studio Code 1.115.0.
2026.04.10 09:06:24 INFO  Memory monitor started
2026.04.10 09:06:30 WARN  Using H2 2.4.240 which is newer than the version Flyway has been verified with. The latest verified version of H2 is 2.3.232.
2026.04.10 09:06:30 INFO  no build target found for C:\Users\carol\Desktop\PROYETOS\PROYECTO_SENSORES_FABRICA\captura-de-datos-de-sensor-de-BME280-con-ESP32-y-base-de-postgress\aplicacionJava\sensores\src\main\java\com\example\sensores\controller\rest\SensorRestController.java. Using fallback presentation compiler.
2026.04.10 09:06:33 INFO  no build target found for C:\Users\carol\Desktop\PROYETOS\PROYECTO_SENSORES_FABRICA\captura-de-datos-de-sensor-de-BME280-con-ESP32-y-base-de-postgress\aplicacionJava\sensores\src\main\java\com\example\sensores\controller\rest\SensorRestController.java. Using fallback presentation compiler.
2026.04.10 09:06:42 INFO  no build target found for C:\Users\carol\Desktop\PROYETOS\PROYECTO_SENSORES_FABRICA\captura-de-datos-de-sensor-de-BME280-con-ESP32-y-base-de-postgress\aplicacionJava\sensores\src\main\java\com\example\sensores\controller\rest\SensorRestController.java. Using fallback presentation compiler.
2026.04.10 09:07:17 INFO  no build target found for C:\Users\carol\Desktop\PROYETOS\PROYECTO_SENSORES_FABRICA\captura-de-datos-de-sensor-de-BME280-con-ESP32-y-base-de-postgress\aplicacionJava\sensores\src\main\java\com\example\sensores\controller\rest\SensorRestController.java. Using fallback presentation compiler.
2026.04.10 09:07:17 INFO  no build target found for C:\Users\carol\Desktop\PROYETOS\PROYECTO_SENSORES_FABRICA\captura-de-datos-de-sensor-de-BME280-con-ESP32-y-base-de-postgress\aplicacionJava\sensores\src\main\java\com\example\sensores\controller\rest\SensorRestController.java. Using fallback presentation compiler.
2026.04.10 09:07:17 INFO  no build target found for C:\Users\carol\Desktop\PROYETOS\PROYECTO_SENSORES_FABRICA\captura-de-datos-de-sensor-de-BME280-con-ESP32-y-base-de-postgress\aplicacionJava\sensores\src\main\java\com\example\sensores\controller\rest\SensorRestController.java. Using fallback presentation compiler.
2026.04.10 09:07:18 INFO  no build target found for C:\Users\carol\Desktop\PROYETOS\PROYECTO_SENSORES_FABRICA\captura-de-datos-de-sensor-de-BME280-con-ESP32-y-base-de-postgress\aplicacionJava\sensores\src\main\java\com\example\sensores\controller\rest\SensorRestController.java. Using fallback presentation compiler.
abr 10, 2026 9:07:18 A. M. org.eclipse.lsp4j.jsonrpc.RemoteEndpoint handleCancellation
WARNING: Unmatched cancel notification for request id 13
abr 10, 2026 9:07:18 A. M. org.eclipse.lsp4j.jsonrpc.RemoteEndpoint handleCancellation
WARNING: Unmatched cancel notification for request id 14
abr 10, 2026 9:07:18 A. M. org.eclipse.lsp4j.jsonrpc.RemoteEndpoint handleCancellation
WARNING: Unmatched cancel notification for request id 15
2026.04.10 09:07:18 INFO  no build target found for C:\Users\carol\Desktop\PROYETOS\PROYECTO_SENSORES_FABRICA\captura-de-datos-de-sensor-de-BME280-con-ESP32-y-base-de-postgress\aplicacionJava\sensores\src\main\java\com\example\sensores\controller\rest\SensorRestController.java. Using fallback presentation compiler.
2026.04.10 09:07:18 INFO  no build target found for C:\Users\carol\Desktop\PROYETOS\PROYECTO_SENSORES_FABRICA\captura-de-datos-de-sensor-de-BME280-con-ESP32-y-base-de-postgress\aplicacionJava\sensores\src\main\java\com\example\sensores\controller\rest\SensorRestController.java. Using fallback presentation compiler.
2026.04.10 09:07:26 INFO  no build target found for C:\Users\carol\Desktop\PROYETOS\PROYECTO_SENSORES_FABRICA\captura-de-datos-de-sensor-de-BME280-con-ESP32-y-base-de-postgress\aplicacionJava\sensores\src\main\java\com\example\sensores\controller\rest\SensorRestController.java. Using fallback presentation compiler.
2026.04.10 09:07:47 INFO  no build target found for C:\Users\carol\Desktop\PROYETOS\PROYECTO_SENSORES_FABRICA\captura-de-datos-de-sensor-de-BME280-con-ESP32-y-base-de-postgress\aplicacionJava\sensores\src\main\java\com\example\sensores\controller\rest\SensorRestController.java. Using fallback presentation compiler.
2026.04.10 09:07:48 INFO  no build target found for C:\Users\carol\Desktop\PROYETOS\PROYECTO_SENSORES_FABRICA\captura-de-datos-de-sensor-de-BME280-con-ESP32-y-base-de-postgress\aplicacionJava\sensores\src\main\java\com\example\sensores\controller\rest\SensorRestController.java. Using fallback presentation compiler.
2026.04.10 09:11:52 WARN  no build target for: C:\Users\carol\Desktop\PROYETOS\PROYECTO_SENSORES_FABRICA\captura-de-datos-de-sensor-de-BME280-con-ESP32-y-base-de-postgress\aplicacionJava\sensores\src\main\java\com\example\sensores\controller\rest\SensorRestController.java
2026.04.10 09:11:52 INFO  no build target found for C:\Users\carol\Desktop\PROYETOS\PROYECTO_SENSORES_FABRICA\captura-de-datos-de-sensor-de-BME280-con-ESP32-y-base-de-postgress\aplicacionJava\sensores\src\main\java\com\example\sensores\controller\rest\SensorRestController.java. Using fallback presentation compiler.
2026.04.10 09:11:54 INFO  Shutting down server
2026.04.10 09:11:54 INFO  Memory monitor stopped
2026.04.10 09:11:54 INFO  shutting down Metals
2026.04.10 09:11:54 INFO  Exiting server
2026.04.10 09:11:54 ERROR Unexpected error initializing server: 
org.eclipse.lsp4j.jsonrpc.ResponseErrorException: Request window/showMessageRequest failed with message: Canceled
	at org.eclipse.lsp4j.jsonrpc.RemoteEndpoint.handleResponse(RemoteEndpoint.java:214)
	at org.eclipse.lsp4j.jsonrpc.RemoteEndpoint.consume(RemoteEndpoint.java:198)
	at org.eclipse.lsp4j.jsonrpc.json.StreamMessageProducer.handleMessage(StreamMessageProducer.java:189)
	at org.eclipse.lsp4j.jsonrpc.json.StreamMessageProducer.listen(StreamMessageProducer.java:97)
	at org.eclipse.lsp4j.jsonrpc.json.ConcurrentMessageProcessor.run(ConcurrentMessageProcessor.java:97)
	at java.util.concurrent.Executors$RunnableAdapter.call(Executors.java:572)
	at java.util.concurrent.FutureTask.run(FutureTask.java:317)
	at java.util.concurrent.ThreadPoolExecutor.runWorker(ThreadPoolExecutor.java:1144)
	at java.util.concurrent.ThreadPoolExecutor$Worker.run(ThreadPoolExecutor.java:642)
	at java.lang.Thread.run(Thread.java:1583)

2026.04.10 09:35:14 INFO  Started: Metals version 1.6.7 in folders 'C:\Users\carol\Desktop\PROYETOS\PROYECTO_SENSORES_FABRICA\captura-de-datos-de-sensor-de-BME280-con-ESP32-y-base-de-postgress\aplicacionJava\sensores' for client Visual Studio Code 1.115.0.
2026.04.10 09:35:14 INFO  Memory monitor started
2026.04.10 09:35:15 WARN  Using H2 2.4.240 which is newer than the version Flyway has been verified with. The latest verified version of H2 is 2.3.232.
2026.04.10 09:35:15 INFO  no build target found for C:\Users\carol\Desktop\PROYETOS\PROYECTO_SENSORES_FABRICA\captura-de-datos-de-sensor-de-BME280-con-ESP32-y-base-de-postgress\aplicacionJava\sensores\src\main\java\com\example\sensores\controller\rest\SensorRestController.java. Using fallback presentation compiler.
2026.04.10 09:35:16 INFO  no build target found for C:\Users\carol\Desktop\PROYETOS\PROYECTO_SENSORES_FABRICA\captura-de-datos-de-sensor-de-BME280-con-ESP32-y-base-de-postgress\aplicacionJava\sensores\src\main\java\com\example\sensores\controller\rest\SensorRestController.java. Using fallback presentation compiler.
2026.04.10 09:35:33 INFO  no build target found for C:\Users\carol\Desktop\PROYETOS\PROYECTO_SENSORES_FABRICA\captura-de-datos-de-sensor-de-BME280-con-ESP32-y-base-de-postgress\aplicacionJava\sensores\src\main\java\com\example\sensores\controller\rest\SensorRestController.java. Using fallback presentation compiler.
2026.04.10 09:37:32 INFO  no build target found for C:\Users\carol\Desktop\PROYETOS\PROYECTO_SENSORES_FABRICA\captura-de-datos-de-sensor-de-BME280-con-ESP32-y-base-de-postgress\aplicacionJava\sensores\src\main\java\com\example\sensores\controller\rest\SensorRestController.java. Using fallback presentation compiler.
2026.04.10 09:37:32 INFO  no build target found for C:\Users\carol\Desktop\PROYETOS\PROYECTO_SENSORES_FABRICA\captura-de-datos-de-sensor-de-BME280-con-ESP32-y-base-de-postgress\aplicacionJava\sensores\src\main\java\com\example\sensores\controller\rest\SensorRestController.java. Using fallback presentation compiler.
2026.04.10 09:37:32 INFO  no build target found for C:\Users\carol\Desktop\PROYETOS\PROYECTO_SENSORES_FABRICA\captura-de-datos-de-sensor-de-BME280-con-ESP32-y-base-de-postgress\aplicacionJava\sensores\src\main\java\com\example\sensores\controller\rest\SensorRestController.java. Using fallback presentation compiler.
2026.04.10 09:37:32 INFO  no build target found for C:\Users\carol\Desktop\PROYETOS\PROYECTO_SENSORES_FABRICA\captura-de-datos-de-sensor-de-BME280-con-ESP32-y-base-de-postgress\aplicacionJava\sensores\src\main\java\com\example\sensores\controller\rest\SensorRestController.java. Using fallback presentation compiler.
abr 10, 2026 9:37:32 A. M. org.eclipse.lsp4j.jsonrpc.RemoteEndpoint handleCancellation
WARNING: Unmatched cancel notification for request id 13
abr 10, 2026 9:37:33 A. M. org.eclipse.lsp4j.jsonrpc.RemoteEndpoint handleCancellation
WARNING: Unmatched cancel notification for request id 14
2026.04.10 09:37:33 INFO  no build target found for C:\Users\carol\Desktop\PROYETOS\PROYECTO_SENSORES_FABRICA\captura-de-datos-de-sensor-de-BME280-con-ESP32-y-base-de-postgress\aplicacionJava\sensores\src\main\java\com\example\sensores\controller\rest\SensorRestController.java. Using fallback presentation compiler.
2026.04.10 09:37:33 INFO  no build target found for C:\Users\carol\Desktop\PROYETOS\PROYECTO_SENSORES_FABRICA\captura-de-datos-de-sensor-de-BME280-con-ESP32-y-base-de-postgress\aplicacionJava\sensores\src\main\java\com\example\sensores\controller\rest\SensorRestController.java. Using fallback presentation compiler.
2026.04.10 09:37:35 INFO  no build target found for C:\Users\carol\Desktop\PROYETOS\PROYECTO_SENSORES_FABRICA\captura-de-datos-de-sensor-de-BME280-con-ESP32-y-base-de-postgress\aplicacionJava\sensores\src\main\java\com\example\sensores\controller\rest\SensorRestController.java. Using fallback presentation compiler.
2026.04.10 09:37:40 INFO  no build target found for C:\Users\carol\Desktop\PROYETOS\PROYECTO_SENSORES_FABRICA\captura-de-datos-de-sensor-de-BME280-con-ESP32-y-base-de-postgress\aplicacionJava\sensores\src\main\java\com\example\sensores\controller\rest\SensorRestController.java. Using fallback presentation compiler.
2026.04.10 09:37:40 INFO  no build target found for C:\Users\carol\Desktop\PROYETOS\PROYECTO_SENSORES_FABRICA\captura-de-datos-de-sensor-de-BME280-con-ESP32-y-base-de-postgress\aplicacionJava\sensores\src\main\java\com\example\sensores\controller\rest\SensorRestController.java. Using fallback presentation compiler.
2026.04.10 09:42:04 INFO  Shutting down server
2026.04.10 09:42:04 INFO  Memory monitor stopped
2026.04.10 09:42:04 INFO  shutting down Metals
2026.04.10 09:42:04 INFO  Exiting server
2026.04.10 09:42:04 ERROR Unexpected error initializing server: 
org.eclipse.lsp4j.jsonrpc.ResponseErrorException: Request window/showMessageRequest failed with message: Canceled
	at org.eclipse.lsp4j.jsonrpc.RemoteEndpoint.handleResponse(RemoteEndpoint.java:214)
	at org.eclipse.lsp4j.jsonrpc.RemoteEndpoint.consume(RemoteEndpoint.java:198)
	at org.eclipse.lsp4j.jsonrpc.json.StreamMessageProducer.handleMessage(StreamMessageProducer.java:189)
	at org.eclipse.lsp4j.jsonrpc.json.StreamMessageProducer.listen(StreamMessageProducer.java:97)
	at org.eclipse.lsp4j.jsonrpc.json.ConcurrentMessageProcessor.run(ConcurrentMessageProcessor.java:97)
	at java.util.concurrent.Executors$RunnableAdapter.call(Executors.java:572)
	at java.util.concurrent.FutureTask.run(FutureTask.java:317)
	at java.util.concurrent.ThreadPoolExecutor.runWorker(ThreadPoolExecutor.java:1144)
	at java.util.concurrent.ThreadPoolExecutor$Worker.run(ThreadPoolExecutor.java:642)
	at java.lang.Thread.run(Thread.java:1583)

